{
  "name": "DoubleNegative",
  "description": "Doubletags and NegativeTags",
  "author": "pifreak",
  "dateCreated": "2025-09-27T05:46:12.6691000Z",
  "must": [
    {"type": "SmallBlindTag", "value": "DoubleTag", "antes": [1]},
    {"type": "BigBlindTag", "value": "DoubleTag", "antes": [1]},

    {"type": "Tag", "values": ["DoubleTag", "NegativeTag"], "antes": [2]},
    {"type": "Tag", "values": ["DoubleTag", "NegativeTag"], "antes": [3]},
    {"type": "Tag", "values": ["DoubleTag", "NegativeTag"], "antes": [4]},
    {"type": "Tag", "values": ["DoubleTag", "NegativeTag"], "antes": [5]},
    {"type": "Tag", "values": ["DoubleTag", "NegativeTag"], "antes": [6]},
    {"type": "Tag", "values": ["DoubleTag", "NegativeTag"], "antes": [7]},
    {"type": "Tag", "values": ["DoubleTag", "NegativeTag"], "antes": [8]},
    {"type": "Tag", "values": ["DoubleTag", "NegativeTag"], "antes": [9]},
    {"type": "Tag", "values": ["DoubleTag", "NegativeTag"], "antes": [10]}
    
  ],
  "should": [
      {"score": 90, "type": "SmallBlindTag", "value": "DoubleTag", "antes": [1,2,3,4,5,6,7,8,9,10]},
      {"score": 100, "type": "BigBlindTag", "value": "DoubleTag", "antes": [1,2,3,4,5,6,7,8,9,10]},

      {"score": 100, "type": "SmallBlindTag", "value": "NegativeTag", "antes": [1,2,3,4,5,6,7,8,9,10]},
      {"score": 90, "type": "BigBlindTag", "value": "NegativeTag", "antes": [1,2,3,4,5,6,7,8,9,10]},

      {"score": 110, "type": "Joker", "Value": "AnyRare", "Edition": "Negative", "Antes": [1,2,3,4,5,6,7,8,9,10]},
      {"score": 105, "type": "Joker", "Value": "AnyUncommon", "Edition": "Negative", "Antes": [1,2,3,4,5,6,7,8,9,10]},
      {"score": 100, "type": "Joker", "Value": "Any", "Edition": "Negative", "Antes": [1,2,3,4,5,6,7,8,9,10]},

      {"score": 105, "type": "SoulJoker", "Value": "Any", "Edition": "Negative", "Antes": [1,2,3,4,5,6,7,8,9,10]}
  ],

  "mustNot": [],
  "deck": "Ghost",
  "stake": "Black"
}