{
  "name": "67",
  "description": "antes 6 and ante 7 have negative tags.",
  "author": "pifreak",
  "dateCreated": "2025-09-27T05:46:12.6691000Z",
  "must": [
    {"type": "SmallBlindTag", "value": "NegativeTag", "antes": [6]},
    {"type": "SmallBlindTag", "value": "NegativeTag", "antes": [7]}
  ],
  "should": [
    {"Score": 1, "mode": "Max", "Type": "Or", "Clauses": [
      {"Type": "Joker", "value": "Blueprint", "shopSlots": [2,3,4,5,6], "antes": [6]},
      {"Type": "Joker", "value": "Blueprint", "shopSlots": [6,7,8,9,10], "antes": [6]}
    ]},
    {"Score": 1, "mode": "Max", "Type": "Or", "Clauses": [
      {"Type": "Joker", "value": "Brainstorm", "shopSlots": [2,3,4,5,6], "antes": [6]},
      {"Type": "Joker", "value": "Brainstorm", "shopSlots": [6,7,8,9,10], "antes": [6]}
    ]},
    {"Score": 1, "mode": "Max", "Type": "Or", "Clauses": [
      {"Type": "Joker", "value": "OopsAll6s", "shopSlots": [2,3,4,5,6], "antes": [6]},
      {"Type": "Joker", "value": "OopsAll6s", "shopSlots": [6,7,8,9,10], "antes": [6]}
    ]},
    {"Score": 1, "mode": "Max", "Type": "Or", "Clauses": [
      {"Type": "Joker", "value": "InvisibleJoker", "shopSlots": [2,3,4,5,6], "antes": [6]},
      {"Type": "Joker", "value": "InvisibleJoker", "shopSlots": [6,7,8,9,10], "antes": [6]}
    ]},

    {"type": "Or", "Mode": "Max", "Score": 100, "clauses": [
      {"Score": 1, "mode": "Max", "Type": "Or", "Clauses": [
        {"Type": "Joker", "value": "Blueprint", "shopSlots": [2,3,4,5,6], "antes": [6]},
        {"Type": "Joker", "value": "Blueprint", "shopSlots": [6,7,8,9,10], "antes": [6]}
      ]},
      {"Score": 1, "mode": "Max", "Type": "Or", "Clauses": [
        {"Type": "Joker", "value": "Brainstorm", "shopSlots": [2,3,4,5,6], "antes": [6]},
        {"Type": "Joker", "value": "Brainstorm", "shopSlots": [6,7,8,9,10], "antes": [6]}
      ]},
      {"Score": 1, "mode": "Max", "Type": "Or", "Clauses": [
        {"Type": "Joker", "value": "OopsAll6s", "shopSlots": [2,3,4,5,6], "antes": [6]},
        {"Type": "Joker", "value": "OopsAll6s", "shopSlots": [6,7,8,9,10], "antes": [6]}
      ]},
      {"Score": 1, "mode": "Max", "Type": "Or", "Clauses": [
        {"Type": "Joker", "value": "InvisibleJoker", "shopSlots": [2,3,4,5,6], "antes": [6]},
        {"Type": "Joker", "value": "InvisibleJoker", "shopSlots": [6,7,8,9,10], "antes": [6]}
      ]}
    ]},




     {"Score": 1, "mode": "Max", "Type": "Or", "Clauses": [
      {"Type": "Joker", "value": "Blueprint", "shopSlots": [2,3,4,5,6], "antes": [6]},
      {"Type": "Joker", "value": "Blueprint", "shopSlots": [6,7,8,9,10], "antes": [6]}
    ]},
    {"Score": 1, "mode": "Max", "Type": "Or", "Clauses": [
      {"Type": "Joker", "value": "Brainstorm", "shopSlots": [2,3,4,5,6], "antes": [6]},
      {"Type": "Joker", "value": "Brainstorm", "shopSlots": [6,7,8,9,10], "antes": [6]}
    ]},
    {"Score": 1, "mode": "Max", "Type": "Or", "Clauses": [
      {"Type": "Joker", "value": "OopsAll6s", "shopSlots": [2,3,4,5,6], "antes": [6]},
      {"Type": "Joker", "value": "OopsAll6s", "shopSlots": [6,7,8,9,10], "antes": [6]}
    ]},
    {"Score": 1, "mode": "Max", "Type": "Or", "Clauses": [
      {"Type": "Joker", "value": "InvisibleJoker", "shopSlots": [2,3,4,5,6], "antes": [6]},
      {"Type": "Joker", "value": "InvisibleJoker", "shopSlots": [6,7,8,9,10], "antes": [6]}
    ]},

    {"type": "Or", "Mode": "Max", "Score": 100, "clauses": [
      {"Score": 1, "mode": "Max", "Type": "Or", "Clauses": [
        {"Type": "Joker", "value": "Blueprint", "shopSlots": [2,3,4,5,6], "antes": [6]},
        {"Type": "Joker", "value": "Blueprint", "shopSlots": [6,7,8,9,10], "antes": [6]}
      ]},
      {"Score": 1, "mode": "Max", "Type": "Or", "Clauses": [
        {"Type": "Joker", "value": "Brainstorm", "shopSlots": [2,3,4,5,6], "antes": [6]},
        {"Type": "Joker", "value": "Brainstorm", "shopSlots": [6,7,8,9,10], "antes": [6]}
      ]},
      {"Score": 1, "mode": "Max", "Type": "Or", "Clauses": [
        {"Type": "Joker", "value": "OopsAll6s", "shopSlots": [2,3,4,5,6], "antes": [6]},
        {"Type": "Joker", "value": "OopsAll6s", "shopSlots": [6,7,8,9,10], "antes": [6]}
      ]},
      {"Score": 1, "mode": "Max", "Type": "Or", "Clauses": [
        {"Type": "Joker", "value": "InvisibleJoker", "shopSlots": [2,3,4,5,6], "antes": [6]},
        {"Type": "Joker", "value": "InvisibleJoker", "shopSlots": [6,7,8,9,10], "antes": [6]}
      ]}
    ]}
],

  "mustNot": [],
  "deck": "Ghost",
  "stake": "Black"
}