{
  "name": "ALEEB",
  "description": "Test filter for seed ALEEB - checking actual items from verified output",
  "author": "test",
  "should": [
    {
      "type": "SoulJoker",
      "value": "Perkeo",
      "antes": [1],
      "sources": {
        "packSlots": [1]
      }
    },
    {
      "type": "SoulJoker",
      "value": "Perkeo",
      "antes": [8],
      "sources": {
        "packSlots": [0,1,2,3]
      }
    },
    {
      "type": "SoulJoker",
      "value": "Canio",
      "antes": [8],
      "sources": {
        "packSlots": [0]
      }
    },
        {
      "type": "SoulJoker",
      "value": "Triboulet",
      "antes": [8],
      "sources": {
        "packSlots": [0]
      }
    },
    {
      "type": "SoulJoker",
      "value": "Chicot",
      "antes": [8],
      "sources": {
        "packSlots": [0]
      }
    },
    {
      "type": "SoulJoker",
      "value": "Yorick",
      "antes": [8],
      "sources": {
        "packSlots": [0]
      }
    },
    {
      "type": "Voucher",
      "value": "MagicTrick",
      "antes": [1]
    },
    {
      "type": "Voucher",
      "value": "Hieroglyph",
      "antes": [2]
    },
    {
      "type": "TarotCard", 
      "value": "TheFool",
      "antes": [3],
      "sources": {
        "shopSlots": [17]
      }
    }
  ],
  "must": [
  ],
  "deck": "Red",
  "stake": "White"
}