{
  "name": "Easy being Green",
  "description": "Great for the Green Deck.",
  "author": "pifreak",
  "dateCreated": "2025-10-30T05:46:12.6691000Z",
  "deck": "Ghost",
  "stake": "White",
  "must": [
    {"Type": "LEgen", "Values": ["Blueprint", "Brainstorm"], "Antes": [2], "shopSlots": [2,3]}
  ],
  "should": [
    {"Type": "SmallBlindTag", "Values": ["NegativeTag", "CouponTag"], "Antes": [2]},
    {"Type": "Joker", "Value": "Blueprint", "Antes": [2], "shopSlots": [0,1]},
    {"Type": "Joker", "Value": "Brainstorm", "Antes": [2], "shopSlots": [0,1]},

    {"Type": "SoulJoker", "Edition": "Negative", "Value": "Perkeo", "Antes": [1], "packSlots": [1]},
    
    {"Type": "Joker", "Value": "Showman", "Antes": [1], "shopSlots": [0,1], "packSlots": [0,1]},
    {"Type": "TarotCard", "Value": "Temperance", "Antes": [1], "packSlots": [1], "requireMega":true},
    {"Type": "SpectralCard", "Value": "Ankh", "Antes": [1,2]},

    {"Type": "And", "Antes": [2], "Clauses": [
        {"Type": "smallBlindTag", "Value": "NegativeTag"},
        {"Type": "Or", "Mode": "Max", "Clauses": [
            {"Type": "Joker", "Values": ["Blueprint", "Brainstorm"], "Antes": [2], "shopSlots": [2,3]},
            {"Type": "Joker", "Values": ["Blueprint", "Brainstorm"], "Antes": [2], "shopSlots": [4,5]},
            {"Type": "Joker", "Values": ["Blueprint", "Brainstorm"], "Antes": [2], "shopSlots": [6,7]}
        ]}
    ]},

    {"Type": "And", "Antes": [2], "Clauses": [
        {"Type": "smallBlindTag", "Value": "NegativeTag"},
        {"Type": "Or", "Mode": "Max", "Clauses": [
            {"Type": "Joker", "Values": ["Blueprint", "Brainstorm"], "Antes": [2], "shopSlots": [2,3]},
            {"Type": "Joker", "Values": ["Blueprint", "Brainstorm"], "Antes": [2], "shopSlots": [4,5]},
            {"Type": "Joker", "Values": ["Blueprint", "Brainstorm"], "Antes": [2], "shopSlots": [6,7]}
        ]}
    ]},
    
    {"Type": "And", "Antes": [2], "Clauses": [
        {"Type": "smallBlindTag", "Value": "NegativeTag"},
        {"Type": "Or", "Mode": "Max", "Clauses": [
            {"Type": "Joker", "Values": ["Blueprint", "Brainstorm"], "Antes": [2], "shopSlots": [2,3]},
            {"Type": "Joker", "Values": ["Blueprint", "Brainstorm"], "Antes": [2], "shopSlots": [4,5]},
            {"Type": "Joker", "Values": ["Blueprint", "Brainstorm"], "Antes": [2], "shopSlots": [6,7]}
        ]}
    ]},

        {"Type": "And", "Antes": [2], "Clauses": [
        {"Type": "smallBlindTag", "Value": "NegativeTag"},
        {"Type": "Or", "Mode": "Max", "Clauses": [
            {"Type": "Joker", "Values": ["Blueprint", "Brainstorm"], "Antes": [2], "shopSlots": [2,3]},
            {"Type": "Joker", "Values": ["Blueprint", "Brainstorm"], "Antes": [2], "shopSlots": [4,5]},
            {"Type": "Joker", "Values": ["Blueprint", "Brainstorm"], "Antes": [2], "shopSlots": [6,7]}
        ]}
    ]},

        {"Type": "And", "Antes": [2], "Clauses": [
        {"Type": "smallBlindTag", "Value": "NegativeTag"},
        {"Type": "Or", "Mode": "Max", "Clauses": [
            {"Type": "Joker", "Values": ["Blueprint", "Brainstorm"], "Antes": [2], "shopSlots": [2,3]},
            {"Type": "Joker", "Values": ["Blueprint", "Brainstorm"], "Antes": [2], "shopSlots": [4,5]},
            {"Type": "Joker", "Values": ["Blueprint", "Brainstorm"], "Antes": [2], "shopSlots": [6,7]}
        ]}
    ]},

        {"Type": "And", "Antes": [2], "Clauses": [
        {"Type": "smallBlindTag", "Value": "NegativeTag"},
        {"Type": "Or", "Mode": "Max", "Clauses": [
            {"Type": "Joker", "Values": ["Blueprint", "Brainstorm"], "Antes": [2], "shopSlots": [2,3]},
            {"Type": "Joker", "Values": ["Blueprint", "Brainstorm"], "Antes": [2], "shopSlots": [4,5]},
            {"Type": "Joker", "Values": ["Blueprint", "Brainstorm"], "Antes": [2], "shopSlots": [6,7]}
        ]}
    ]},

    {"Type": "And", "Antes": [8], "Clauses": [
        {"Type": "smallBlindTag", "Value": "NegativeTag"},
        {"Type": "Or", "Mode": "Max", "Clauses": [
            {"Type": "Joker", "Values": ["Blueprint", "Brainstorm"], "Antes": [8], "shopSlots": [2,3]},
            {"Type": "Joker", "Values": ["Blueprint", "Brainstorm"], "Antes": [8], "shopSlots": [4,5]},
            {"Type": "Joker", "Values": ["Blueprint", "Brainstorm"], "Antes": [8], "shopSlots": [6,7]}
        ]}
    ]}
  ],
  "mustNot": []
}