{
  "name": "Speccccccctrals",
  "description": "Spectral Cards.",
  "author": "pifreak",
  "dateCreated": "2025-11-12T10:03:51.5874702Z",
  "deck": "Anaglyph",
  "stake": "White",
  "must": [
    { "Type": "StandardCard", "Enhancement": "Lucky", "Antes": [1], "packSlots": [1] },
    { "type": "Joker", "Value": "LuckyCat", "Antes": [1], "packSlots": [0] },
    { "Type": "SmallBlindTag", "Value": "CouponTag", "Antes": [1] },
    { "Type": "SmallBlindTag", "Value": "NegativeTag", "Antes": [4] }
  ],

  "should": [
    { "Type": "StandardCard", "Rank": "King", "Enhancement": "Lucky", "Seal": "Red" },
    { "Type": "StandardCard", "Rank": "Queen", "Enhancement": "Lucky", "Seal": "Red" },
    { "Type": "StandardCard", "Rank": "Jack", "Enhancement": "Lucky", "Seal": "Red" },
    { "Type": "StandardCard", "Enhancement": "Lucky", "Seal": "Red" },
    { "Type": "StandardCard", "Enhancement": "Lucky" },
    { "score": 80, "Type": "Joker", "Value": "LuckyCat", "Antes": [4], "shopSlots": [2, 3, 4, 5, 6] },
    { "score": 100, "Type": "Joker", "Value": "Blueprint", "Antes": [4], "shopSlots": [2, 3, 4, 5, 6] },
    { "score": 100, "Type": "Joker", "Value": "Brainstorm", "Antes": [4], "shopSlots": [2, 3, 4, 5, 6] },
    { "score": 98, "Type": "Joker", "Value": "InvisibleJoker", "Antes": [4], "shopSlots": [2, 3, 4, 5, 6] },
    { "score": 40, "Type": "Joker", "Value": "OopsAll6s", "Antes": [4], "shopSlots": [2, 3, 4, 5, 6] },
    { "score": 2, "Type": "Joker", "Value": "HangingChad", "Antes": [4], "shopSlots": [2, 3, 4, 5, 6] },
    { "score": 3, "Type": "Joker", "Value": "SockAndBuskin", "Antes": [4], "shopSlots": [2, 3, 4, 5, 6] },

    { "score": 80, "Type": "Joker", "Value": "LuckyCat", "Antes": [5], "shopSlots": [0, 1] },
    { "score": 100, "Type": "Joker", "Value": "Blueprint", "Antes": [5], "shopSlots": [0, 1] },
    { "score": 100, "Type": "Joker", "Value": "Brainstorm", "Antes": [5], "shopSlots": [0, 1] },
    { "score": 98, "Type": "Joker", "Value": "InvisibleJoker", "Antes": [5], "shopSlots": [0, 1] },
    { "score": 40, "Type": "Joker", "Value": "OopsAll6s", "Antes": [5], "shopSlots": [0, 1] },
    { "score": 2, "Type": "Joker", "Value": "HangingChad", "Antes": [5], "shopSlots": [0, 1] },
    { "score": 3, "Type": "Joker", "Value": "SockAndBuskin", "Antes": [5], "shopSlots": [0, 1] }
  ],
  "mustNot": []
}
