{
    "name": "Find adis seed",
    "description": "help find adis seed!",
    "author": "adisypher",
    "must": [
        {
            "type": "SoulJoker",
            "Value": "Yorick",
            "antes": [
                3,4
            ]
        },
        {
            "type": "SoulJoker",
            "Value": "Triboulet",
            "antes": [
                
                3,4
            ]
        },
        {
            "type": "Joker",
            "value": "Blueprint",
            "antes": [
                2,
                3
            ]
        },
        {
            "type": "Joker",
            "value": "BusinessCard",
            "antes": [
                1,
                2
            ]
        },
        {
            "type": "Joker",
            "value": "Seltzer",
            "antes": [
                1,
                2,
                3
            ]
        }
    ],
    "should": [
        {
            "type": "Joker",
            "value": "Blueprint",
            "antes": [
                3
            ]
        }
    ],
    "mustNot": [],
    "deck": "Ghost",
    "stake": "White"
}