{
  "name": "SuperPerkeoObservatory",
  "description": "Find Perkeo Observatory with negative Copy Jokers",
  "author": "pifreak",
  "dateCreated": "2025-10-02T00:00:00.0000000Z",
  "must": [
    {
      "type": "SoulJoker",
      "value": "Perkeo",
      "antes": [1],
      "sources": {
        "packSlots": [1] 
      }
    }
    ],
  "should": [
    {
      "score": 100,
      "type": "SoulJoker",
      "value": "Any",
      "edition": "Negative",
      "antes": [1,2,3,4,5,6,7,8,9,10,11,12,13,14,15,16],
      "sources": {
        "packSlots": [0,1,2,3,4]  
      }
    },
    {
      "score": 100,
      "type": "Joker",
      "value": "Blueprint",
      "edition": "Negative",
      "antes": [1,2,3,4,5,6,7,8,9,10,11,12,13,14,15,16,17,18,19,20],
      "sources": {
        "packSlots": [0,1,2,3,4,5]  
      }
    },
    {
      "score": 1,
      "type": "Joker",
      "values": ["Blueprint", "Brainstorm"],
      "antes": [1,2,3,4,5,6,7,8]
    }
    ,{"score": 98,"type": "And","clauses": [{"type": "SmallBlindTag", "value": "NegativeTag", "antes": [2]},{"score": 100, "type": "Joker",  "Edition": "None", "values": ["Blueprint", "Brainstorm", "InvisibleJoker"], "antes": [2], "sources":{ "minShopSlot": 2, "maxShopSlot": 10}}]}
    ,{"score": 98,"type": "And","clauses": [{"type": "SmallBlindTag", "value": "NegativeTag", "antes": [3]},{"score": 100, "type": "Joker",  "Edition": "None", "values": ["Blueprint", "Brainstorm", "InvisibleJoker"], "antes": [3], "sources":{ "minShopSlot": 2, "maxShopSlot": 10}}]}
    ,{"score": 98,"type": "And","clauses": [{"type": "SmallBlindTag", "value": "NegativeTag", "antes": [4]},{"score": 100, "type": "Joker",  "Edition": "None", "values": ["Blueprint", "Brainstorm", "InvisibleJoker"], "antes": [4], "sources":{ "minShopSlot": 2, "maxShopSlot": 10}}]}
    ,{"score": 98,"type": "And","clauses": [{"type": "SmallBlindTag", "value": "NegativeTag", "antes": [5]},{"score": 100, "type": "Joker",  "Edition": "None", "values": ["Blueprint", "Brainstorm", "InvisibleJoker"], "antes": [5], "sources":{ "minShopSlot": 2, "maxShopSlot": 10}}]}
    ,{"score": 98,"type": "And","clauses": [{"type": "SmallBlindTag", "value": "NegativeTag", "antes": [6]},{"score": 100, "type": "Joker",  "Edition": "None", "values": ["Blueprint", "Brainstorm", "InvisibleJoker"], "antes": [6], "sources":{ "minShopSlot": 2, "maxShopSlot": 10}}]}
    ,{"score": 98,"type": "And","clauses": [{"type": "SmallBlindTag", "value": "NegativeTag", "antes": [7]},{"score": 100, "type": "Joker",  "Edition": "None", "values": ["Blueprint", "Brainstorm", "InvisibleJoker"], "antes": [7], "sources":{ "minShopSlot": 2, "maxShopSlot": 10}}]}
    ,{"score": 98,"type": "And","clauses": [{"type": "SmallBlindTag", "value": "NegativeTag", "antes": [8]},{"score": 100, "type": "Joker",  "Edition": "None", "values": ["Blueprint", "Brainstorm", "InvisibleJoker"], "antes": [8], "sources":{ "minShopSlot": 2, "maxShopSlot": 10}}]}

    ,{"score": 99,"type": "Joker", "Edition": "Negative", "values": ["Blueprint", "Brainstorm", "InvisibleJoker"], "antes": [1],"sources": {"minShopSlot": 0, "maxShopSlot": 4}}
    ,{"score": 99,"type": "Joker", "Edition": "Negative", "values": ["Blueprint", "Brainstorm", "InvisibleJoker"], "antes": [2], "sources": {"minShopSlot": 0, "maxShopSlot": 10}}
    ,{"score": 99,"type": "Joker", "Edition": "Negative", "values": ["Blueprint", "Brainstorm", "InvisibleJoker"], "antes": [3], "sources": {"minShopSlot": 0, "maxShopSlot": 25}}
    ,{"score": 99,"type": "Joker", "Edition": "Negative", "values": ["Blueprint", "Brainstorm", "InvisibleJoker"], "antes": [4], "sources": {"minShopSlot": 0, "maxShopSlot": 45}}
    ,{"score": 99,"type": "Joker", "Edition": "Negative", "values": ["Blueprint", "Brainstorm", "InvisibleJoker"], "antes": [5], "sources": {"minShopSlot": 0, "maxShopSlot": 75}}
    ,{"score": 99,"type": "Joker", "Edition": "Negative", "values": ["Blueprint", "Brainstorm", "InvisibleJoker"], "antes": [6], "sources": {"minShopSlot": 0, "maxShopSlot": 100}}
    ,{"score": 99,"type": "Joker", "Edition": "Negative", "values": ["Blueprint", "Brainstorm", "InvisibleJoker"], "antes": [7], "sources": {"minShopSlot": 0, "maxShopSlot": 150}}
    ,{"score": 99,"type": "Joker", "Edition": "Negative", "values": ["Blueprint", "Brainstorm"], "antes": [8], "sources": {"minShopSlot": 0, "maxShopSlot": 200}}
    ,{"score": 99,"type": "Joker", "Edition": "Negative", "values": ["Blueprint", "Brainstorm"], "antes": [9], "sources": {"minShopSlot": 0, "maxShopSlot": 300}}
    ,{"score": 99,"type": "Joker", "Edition": "Negative", "values": ["Blueprint", "Brainstorm"], "antes": [10], "sources": {"minShopSlot": 0, "maxShopSlot": 500}}
    ,{"score": 99,"type": "Joker", "Edition": "Negative", "values": ["Blueprint", "Brainstorm"], "antes": [11], "sources": {"minShopSlot": 0, "maxShopSlot": 1000}}
  ],
  "mustNot": [],
  "deck": "Plasma",
  "stake": "White"
}
