{
  "name": "ancientjoker funtime",
  "description": "yeet yeah baby yeah",
  "author": "pifreak",
  "must": [
    {
      "type": "joker",
      "value": "AncientJoker",
      "antes": [
        1
      ],
      "sources": {
        "packSlots": [
          0
        ]
      }
    },
    {
      "type": "joker",
      "value": "Blueprint",
      "antes": [
        1,
        2,
        3,
        4,
        5,
        6,
        7,
        8
      ],
      "sources": {
        "shopSlots": [
          0,
          1,
          2,
          3
        ],
        "packSlots": [
          0,
          1,
          2,
          3
        ]
      }
    }
  ],
  "should": [
    {
      "type": "joker",
      "value": "DNA",
      "antes": [
        1,
        2,
        3,
        4,
        5,
        6,
        7,
        8
      ],
      "sources": {
        "shopSlots": [
          0,
          1,
          2,
          3
        ],
        "packSlots": [
          0,
          1,
          2,
          3
        ]
      },
      "score": 1
    }
  ],
  "mustNot": [],
  "deck": "Red",
  "stake": "White"
}