{
  "name": "AncientLeg",
  "description": "can i get perkeo chicot and  ancient joker?",
  "author": "LostSandwich[Hate Violet Vessel]",
  "dateCreated": "2025-08-24T05:46:12.6691000Z",
  "deck": "ghost",
  "stake": "Black",
  "must": [
    {
      "type": "souljoker",
      "value": "Perkeo",
      "antes": [1,2,3,4]
    },
        {
      "type": "souljoker",
      "value": "Chicot",
      "antes": [2]
    },
    {
      "type": "joker",
      "value": "ancientJoker",
      "antes": [1,2],
      "sources": {
        "packSlots": [0,1,2,3]
      }
    }
  ],
  "should": [
     {
      "type": "souljoker",
      "value": "Perkeo",
      "antes": [1,2,3,4],
      "score": 2
    },
        {
      "type": "souljoker",
      "value": "Chicot",
      "antes": [1,2,3],
      "score": 2
    },
    {
      "type": "joker",
      "value": "ancientJoker",
      "antes": [1,2,3],
      "score": 2
    },
{
      "type": "souljoker",
      "value": "Perkeo",
      "edition": "Negative",
      "antes": [1,2,3],
      "score": 3
    },
        {
      "type": "souljoker",
      "value": "Chicot",
      "edition": "Negative",
      "antes": [1,2,3],
      "score": 3
    },
    {
      "type": "joker",
      "value": "ancientJoker",
      "edition": "Negative",
      "antes": [1,2,3],
      "score": 3
    },
        {
      "type": "joker",
      "value": "anyuncommon",
      "edition": "Negative",
      "antes": [1,2,3,4,5,6,7,8],
      "score": 1
    },
    {
      "type": "joker",
      "value": "anyrare",
      "edition": "Negative",
      "antes": [1,2,3,4,5,6,7,8],
      "score": 1
    },
    {
      "type": "joker",
      "value": "any",
      "edition": "Negative",
      "antes": [1,2,3,4,5,6,7,8],
      "score": 1
    },
    {
      "type": "souljoker",
      "value": "any",
      "edition": "Negative",
      "antes": [1,2,3,4,5,6,7,8],
      "score": 2
    }
  ],
  "mustNot": []
}