{
  "name": "AnkhOnly",
  "description": "Just Ankh anywhere",
  "author": "test",
  "must": [
    {
      "type": "SpectralCard",
      "value": "Ankh",
      "antes": [1],
      "sources": {
        "shopSlots": [0, 1, 2, 3]
      }
    }
  ],
  "should": [
    {
      "type": "SpectralCard",
      "value": "Ankh",
      "antes": [1],
      "sources": {
        "minShopSlots": 0,
        "maxShopSlots": 100
      }
    },
    {
      "type": "SpectralCard",
      "value": "Ankh",
      "antes": [1],
      "sources": {
        "packSlots": [0, 1, 2, 3]
      }
    }
  ],
  "mustNot": [],
  "deck": "Ghost",
  "stake": "White"
}
