{
  "name": "Speccccccctrals",
  "description": "Spectral Cards.",
  "author": "pifreak",
  "dateCreated": "2025-11-12T10:03:51.5874702Z",
  "deck": "anaglyph",
  "stake": "white",
  "must": [
    { "type": "SmallBlindTag", "antes": [13], "Value": "negativetag" },
    {
      "min": 10,
      "type": "Joker",
      "Value": "anyrare",
      "antes": [13],
      "shopSlots": [0, 1, 2, 3, 4, 5, 6, 7, 8, 9, 10, 11, 12, 13, 14, 15, 16, 17, 18, 19, 20]
    }
  ],
  "should": [
    {
      "score": 100,
      "type": "Tag",
      "antes": [1, 2, 3, 4, 5, 6, 7, 8],
      "Value": "CouponTag"
    },
    { "Antes": [1, 2, 3, 4, 5, 6], "score": 1000, "type": "SoulJoker", "value": "Perkeo", "Edition": "Negative" },
    { "Antes": [1, 2, 3, 4, 5, 6], "score": 100, "type": "SoulJoker", "value": "Any", "Edition": "Negative" },
    { "Antes": [1, 2, 3, 4, 5, 6], "score": 100, "type": "SoulJoker", "value": "Perkeo" },

    {
      "Antes": [1, 2, 3, 4, 5, 6],
      "shopSlots": [0, 1],
      "packSlots": [0, 1],
      "score": 100,
      "type": "joker",
      "value": "AnyRare",
      "Edition": "Negative"
    },
    {
      "Antes": [1, 2, 3, 4, 5, 6],
      "shopSlots": [0, 1],
      "packSlots": [0, 1],
      "score": 10,
      "type": "joker",
      "value": "AnyUncommon",
      "Edition": "Negative"
    },
    {
      "Antes": [1, 2, 3, 4, 5, 6],
      "shopSlots": [0, 1],
      "packSlots": [0, 1],
      "score": 1,
      "type": "joker",
      "value": "AnyCommon",
      "Edition": "Negative"
    }
  ],
  "mustNot": []
}
