{
  "name": "Bubbles",
  "description": "Bubbles. Haha.  GEt it cuz... yeah.",
  "author": "pifreak", 
  "dateCreated": "2025-10-13T00:00:00.000Z",
  "deck": "Green",
  "stake": "White",
  "must": [
    {"type": "Joker", "Value": "OopsAll6s", "antes": [1], "sources": {"packSlots": [0]}},
    {"type": "Or", "Clauses": [
      {"type": "And", "Clauses": [
        {"type": "Joker", "Value": "OopsAll6s", "antes": [1], "sources": {"packSlots": [1]}},
        {"type": "Joker", "Value": "Showman", "antes": [1], "sources": {"shopSlots": [0,1]}}
      ]},
      {"type": "SpectralCard", "Value": "Ankh", "antes": [1], "sources": {"packSlots": [1]}}
    ]}
  ],
  "should": [

        {"type": "And", "Clauses": [
      {"type": "SmallBlindTag", "Value": "NegativeTag", "antes": [2]},
      {"type": "Joker", "Values": ["OopsAll6s", "Burglar", "Blueprint", "Brainstorm"], "antes": [2], "sources": {"shopSlots": [2,3,4]}}
    ]},

    {"type": "And", "Clauses": [
      {"type": "SmallBlindTag", "Value": "NegativeTag", "antes": [3]},
      {"type": "Joker", "Values": ["OopsAll6s", "Burglar", "Blueprint", "Brainstorm"], "antes": [3], "sources": {"shopSlots": [2,3,4]}}
    ]},


    {"type": "And", "Clauses": [
      {"type": "SmallBlindTag", "Value": "NegativeTag", "antes": [4]},
      {"type": "Joker", "Values": ["OopsAll6s", "Burglar", "Blueprint", "Brainstorm"], "antes": [4], "sources": {"shopSlots": [2,3,4,5,6]}}
    ]},

        {"type": "And", "Clauses": [
      {"type": "SmallBlindTag", "Value": "NegativeTag", "antes": [5]},
      {"type": "Joker", "Values": ["OopsAll6s", "Burglar", "Blueprint", "Brainstorm"], "antes": [5], "sources": {"shopSlots": [2,3,4,5,6,7,8,9]}}
    ]},

        {"type": "And", "Clauses": [
      {"type": "SmallBlindTag", "Value": "NegativeTag", "antes": [6]},
      {"type": "Joker", "Values": ["OopsAll6s", "Burglar", "Blueprint", "Brainstorm"], "antes": [6], "sources": {"shopSlots": [2,3,4,5,6,7,8,9]}}
    ]},

        {"type": "And", "Clauses": [
      {"type": "SmallBlindTag", "Value": "NegativeTag", "antes": [7]},
      {"type": "Joker", "Values": ["OopsAll6s", "Burglar", "Blueprint", "Brainstorm"], "antes": [7], "sources": {"shopSlots": [2,3,4,5,6,7,8,9]}}
    ]},

        {"type": "And", "Clauses": [
      {"type": "SmallBlindTag", "Value": "NegativeTag", "antes": [8]},
      {"type": "Joker", "Values": ["OopsAll6s", "Burglar", "Blueprint", "Brainstorm"], "antes": [8], "sources": {"shopSlots": [2,3,4,5,6,7,8,9]}}
    ]}


    
  ],
  "mustNot": []
}