{
  "name": "Ante 2 Bull Bootstraps",
  "description": "ante 2 bull + bootstraps Ante 3+ large amount of Speed/Ecomony tags Ante 8 Cerulean Bell",
  "author": "Mr_Altcraft_Ash", 
  "dateCreated": "2025-09-05T00:00:00.000Z",
  "deck": "Red",
  "stake": "White",
  "must": [
        {
      "type": "boss",
      "value": "CeruleanBell",
      "antes": [8]
    },
    {
      "type": "Joker",
      "value": "Bootstraps",
      "antes": [2]
    },
    {
      "type": "Joker",
      "value": "Bull",
      "antes": [2]
    }
  ],
  "should": [
    {"score": 1, "type": "SmallBlindTag","value": "SpeedTag","antes":[3,4,5,6,7,8]},
    {"score": 1, "type": "SmallBlindTag","value": "EconomyTag","antes":[3,4,5,6,7,8]},

    {"score": 1, "type": "BigBlindTag","value": "SpeedTag","antes":[3,4,5,6,7,8]},
    {"score": 1, "type": "BigBlindTag","value": "EconomyTag","antes":[3,4,5,6,7,8]}
  ],
  "mustNot": []
}