{
  "name": "Ante Zero Perkeo",
  "description": "Find Negative Perkeo in Ante 0 or 1",
  "author": "pifreak",
  "dateCreated": "2025-09-27T05:46:12.6691000Z",
  "must": [
    {"type": "Voucher", "Value": "Hieroglyph", "antes": [1]},
    {"type": "SoulJoker", "Edition": "Negative", "value": "Perkeo", "antes": [0], "packSlots": [1,2,3]}
  ],
  "should": [
      
      {"score": 10, "type": "SoulJoker", "Edition": "Negative", "value": "Perkeo", "antes": [0]},
      {"score": 10, "type": "SoulJoker", "Edition": "Negative", "value": "Canio",  "antes": [0]},
      {"score": 10, "type": "SoulJoker", "Edition": "Negative", "value": "Chicot", "antes": [0]},
      {"score": 10, "type": "SoulJoker", "Edition": "Negative", "value": "Yorick", "antes": [0]},
      {"score": 10, "type": "SoulJoker", "Edition": "Negative", "value": "Triboulet", "antes": [0]},

      {"score": 10, "type": "SoulJoker", "Edition": "Negative", "value": "Perkeo", "antes": [1]},
      {"score": 10, "type": "SoulJoker", "Edition": "Negative", "value": "Canio",  "antes": [1]},
      {"score": 10, "type": "SoulJoker", "Edition": "Negative", "value": "Chicot", "antes": [1]},
      {"score": 10, "type": "SoulJoker", "Edition": "Negative", "value": "Yorick", "antes": [1]},
      {"score": 10, "type": "SoulJoker", "Edition": "Negative", "value": "Triboulet", "antes": [1]},

      {"score": 10, "type": "SoulJoker", "Edition": "Negative", "value": "Perkeo", "antes": [2]},
      {"score": 10, "type": "SoulJoker", "Edition": "Negative", "value": "Canio",  "antes": [2]},
      {"score": 10, "type": "SoulJoker", "Edition": "Negative", "value": "Chicot", "antes": [2]},
      {"score": 10, "type": "SoulJoker", "Edition": "Negative", "value": "Yorick", "antes": [2]},
      {"score": 10, "type": "SoulJoker", "Edition": "Negative", "value": "Triboulet", "antes": [2]},

      {"score": 10, "type": "SoulJoker", "Edition": "Negative", "value": "Perkeo", "antes": [3]},
      {"score": 10, "type": "SoulJoker", "Edition": "Negative", "value": "Canio",  "antes": [3]},
      {"score": 10, "type": "SoulJoker", "Edition": "Negative", "value": "Chicot", "antes": [3]},
      {"score": 10, "type": "SoulJoker", "Edition": "Negative", "value": "Yorick", "antes": [3]},
      {"score": 10, "type": "SoulJoker", "Edition": "Negative", "value": "Triboulet", "antes": [3]},

      {"score": 10, "type": "SoulJoker", "Edition": "Negative", "value": "Perkeo", "antes": [4]},
      {"score": 10, "type": "SoulJoker", "Edition": "Negative", "value": "Canio",  "antes": [4]},
      {"score": 10, "type": "SoulJoker", "Edition": "Negative", "value": "Chicot", "antes": [4]},
      {"score": 10, "type": "SoulJoker", "Edition": "Negative", "value": "Yorick", "antes": [4]},
      {"score": 10, "type": "SoulJoker", "Edition": "Negative", "value": "Triboulet", "antes": [4]},

            {"score": 10, "type": "SoulJoker", "Edition": "Negative", "value": "Perkeo", "antes": [5]},
      {"score": 10, "type": "SoulJoker", "Edition": "Negative", "value": "Canio",  "antes": [5]},
      {"score": 10, "type": "SoulJoker", "Edition": "Negative", "value": "Chicot", "antes": [5]},
      {"score": 10, "type": "SoulJoker", "Edition": "Negative", "value": "Yorick", "antes": [5]},
      {"score": 10, "type": "SoulJoker", "Edition": "Negative", "value": "Triboulet", "antes": [5]},


            {"score": 10, "type": "SoulJoker", "Edition": "Negative", "value": "Perkeo", "antes": [6]},
      {"score": 10, "type": "SoulJoker", "Edition": "Negative", "value": "Canio",  "antes": [6]},
      {"score": 10, "type": "SoulJoker", "Edition": "Negative", "value": "Chicot", "antes": [6]},
      {"score": 10, "type": "SoulJoker", "Edition": "Negative", "value": "Yorick", "antes": [6]},
      {"score": 10, "type": "SoulJoker", "Edition": "Negative", "value": "Triboulet", "antes": [6]},


            {"score": 10, "type": "SoulJoker", "Edition": "Negative", "value": "Perkeo", "antes": [7]},
      {"score": 10, "type": "SoulJoker", "Edition": "Negative", "value": "Canio",  "antes": [7]},
      {"score": 10, "type": "SoulJoker", "Edition": "Negative", "value": "Chicot", "antes": [7]},
      {"score": 10, "type": "SoulJoker", "Edition": "Negative", "value": "Yorick", "antes": [7]},
      {"score": 10, "type": "SoulJoker", "Edition": "Negative", "value": "Triboulet", "antes": [7]},


            {"score": 10, "type": "SoulJoker", "Edition": "Negative", "value": "Perkeo", "antes": [8]},
      {"score": 10, "type": "SoulJoker", "Edition": "Negative", "value": "Canio",  "antes": [8]},
      {"score": 10, "type": "SoulJoker", "Edition": "Negative", "value": "Chicot", "antes": [8]},
      {"score": 10, "type": "SoulJoker", "Edition": "Negative", "value": "Yorick", "antes": [8]},
      {"score": 10, "type": "SoulJoker", "Edition": "Negative", "value": "Triboulet", "antes": [8]},


            {"score": 10, "type": "SoulJoker", "Edition": "Negative", "value": "Perkeo", "antes": [9]},
      {"score": 10, "type": "SoulJoker", "Edition": "Negative", "value": "Canio",  "antes": [9]},
      {"score": 10, "type": "SoulJoker", "Edition": "Negative", "value": "Chicot", "antes": [9]},
      {"score": 10, "type": "SoulJoker", "Edition": "Negative", "value": "Yorick", "antes": [9]},
      {"score": 10, "type": "SoulJoker", "Edition": "Negative", "value": "Triboulet", "antes": [9]},


      {"score": 10, "type": "SoulJoker", "Edition": "Negative", "value": "Perkeo", "antes": [10]},
      {"score": 10, "type": "SoulJoker", "Edition": "Negative", "value": "Canio",  "antes": [10]},
      {"score": 10, "type": "SoulJoker", "Edition": "Negative", "value": "Chicot", "antes": [10]},
      {"score": 10, "type": "SoulJoker", "Edition": "Negative", "value": "Yorick", "antes": [10]},
      {"score": 10, "type": "SoulJoker", "Edition": "Negative", "value": "Triboulet", "antes": [10]},


      {"score": 1, "type": "Joker", "Edition": "Negative", "value": "Blueprint", "antes": [1,2,3,4,5,6,7,8,9,10]},
      {"score": 1, "type": "Joker", "Edition": "Negative", "value": "Brainstorm", "antes": [1,2,3,4,5,6,7,8,9,10]},
      {"score": 1, "type": "Joker", "Edition": "Negative", "value": "OopsAll6s", "antes": [1,2,3,4,5,6,7,8,9,10]},
      {"score": 1, "type": "Joker", "Edition": "Negative", "value": "AnyRare", "antes": [1,2,3,4,5,6,7,8,9,10]},
      {"score": 1, "type": "Joker", "Edition": "Negative", "value": "AnyUncommon", "antes": [1,2,3,4,5,6,7,8,9,10]},
      {"score": 1, "type": "Joker", "Edition": "Negative", "value": "Any", "antes": [1,2,3,4,5,6,7,8,9,10]}
],
  "mustNot": [],
  "deck": "Ghost",
  "stake": "Black"
}