{
  "name": "AnyNeg",
  "description": "fiond any negative",
  "author": "pifreak",
  "dateCreated": "2025-08-14T22:10:11.8254261Z",
  "must": [
    {
      "type": "souljoker",
      "value": "Perkeo",
      "edition": "negative",
      "antes": [
        1
      ]
    },
    {
      "type": "souljoker",
      "value": "any",
      "edition": "negative",
      "antes": [
        2
      ]
    }
  ],
  "should": [    {
      "type": "souljoker",
      "value": "Perkeo",
      "edition": "negative",
      "antes": [
        1
      ],
      "sources": {
        "packSlots": [2]
      }
    },
    {
      "type": "souljoker",
      "value": "any",
      "edition": "negative",
      "antes": [
        2
      ],
      "sources": {
        "packSlots": [5]
      }
    }
  ],
  "mustNot": [],
  "deck": "Red",
  "stake": "White"
}