{
  "name": "BPFreakz",
  "description": "Copy Jokers from CouponTag Ante 1",
  "author": "pifreak",
  "dateCreated": "2025-10-01T05:46:12.6691000Z",
  "must": [
    {"type": "Joker", "value": "Showman", "antes": [1], "packSlots": [0,1]},
],
  "should": [
    {"type": "Joker", "value": "Baron", "antes": [1,2,3,4,5,6,7]},
    {"type": "Joker", "value": "Mime", "antes": [1,2,3,4,5,6,7]},
    {"type": "Joker", "value": "Blueprint", "antes": [1,2,3,4,5,6,7]},
    {"type": "Joker", "value": "Brainstorm", "antes": [1,2,3,4,5,6,7]},
    {"type": "Joker", "edition": "Negative", "value": "Baron", "antes": [1,2,3,4,5,6,7]},
    {"type": "Joker", "edition": "Negative", "value": "Mime", "antes": [1,2,3,4,5,6,7]},
    {"type": "Joker", "edition": "Negative", "value": "Blueprint", "antes": [1,2,3,4,5,6,7]},
    {"type": "Joker", "edition": "Negative", "value": "Brainstorm", "antes": [1,2,3,4,5,6,7]}



  ],
  "mustNot": [],
  "deck": "Ghost",
  "stake": "Black"
}
