{
  "name": "BaldForBrains",
  "description": "perkeo,negative skip tag that hits blueprint, nat negative brainstorm",
  "author": "Speedblitz #1 photochad fan", 
  "dateCreated": "2025-11-05T00:00:00.000Z",
  "deck": "Plasma",
  "stake": "White",
  "must": [
    {"Type": "Joker", "Value": "Brainstorm", "Edition": "Negative", "Antes": [1,2,3,4,5,6,7,8]},
    {"type": "SoulJoker", "Value": "Perkeo", "Antes": [1,2,3,4,5,6,7,8]},
    {"Type": "SmallBlindTag", "Value": "NegativeTag", "Antes": [2,3,4,5,6,7,8]}
],
"should": [
    {"Score": 100, "type": "And", "Mode": "Max", "Antes": [2,3,4,5,6,7,8], "Clauses": [
      {"type": "smallBlindTag", "Value": "NegativeTag"},
      {"Score": 100, "type": "Joker", "Value": "Blueprint", "shopSlots": [2,4,6]}
    ]},
    {"Score": 100, "type": "And", "Mode": "Max", "Antes": [2,3,4,5,6,7,8], "Clauses": [
      {"type": "smallBlindTag", "Value": "NegativeTag"},
      {"Score": 100, "type": "Joker", "Value": "Brainstorm", "shopSlots": [2,4,6]}
    ]},
    {"Score": 100, "Edition": "Negative", "type": "Joker", "Value": "Blueprint"},
    {"Score": 100, "Edition": "Negative", "type": "Joker", "Value": "Brainstorm"}

  
  ],
  "mustNot": []
}
