{
  "name": "wat",
  "description": "anything lul",
  "author": "pifreak",
  "deck": "red",
  "stake": "white",
  "must": [
    {"type": "voucher", "value": "Hieroglyph", "antes": [1]},
    {"score": 1000, "type": "SoulJoker", "value": "Perkeo", "Edition": "Negative", "antes": [0]},
    {"score": 1000, "type": "SoulJoker", "value": "Canio", "Edition": "Negative", "antes": [1]}
      ,"sources": {"packSlots": [0]} 
    }
  ],
  "should": [
    
    {"score": 100, "type": "SoulJoker", "value": "Perkeo", "antes": [0,1]},
    {"score": 10, "type": "Joker", "edition": "negative", "value": "Blueprint", "antes": [0,1]},
    {"score": 1, "type": "Joker", "value": "Blueprint", "antes": [0,1]}
  ],
  "mustNot": []
}