{
  "name": "BleedingHearts",
  "description": "find a seed that has incredibly strong jokers like smeared aj few copy cards and a chicot and have most of them early and rental and see how much debt you can go in",
  "author": "skera.",
  "dateCreated": "2025-11-04T05:46:12.6691000Z",
  "must": [
    {"Type": "SoulJoker", "Value": "Chicot", "Antes": [1,2]},
    {"Type": "SoulJoker", "Value": "Triboulet", "Antes": [1,2]},
    {"type": "Joker", "Stickers": ["Rental"], "Values": ["CreditCard", "Photograph", "HangignChad", "Riff-Raff", "InvisibleJoker", "Blueprint", "Brainstorm"], "Antes": [1,2,3,4,5]},
    {"Type": "Joker", "Stickers": ["Rental"], "Value": "AncientJoker",  "Antes": [1,2,3,4,5]},
    {"Type": "Joker", "Stickers": ["Rental"], "Value": "SmearedJoker",  "Antes": [1,2,3,4,5]}
  ],
  "should": [
    {"Type": "Joker", "Value": "OopsAll6s",     "Antes": [2,3,4,5,6]},
    {"Type": "Joker", "Value": "Shortcut",      "Antes": [2,3,4,5,6]},
    {"Type": "Joker", "Value": "FourFingers",   "Antes": [2,3,4,5,6]},
    {"type": "Joker", "Value": "Blueprint",     "Antes": [2,3,4,5,6]},
    {"type": "Joker", "Value": "Brainstorm",    "Antes": [2,3,4,5,6]},
    {"type": "Joker", "Value": "Bloodstone",    "Antes": [2,3,4,5,6]},

    {"score": 20, "Type": "Joker", "Stickers": ["Rental"], "Value": "AncientJoker",  "Antes": [2,3,4,5,6,7,8]},
    {"score": 20, "Type": "Joker", "Stickers": ["Rental"], "Value": "OopsAll6s",     "Antes": [2,3,4,5,6,7,8]},
    {"score": 20, "Type": "Joker", "Stickers": ["Rental"], "Value": "Shortcut",      "Antes": [2,3,4,5,6,7,8]},
    {"score": 20, "Type": "Joker", "Stickers": ["Rental"], "Value": "FourFingers",   "Antes": [2,3,4,5,6,7,8]},
    {"score": 20, "type": "Joker", "Stickers": ["Rental"], "Value": "Blueprint",     "Antes": [2,3,4,5,6,7,8]},
    {"score": 20, "type": "Joker", "Stickers": ["Rental"], "Value": "Brainstorm",    "Antes": [2,3,4,5,6,7,8]},
    {"score": 20, "type": "Joker", "Stickers": ["Rental"], "Value": "Bloodstone",    "Antes": [2,3,4,5,6,7,8]},
    {"score": 20, "type": "Joker", "Stickers": ["Rental"], "Value": "CreditCard",    "Antes": [2,3,4,5,6,7,8]},

    {"Type": "Joker", "Value": "AncientJoker",  "Edition": "Negative", "Antes": [1,2,3,4,5,6,7,8]},
    {"Type": "Joker", "Value": "OopsAll6s",     "Edition": "Negative", "Antes": [1,2,3,4,5,6,7,8]},
    {"Type": "Joker", "Value": "Shortcut",      "Edition": "Negative", "Antes": [1,2,3,4,5,6,7,8]},
    {"Type": "Joker", "Value": "FourFingers",   "Edition": "Negative", "Antes": [1,2,3,4,5,6,7,8]},
    {"type": "Joker", "Value": "Blueprint",     "Edition": "Negative", "Antes": [1,2,3,4,5,6,7,8]},
    {"type": "Joker", "Value": "Brainstorm",    "Edition": "Negative", "Antes": [1,2,3,4,5,6,7,8]},
    {"type": "Joker", "Value": "Bloodstone",    "Edition": "Negative", "Antes": [1,2,3,4,5,6,7,8]},

    





    {"Type": "Joker", "Edition": "Negative", "Value": "OopsAll6s", "Antes": [1,2,3,4]},
    {"Type": "Joker", "Edition": "Negative", "Value": "Showman", "Antes": [1,2,3,4]},
    {"Type": "Joker", "Edition": "Negative", "Value": "Showman", "Antes": [1,2,3,4]},
    {"Type": "Joker", "Edition": "Negative", "Value": "Showman", "Antes": [1,2,3,4]}
  ],

  "mustNot": [],
  "deck": "Plasma",
  "stake": "Gold"
}
