{
  "name": "Bloodice",
  "description": "Blueprint/Bloodstone/Oops! All 6s with Negative Editions",
  "author": "SamuraiX7307_simper",
  "dateCreated": "2025-09-27T05:46:12.6691000Z",
  "must": [
    {
        "type": "SmallBlindTag",
        "values": ["EconomyTag", "CouponTag", "InvestmentTag", "DoubleTag"],
        "antes": [1]
    },
    {
        "type": "BigBlindTag",
        "values": ["EconomyTag", "CouponTag", "InvestmentTag", "SpeedTag"],
        "antes": [1]
    },
    {
        "type":"Joker",
        "values": ["OopsAll6s", "Bloodstone"],
        "edition": "Negative",
        "antes": [2],
        "sources": {
            "shopSlots": [0,1],
            "packSlots": [0,1],
            "requireMega": true
        }
    }
  ],
  "should": [
    {
        "type":"Joker",
        "edition": "Negative",
        "value": "Bloodstone",
        "score": 100
    },
    {
        "type":"Joker",
        "edition": "Negative",
        "value": "OopsAll6s",
        "score": 100
    },
    {
        "type":"Joker",
        "edition": "Negative",
        "values": ["Brainstorm", "Blueprint", "InvisibleJoker"],
        "score": 10
    },
        {
        "type":"Joker",
        "values": ["Brainstorm", "Blueprint"],
        "score": 1
    }
  ],
  "mustNot": [],
  "deck": "Ghost"
  "scoring": {
    "type": "sum"
  }
}