{
  "name": "NegativeSkipCopy",
  "description": "finds copy jokers after negativetags",
  "author": "pifreak",
  "dateCreated": "2025-08-24T05:46:12.6691000Z",
  "deck": "Plasma",
  "stake": "Black",
  "must": [
    { "type": "SmallBlindTag", "Value": "NegativeTag", "Antes": [2,3,4] },
    { "type": "SmallBlindTag", "Value": "NegativeTag", "Antes": [5,6] },
    { "type": "SmallBlindTag", "Value": "NegativeTag", "Antes": [7,8,9] },
    { "type": "SmallBlindTag", "Value": "NegativeTag", "Antes": [10,11] },
    {
      "type": "Joker",
      "value": "Showman",
      "antes": [1,2,3,4]
    }
  ],
  "should": [
    { "type": "SmallBlindTag", "Value": "NegativeTag", "Antes": [2], "score": 7 },
    { "type": "SmallBlindTag", "Value": "NegativeTag", "Antes": [3], "score": 7 },
    { "type": "SmallBlindTag", "Value": "NegativeTag", "Antes": [4], "score": 7 },
    { "type": "SmallBlindTag", "Value": "NegativeTag", "Antes": [5], "score": 7 },
    { "type": "SmallBlindTag", "Value": "NegativeTag", "Antes": [6], "score": 7 },
    { "type": "SmallBlindTag", "Value": "NegativeTag", "Antes": [7], "score": 7 },
    { "type": "SmallBlindTag", "Value": "NegativeTag", "Antes": [8], "score": 7 },
    { "type": "SmallBlindTag", "Value": "NegativeTag", "Antes": [9], "score": 7 },
    { "type": "SmallBlindTag", "Value": "NegativeTag", "Antes": [10], "score": 6 },
    { "type": "SmallBlindTag", "Value": "NegativeTag", "Antes": [11], "score": 6 },
    { "type": "Joker", "value": "Blueprint", "antes": [2], "shopSlots": [2,4,6,8,10], "score": 15 },
    { "type": "Joker", "value": "Blueprint", "antes": [3], "shopSlots": [2,4,6,8,10], "score": 15 },
    { "type": "Joker", "value": "Blueprint", "antes": [4], "shopSlots": [2,4,6,8,10,12,14], "score": 15 },
    { "type": "Joker", "value": "Blueprint", "antes": [5], "shopSlots": [2,4,6,8,10,12,14,16], "score": 15 },
    { "type": "Joker", "value": "Blueprint", "antes": [6], "shopSlots": [2,4,6,8,10,12,14,16,18,20,22,24], "score": 15 },
    { "type": "Joker", "value": "Blueprint", "antes": [7], "shopSlots": [2,4,6,8,10,12,14,16,18,20,22,24,26,28], "score": 15 },
    { "type": "Joker", "value": "Blueprint", "antes": [8], "shopSlots": [2,4,6,8,10,12,14,16,18,20,22,24,26,28,30], "score": 15 },
    { "type": "Joker", "value": "Blueprint", "antes": [9], "shopSlots": [2,4,6,8,10,12,14,16,18,20,22,24,26,28,30,32], "score": 15 },
    { "type": "Joker", "value": "Blueprint", "antes": [10], "shopSlots": [2,4,6,8,10,12,14,16,18,20,22,24,26,28,30,32,34,36], "score": 15 },
    { "type": "Joker", "value": "Blueprint", "antes": [11], "shopSlots": [2,4,6,8,10,12,14,16,18,20,22,24,26,28,30,32,34,36,38], "score": 15 },
    {
      "type": "Joker",
      "value": "Blueprint",
      "edition": "Negative",
      "antes": [1],
      "sources": {
        "shopSlots": [
          0,1,2,3
        ],
        "packSlots": [0,1,2,3]
      },
      "score": 17
    },
    {
      "type": "Joker",
      "value": "Blueprint",
      "edition": "Negative",
      "antes": [2,3,4,5,6],
      "sources": {
        "shopSlots": [
          0,1,2,3,4,5,6,7,8,9,10,11,12
        ],
        "packSlots": [0,1,2,3,4,5]
      }, "score": 16
    },
    {
      "type": "Joker",
      "value": "Blueprint",
      "edition": "Negative",
      "antes": [7,8,9,10,11],
      "sources": {
        "shopSlots": [
          0,1,2,3,4,5,6,7,8,9,10,11,12,13,14,15,16,17,18,19,20,21,22,23,24,25,26,27,28,29,30,31,32,33,34,35,36,37,38
        ],
        "packSlots": [0,1,2,3,4,5]
      }, "score": 16
    }
  ],
  "mustNot": []
}