{
  "name": "Bubbles",
  "description": "Bubbles. Haha.  GEt it cuz... yeah.",
  "author": "pifreak", 
  "dateCreated": "2025-10-13T00:00:00.000Z",
  "deck": "Ghost",
  "stake": "White",
  "must": [
    {"type": "Joker", "Value": "Blueprint", "Edition": "Negative", "packSlots": [0]}
  ],
  "should": [
    
    {"score": 100, "type": "Joker", "value": "Blueprint", "antes": [1,2,3,4,5,6,7,8], "edition": "Negative"},
    {"score": 1, "type": "Joker", "value": "Blueprint", "antes": [1,2,3,4,5,6,7,8]},

    {"score": 100, "type": "Joker", "value": "Brainstorm", "antes": [1,2,3,4,5,6,7,8], "edition": "Negative"},
    {"score": 1, "type": "Joker", "value": "Brainstorm", "antes": [1,2,3,4,5,6,7,8]},

    {"score": 100, "type": "Joker", "value": "InvisibleJoker", "antes": [1,2,3,4,5,6,7,8], "edition": "Negative"},
    {"score": 1, "type": "Joker", "value": "InvisibleJoker", "antes": [1,2,3,4,5,6,7,8]},

    {"score": 100, "type": "Joker", "value": "OopsAll6s", "antes": [1,2,3,4,5,6,7,8], "edition": "Negative"},
    {"score": 1, "type": "Joker", "value": "OopsAll6s", "antes": [1,2,3,4,5,6,7,8]},
    
    {"score": 10, "type": "And", "Clauses": [
        {"type": "SmallBlindTag", "Value": "NegativeTag", "antes": [2]},
        {"score": 10, "type": "Joker", "values": ["Blueprint", "Brainstorm", "InvisibleJoker", "OopsAll6s"], "antes": [2], "sources": {"shopSlots": [2,3,4]}}
    ]},

    {"score": 10, "type": "And", "Clauses": [
        {"type": "SmallBlindTag", "Value": "NegativeTag", "antes": [3]},
        {"score": 10, "type": "Joker", "values": ["Blueprint", "Brainstorm", "InvisibleJoker", "OopsAll6s"], "antes": [3], "sources": {"shopSlots": [2,3,4,5]}}
    ]},

    {"score": 10, "type": "And", "Clauses": [
        {"type": "SmallBlindTag", "Value": "NegativeTag", "antes": [4]},
        {"score": 10, "type": "Joker", "values": ["Blueprint", "Brainstorm", "InvisibleJoker", "OopsAll6s"], "antes": [4], "sources": {"shopSlots": [2,3,4,5,6]}}
    ]},

    {"score": 10, "type": "And", "Clauses": [
        {"type": "SmallBlindTag", "Value": "NegativeTag", "antes": [5]},
        {"score": 10, "type": "Joker", "values": ["Blueprint", "Brainstorm", "InvisibleJoker", "OopsAll6s"], "antes": [5], "sources": {"shopSlots": [2,3,4,5,6]}}
    ]},

        {"score": 10, "type": "And", "Clauses": [
        {"type": "SmallBlindTag", "Value": "NegativeTag", "antes": [6]},
        {"score": 10, "type": "Joker", "values": ["Blueprint", "Brainstorm", "InvisibleJoker", "OopsAll6s"], "antes": [6], "sources": {"shopSlots": [2,3,4,5,6]}}
    ]},

        {"score": 10, "type": "And", "Clauses": [
        {"type": "SmallBlindTag", "Value": "NegativeTag", "antes": [7]},
        {"score": 10, "type": "Joker", "values": ["Blueprint", "Brainstorm", "InvisibleJoker", "OopsAll6s"], "antes": [7], "sources": {"shopSlots": [2,3,4,5,6]}}
    ]},

    {"score": 10, "type": "And", "Clauses": [
        {"type": "SmallBlindTag", "Value": "NegativeTag", "antes": [8]},
        {"score": 10, "type": "Joker", "values": ["Blueprint", "Brainstorm", "InvisibleJoker", "OopsAll6s"], "antes": [8], "sources": {"shopSlots": [2,3,4,5,6]}}
    ]},

        {"score": 10, "type": "And", "Clauses": [
        {"type": "SmallBlindTag", "Value": "NegativeTag", "antes": [9]},
        {"score": 10, "type": "Joker", "values": ["Blueprint", "Brainstorm", "InvisibleJoker", "OopsAll6s"], "antes": [9], "sources": {"shopSlots": [2,3,4,5,6]}}
    ]},


        {"score": 10, "type": "And", "Clauses": [
        {"type": "SmallBlindTag", "Value": "NegativeTag", "antes": [10]},
        {"score": 10, "type": "Joker", "values": ["Blueprint", "Brainstorm", "InvisibleJoker", "OopsAll6s"], "antes": [10], "sources": {"shopSlots": [2,3,4,5,6]}}
    ]},

        {"score": 10, "type": "And", "Clauses": [
        {"type": "SmallBlindTag", "Value": "NegativeTag", "antes": [11]},
        {"score": 10, "type": "Joker", "values": ["Blueprint", "Brainstorm", "InvisibleJoker", "OopsAll6s"], "antes": [11], "sources": {"shopSlots": [2,3,4,5,6]}}
    ]}

  ],
  "mustNot": []
}