{
  "name": "Bubbles",
  "description": "Bubbles. Haha.  GEt it cuz... yeah.",
  "author": "pifreak", 
  "dateCreated": "2025-10-13T00:00:00.000Z",
  "deck": "Green",
  "stake": "White",
  "must": [
    {"type": "tag", "value": "RareTag", "antes": [1]},
    {"type": "tag", "value": "UncommonTag", "antes": [1]},
    {"type": "bigblindtag", "value": "NegativeTag", "antes": [2]},
    {"type": "bigblindtag", "value": "NegativeTag", "antes": [3]},
    {"type": "SoulJoker", "Value": "Perkeo", "antes": [1,2]},
    {"type": "Joker", "Value": "Burglar", "antes": [1,2]},
    {"type": "Joker", "Value": "Burglar", "antes": [1,2]}
  ],
  "should": [
    {"type": "bigblindtag", "value": "NegativeTag", "antes": [2]},
    {"type": "bigblindtag", "value": "NegativeTag", "antes": [3]},
    {"type": "bigblindtag", "value": "NegativeTag", "antes": [4]},
    {"type": "bigblindtag", "value": "NegativeTag", "antes": [5]},
    {"type": "bigblindtag", "value": "NegativeTag", "antes": [6]},
    {"type": "bigblindtag", "value": "NegativeTag", "antes": [7]},

    {"score": 314, "type": "SoulJoker", "Edition": "Negative", "Value": "Perkeo", "antes": [1,2,3,4]},
    {"score": 314, "type": "Joker", "Value": "Brainstorm", "antes": [3,4,5,6,7], "shopSlots": [0,1]},
    {"score": 314, "type": "Joker", "Value": "Blueprint", "antes": [3,4,5,6,7], "shopSlots": [0,1]},
    {"score": 314, "type": "Joker", "Value": "InvisibleJoker", "antes": [3,4,5,6,7], "shopSlots": [0,1]},
    {"score": 314, "type": "Joker", "Value": "OopsAll6s", "antes": [3,4,5,6,7], "shopSlots": [0,1]},
    {"score": 314, "type": "Joker", "Value": "Burglar", "antes": [3,4,5,6,7], "shopSlots": [0,1]}
  ],
  "mustNot": []
}