{
  "name": "Bubbles",
  "description": "Bubbles. Haha.  GEt it cuz... yeah.",
  "author": "pifreak", 
  "dateCreated": "2025-10-13T00:00:00.000Z",
  "deck": "Green",
  "stake": "White",
  "must": [
    {"type": "Joker", "Value": "Blueprint", "antes": [1], "sources": {"packSlots": [0]}},
    {"type": "Joker", "Value": "Burglar", "antes": [1,2], "sources": {"shopSlots": [0,1], "packSlots": [0,1,2,3]}},
    {"type": "SpectralCard", "Value": "Ankh", "antes": [1], "sources": {"packSlots": [1]}}
  ],
  "should": [
    {"type": "Joker", "Value": "Brainstorm", "antes": [1,2,3,4,5,6,7,8], "sources": {"packSlots": [0,1,2,3]}},
    {"type": "SoulJoker", "Value": "Perkeo", "antes": [2,3,4,5,6,7,8], "sources": {"packSlots": [0,1,2,3,4,5]}},
    {"type": "SoulJoker", "Value": "Triboulet", "antes": [2,3,4,5,6,7,8], "sources": {"packSlots": [0,1,2,3,4,5]}},
    {"type": "SoulJoker", "Value": "Chicot", "antes": [2,3,4,5,6,7,8], "sources": {"packSlots": [0,1,2,3,4,5]}},
    {"type": "SoulJoker", "Value": "Yorick", "antes": [2,3,4,5,6,7,8], "sources": {"packSlots": [0,1,2,3,4,5]}},
    {"type": "SoulJoker", "Value": "Canio", "antes": [2,3,4,5,6,7,8], "sources": {"packSlots": [0,1,2,3,4,5]}},
    {"type": "SmallBlindTag", "value": "NegativeTag", "antes": [1,2,3,4,5,6,7,8]},
    {"type": "BigBlindTag", "value": "RareTag", "antes": [1,2,3,4,5,6,7,8]},
    {"type": "Tag", "value": "EtherealTag", "antes": [1,2,3,4,5,6,7,8]}
  ],
  "mustNot": []
}