{
  "name": "Ante 2 Bull Bootstraps",
  "description": "ante 2 bull + bootstraps Ante 3+ large amount of Speed/Ecomony tags Ante 8 Cerulean Bell",
  "author": "Mr_Altcraft_Ash", 
  "dateCreated": "2025-09-05T00:00:00.000Z",
  "deck": "Red",
  "stake": "White",
  "must": [
    {"type": "Tag","values": ["SpeedTag", "EconomyTag", "InvestmentTag", "DoubleTag"],"antes":[1,2]},
    {"type": "Tag","values": ["SpeedTag", "EconomyTag", "InvestmentTag", "DoubleTag"],"antes":[3]},
    {"type": "Tag","values": ["SpeedTag", "EconomyTag", "InvestmentTag", "DoubleTag"],"antes":[4]},
    {"type": "Tag","values": ["SpeedTag", "EconomyTag", "InvestmentTag", "DoubleTag"],"antes":[5]},
    {"type": "Tag","values": ["SpeedTag", "EconomyTag", "InvestmentTag", "DoubleTag"],"antes":[6]},
    {
      "type": "boss",
      "value": "CeruleanBell",
      "antes": [8]
    },
    {
      "type": "Joker",
      "value": "Bootstraps",
      "antes": [2],
      "sources": {
          "shopSlots": [0,1]
      }
    },
    {
      "type": "Joker",
      "value": "Bull",
      "antes": [2],
      "sources": {
          "packSlots": [0,1]
      }
    }
  ],
  "should": [
    {"score": 1, "type": "SmallBlindTag","values": ["SpeedTag", "EconomyTag", "InvestmentTag", "DoubleTag"],"antes":[3,4,5,6,7,8]},
    {"score": 1, "type": "BigBlindTag","values": ["SpeedTag", "EconomyTag", "InvestmentTag", "DoubleTag"],"antes":[3,4,5,6,7,8]}


  ],
  "mustNot": []
}