{
  "name": "burn it down",
  "description": "9+ Burnt Jokers as fast as possible",
  "author": "D.J.",
  "must": [
    {
      "type": "joker",
      "value": "BurntJoker",
      "stickers": [
      	"eternal"
      ],
      "antes": [
        1
      ],
      "sources": {
        "packSlots": [
          0
        ]
      }
    },
    {
    	"type": "spectralcard",
    	"value": "Ankh",
    	"sources": {
    		"packSlots": [1],
    		"requireMega": true
    	}
    },
    {
      "type": "joker",
      "value": "Showman",
      "antes": [
        1,
        2
      ],
      "sources": {
        "shopSlots": [
          0,
          1,
          2,
          3
        ],
        "packSlots": [
          0,
          1,
          2,
          3
        ]
      }
    }
  ],
  "should": [
    {
      "type": "joker",
      "value": "BurntJoker",
      "antes": [
        1,
        2,
        3,
        4,
        5,
        6,
        7,
        8
      ],
      "sources": {
        "shopSlots": [
          0,
          1,
          2,
          3
        ],
        "packSlots": [
          0,
          1,
          2,
          3
        ]
      },
      "score": 1
    },
        {
    	"type": "spectralcard",
    	"value": "Ankh",
        "antes": [1,2,3,4,5,6],
    	"sources": {
    		"packSlots": [0,1,2,3,4,5],
            "shopSlots": [
                0,
                1,
                2,
                3
            ]
    	}
    }
  ],
  "mustNot": [],
  "deck": "Ghost",
  "stake": "Black"
}