{
  "name": "wat",
  "description": "anything lul",
  "author": "pifreak",
  "deck": "red",
  "stake": "white",
  "must": [
    {"type": "Voucher", "Value": "Telescope", "antes": [1,2,3]},
    {"type": "Voucher", "Value": "Observatory", "antes": [3]}
  ],
  "should": [
    {"type": "Voucher", "Value": "Hieroglyph", "antes": [1]},
    {"type": "Voucher", "Value": "Petroglyph", "antes": [1]},
    {"type": "SoulJoker", "Edition": "Negative", "value": "Perkeo", "antes": [0,1]},
    {"type": "SoulJoker", "Edition": "Negative", "value": "Triboulet", "antes": [0,1]},
    {"type": "SoulJoker", "Edition": "Negative", "value": "Canio", "antes": [0,1]},
    {"type": "SoulJoker", "Edition": "Negative", "value": "Chicot", "antes": [0,1]},
    {"type": "SoulJoker", "Edition": "Negative", "value": "Yorick", "antes": [0,1]},

    {"type": "SoulJoker", "value": "Perkeo", "antes": [0,1]},
    {"type": "SoulJoker", "value": "Triboulet", "antes": [0,1]},
    {"type": "SoulJoker", "value": "Canio", "antes": [0,1]},
    {"type": "SoulJoker", "value": "Chicot", "antes": [0,1]},
    {"type": "SoulJoker", "value": "Yorick", "antes": [0,1]},

    {"type": "Joker", "Edition": "Negative", "value": "Blueprint", "antes": [0,1,2,3,4]},
    {"type": "Joker", "Edition": "Negative", "value": "Brainstorm", "antes": [0,1,2,3,4]},
    {"type": "Joker", "Edition": "Negative", "value": "InvisibleJoker", "antes": [0,1,2,3,4]},
    {"type": "Joker", "Edition": "Negative", "value": "OopsAll6s", "antes": [0,1,2,3,4]},
    {"type": "Joker", "Edition": "Negative", "value": "LuckyCat", "antes": [0,1,2,3,4]},
    {"type": "Joker", "Edition": "Negative", "value": "Photograph", "antes": [0,1,2,3,4]},
    {"type": "Joker", "Edition": "Negative", "value": "SockAndBuskin", "antes": [0,1,2,3,4]},
    {"type": "Joker", "Edition": "Negative", "value": "LuckyCat", "antes": [0,1,2,3,4]}
  ],
  "mustNot": []
}