{
  "name": "Legendary DelYEET",
  "description": "Very fast negative legendary checker for Diet Cola and Perkeo + Ankh in shop.",
  "author": "pifreak",
  "dateCreated": "2025-11-08T10:03:51.5874702Z",
  "deck": "ghost",
  "stake": "White",
  "must": [
    {
      "Antes": [1],
      "type": "SmallBlindTag",
      "Value": "CouponTag"
    },
    {
      "Antes": [6],
      "type": "SmallBlindTag",
      "Value": "NegativeTag"
    },
    {
      "Antes": [1],
      "type": "SoulJoker",
      "value": "Perkeo",
      "packSlots": [1]
    },
    {
      "type": "spectralcard",
      "value": "Ankh",
      "Antes": [1, 2, 3],
      "shopSlots": [0, 1, 2, 3]
    },
    {
      "type": "Joker",
      "value": "DietCola",
      "Antes": [2, 3, 4, 5],
      "shopSlots": [0, 1, 2, 3, 4],
      "packSlots": [0, 1, 2]
    }
  ],

  "should": [
    {
      "score": 1,
      "type": "Joker",
      "values": ["Blueprint", "Brainstorm"]
    },
    {
      "score": 1,
      "type": "Joker",
      "edition": "negative",
      "values": ["Blueprint", "Brainstorm"]
    },
    {
      "score": 1,
      "type": "Joker",
      "value": "AnyUncommon",
      "shopSlots": [2, 3, 4, 5, 6, 7, 8, 9],
      "antes": 6
    }
  ],
  "mustNot": []
}
