{
  "name": "EternalMadness",
  "description": "What good fam",
  "author": "pifreak",
  "must": [
    {"type": "Joker", "Edition": "Negative", "Stickers": ["Eternal"], "value": "Madness", "antes": [1], "packSlots": [1,2,3]}
],
"should": [
    {"type": "Voucher", "Value": "Hieroglyph", "antes": [1,2,3,4,5,6,7]},
    {"type": "Voucher", "Value": "Petroglyph", "antes": [2,3,4,5,6,7,8]},
    {"type": "Joker", "Stickers": ["Eternal"], "value": "Madness", "antes": [2,3,4,5,6,7,8]},
    {"type": "Joker", "Stickers": ["Eternal"], "value": "Blueprint", "antes": [2,3,4,5,6,7,8]},
    {"type": "Joker", "Stickers": ["Eternal"], "value": "Brainstorm", "antes": [2,3,4,5,6,7,8]},
    {"type": "SpectralCard", "Value": "Ankh", "Antes": [1,2,3,4,5,6,7,8]}
  ],
  "mustNot": [],
  "deck": "Plasma",
  "stake": "White"
}