{
    "name": "wat",
    "description": "",
    "author": "lolwatxD",
    "dateCreated": "2025-01-01T05:46:12.6691000Z",
    "must": [
        {"Type": "SmallBlindTag", "Value": "InvestmentTag", "Antes": [1]},
        {"Type": "BigBlindTag", "Value": "InvestmentTag", "Antes": [1]},
        {
            "type": "Joker",
            "value": "AnyRare",
            "antes": [
                1
            ],
            "sources": {
                "shopSlots": [
                    0
                ]
            }
        },
        {
            "type": "Joker",
            "value": "AnyRare",
            "antes": [
                1
            ],
            "sources": {
                "shopSlots": [
                    1
                ]
            }
        },
        {
            "type": "Joker",
            "value": "AnyRare",
            "antes": [
                1
            ],
            "sources": {
                "shopSlots": [
                    2
                ]
            }
        },
        {
            "type": "Joker",
            "value": "AnyRare",
            "antes": [
                1
            ],
            "sources": {
                "packSlots": [
                    0,1
                ]
            }
        }
    ],
    "should": [
        {
            "type": "TarotCard",
            "value": "TheMagician",
            "antes": [
                1
            ],
            "sources": {
                "shopSlots": [
                    0,1,2,3
                ],
                "packSlots": [
                    2,3
                ]
            },
            "score": 2
        },
        {
            "Type": "StandardCard",
            "Enhancement": "Lucky",
            "Antes": [
                1
            ],
            "sources": {
                "shopSlots": [
                    0,1
                ],
                "packSlots": [
                    2,3
                ]
            },
            "score": 2
        },
        {
            "type": "SoulJoker",
            "value": "Perkeo",
            "antes": [
                1,
                2,
                3,
                4,
                5,
                6
            ],
            "score": 10
        },
        {
            "type": "joker",
            "value": "oopsall6s",
            "Antes": [
                1,
                2,
                3,
                4
            ],
            "sources": {
                "packSlots": [
                    0,
                    1,
                    2,
                    3
                ],
                "shopSlots": [
                    0,
                    1,
                    2,
                    3,
                    4,
                    5
                ]
            },
            "score": 5
        },
    ],
    "mustNot": []
}