{
  "name": "NegativeSkipCopy",
  "description": "finds copy jokers after negativetags",
  "author": "pifreak",
  "dateCreated": "2025-08-24T05:46:12.6691000Z",
  "deck": "Red",
  "stake": "White",
  "must": [
    {
      "type": "PlayingCard",
      "value": "CreditCard",
      "antes": [1],
      "sources": { 
        "PackSlots": [0],
        "ShopSlots": [0,1]
      }
    },
    {
        "type": "joker",
        "value": "DNA",
        "antes": [1,2,3]
    }
  ],
  "should": [
     {
      "type": "PlayingCard",
      "rank": "King",
      "Enhancement": "Glass",
      "Seal": "Red",
      "antes": [1],
      "sources": { 
        "PackSlots": [1]
      }
    }
  ],
  "mustNot": []
}