{
  "name": "Chippington",
  "description": "Tons of chips for plasma deck",
  "author": "Crowbit",
  "dateCreated": "2025-10-05T05:46:12.6691000Z",
  "must": [
    {
      "type": "Joker",
      "value": "MarbleJoker",
      "antes": [1],
      "shopSlots": [0,1],
      "packSlots": [0]
    },
    {
      "type": "Joker",
      "value": "StoneJoker",
      "antes": [2,3],
      "shopSlots": [0,1,2,3],
      "packSlots": [0,1,2,3]
    },
    {
      "type": "Joker",
      "value": "Hologram",
      "antes": [2,3,4,5],
      "shopSlots": [0,1,2,3],
      "packSlots": [0,1,2,3]
    }
  ],
  "should": [
    {
        "type": "StandardCard",
        "Edition": "Polychrome",
        "Enhancement": "Stone",
        "Seal": "Red",
        "antes": [1],
        "score": 10
    },
    {
        "type": "StandardCard",
        "Edition": "Polychrome",
        "Enhancement": "Stone",
        "antes": [1],
        "score": 3
    },
    {
        "type": "StandardCard",
        "Edition": "Polychrome",
        "Enhancement": "Stone",
        "Seal": "Red",
        "antes": [2,3,4,5,6],
        "score": 10
    },
    {
      "type": "Joker",
      "values": ["Brainstorm", "Blueprint"],
      "antes": [1],
      "packSlots": [0,1,2,3],
      "shopSlots": [0,1]
    },
    {
      "type": "Joker",
      "value": "Hologram",
      "antes": [2],
      "packSlots": [0,1,2,3],
      "shopSlots": [0,1]
    },
    {
      "type": "Joker",
      "values": ["Brainstorm", "Blueprint", "Hologram", "BlueJoker", "DNA"],
      "antes": [3],
      "packSlots": [0,1,2,3],
      "shopSlots": [0,1]
    }
  ],

  "mustNot": [],
  "deck": "Plasma",
  "stake": "Black"
}