{
  "name": "SpectralSlam",
  "description": "A shit load of spectral cards, nothing to see here!",
  "author": "pifreak",
  "dateCreated": "2025-11-03T05:46:12.6691000Z",
  "must": [
    {"Type": "SmallBlindTag", "Value": "CouponTag", "Antes": [1]},
    {"Type": "BigBlindTag", "Value": "RareTag", "Antes": [1]},

    {"Type": "SmallBlindTag", "Value": "RareTag", "Antes": [2]},
    {"type": "Joker", "Value": "Showman", "Antes": [2], "ShopSlots": [0]}
  ],
  "should": [
      {"Label": "TotalNegSkip CopyJokers", "type": "And", "Mode": "Sum", "Antes": [2,3], "Clauses": [
        {"Type": "SmallBlindTag", "Value": "NegativeTag", }
      ]}
  ],

  "mustNot": [],
  "deck": "Anaglyph",
  "stake": "Black"
}
