{
  "name": "Debt",
  "description": "What can YOU do with a Credit Card, Perkeo, and Wraith?",
  "author": "pifreak",
  "dateCreated": "2025-12-03T00:00:00.000Z",
  "deck": "Ghost",
  "stake": "White",
  "must": [
    { "Type": "Souljoker", "Value": "Perkeo", "antes": [1], "packSlots": [1] },
    { "Type": "joker", "Value": "CreditCard", "antes": [1], "shopSlots": [0,1] },
    { "Type": "joker", "Value": "Showman", "antes": [1], "shopSlots": [0,1,2,3] },
    { "Type": "spectralcard", "Value": "Wraith", "shopSlots": [0,1,2,3]}
  ],
  "should": [
    { "Type": "spectralcard", "Value": "Wraith", "shopSlots": [0,1]},
    { "Type": "joker", "Value": "CreditCard", "antes": [1], "shopSlots": [0,1] },
    { "Type": "joker", "Value": "CreditCard", "antes": [1], "packSlots": [0,1] },
    {
      "Type": "And",
      "Clauses": [
        { "Antes": [2], "type": "SmallBlindTag", "Value": "NegativeTag" },

        {
          "type": "Joker",
          "score": 1,
          "Antes": [2],
          "sources": { "shopSlots": [2, 3] },
          "values": ["Blueprint", "Brainstorm", "CreditCard", "ChaosTheClown"]
        }
      ]
    },
    {
      "Type": "And",
      "Clauses": [
        { "Antes": [3], "type": "SmallBlindTag", "Value": "NegativeTag" },

        {
          "type": "Joker",
          "score": 1,
          "Antes": [3],
          "sources": { "shopSlots": [2, 3] },
          "values": ["Blueprint", "Brainstorm", "CreditCard", "ChaosTheClown"]
        }
      ]
    },
    {
      "Type": "And",
      "Clauses": [
        { "Antes": [4], "type": "SmallBlindTag", "Value": "NegativeTag" },

        {
          "type": "Joker",
          "score": 1,
          "Antes": [4],
          "sources": { "shopSlots": [2, 3, 4, 5] },
          "values": ["Blueprint", "Brainstorm", "CreditCard", "ChaosTheClown"]
        }
      ]
    },
    {
      "Type": "And",
      "Clauses": [
        { "Antes": [5], "type": "SmallBlindTag", "Value": "NegativeTag" },

        {
          "type": "Joker",
          "score": 1,
          "Antes": [5],
          "sources": { "shopSlots": [2, 3, 4, 5] },
          "values": ["Blueprint", "Brainstorm", "CreditCard", "ChaosTheClown"]
        }
      ]
    },
    {
      "Type": "And",
      "Clauses": [
        { "Antes": [6], "type": "SmallBlindTag", "Value": "NegativeTag" },

        {
          "type": "Joker",
          "score": 1,
          "Antes": [6],
          "sources": { "shopSlots": [2, 3, 4, 5] },
          "values": ["Blueprint", "Brainstorm", "CreditCard", "ChaosTheClown"]
        }
      ]
    },
    {
      "Type": "And",
      "Clauses": [
        { "Antes": [7], "type": "SmallBlindTag", "Value": "NegativeTag" },

        {
          "type": "Joker",
          "score": 1,
          "Antes": [7],
          "sources": { "shopSlots": [2, 3, 4, 5] },
          "values": ["Blueprint", "Brainstorm", "CreditCard", "ChaosTheClown"]
        }
      ]
    },
    {
      "Type": "And",
      "Clauses": [
        { "Antes": [8], "type": "SmallBlindTag", "Value": "NegativeTag" },

        {
          "type": "Joker",
          "score": 1,
          "Antes": [8],
          "sources": { "shopSlots": [2, 3, 4, 5] },
          "values": ["Blueprint", "Brainstorm", "CreditCard", "ChaosTheClown"]
        }
      ]
    }
  ],
  "mustNot": []
}
