{
    "name": "Perkolatio",
    "description": "Perkeo and Immolate on Ghost deck, with Canio and Pareidolia",
    "author": "pifreak",
    "deck": "Ghost",
    "stake": "White",
    "must": [
        {
            "type": "souljoker",
            "value": "Perkeo",
            "antes": [
                1
            ],
            "packSlots": [
                1
            ],
            "requireMega": true
        },
        {
            "type": "souljoker",
            "value": "Canio",
            "antes": [
                1,
                2,
                3,
                4,
                5,
                6,
                7,
                8
            ]
        },
        {
            "type": "SpectralCard",
            "value": "Immolate",
            "antes": [
                1,
                2,
                3,
                4
            ],
            "shopSlots": [
                0,
                1,
                2,
                3
            ]
        },
        {
            "type": "souljoker",
            "value": "Perkeo",
            "antes": [
                1,
                2,
                3
            ]
        },
        {
            "type": "souljoker",
            "value": "Canio",
            "antes": [
                1,
                2,
                3
            ]
        }
    ],
    "should": [
        {
            "type": "voucher",
            "Value": "Hieroglyph",
            "antes": [
                1
            ]
        },
        {
            "type": "voucher",
            "Value": "Petroglyph",
            "antes": [
                1,
                2,
                3,
                4,
                5,
                6,
                7,
                8
            ]
        },
        {
            "type": "voucher",
            "Value": "Overstock",
            "antes": [
                2,
                3,
                4,
                5,
                6,
                7
            ]
        },
        {
            "type": "voucher",
            "Value": "OverstockPlus",
            "antes": [
                3,
                4,
                5,
                6,
                7,
                8
            ]
        },
        {
            "type": "voucher",
            "Value": "Telescope",
            "antes": [
                2,
                3,
                4,
                5,
                6,
                7
            ]
        },
        {
            "type": "voucher",
            "Value": "Observatory",
            "antes": [
                3,
                4,
                5,
                6,
                7,
                8
            ]
        },
        {
            "type": "souljoker",
            "Edition": "Negative",
            "value": "Perkeo",
            "antes": [
                0,
                1,
                2
            ]
        },
        {
            "type": "souljoker",
            "Edition": "Negative",
            "value": "Canio",
            "antes": [
                0,
                1,
                2
            ]
        },
        {
            "type": "TarotCard",
            "value": "Temperance",
            "antes": [
                1
            ],
            "packSlots": [
                1
            ],
            "requireMega": true
        },
        {
            "type": "TarotCard",
            "value": "Temperance",
            "antes": [
                1
            ],
            "shopSlots": [
                0,
                1,
                2,
                3,
                4,
                5,
                6,
                7
            ]
        },
        {
            "type": "TarotCard",
            "value": "Temperance",
            "antes": [
                2,
                3,
                4,
                5,
                6,
                7,
                8
            ],
            "packSlots": [
                1
            ],
            "requireMega": true
        },
        {
            "type": "TarotCard",
            "value": "Temperance",
            "antes": [
                2,
                3,
                4,
                5,
                6,
                7,
                8
            ],
            "shopSlots": [
                0,
                1,
                2,
                3,
                4,
                5,
                6,
                7
            ]
        }
    ],
    "mustNot": []
}