{
  "name": "SuperPerkeoObservatory",
  "description": "Find Perkeo Observatory with negative Copy Jokers",
  "author": "pifreak",
  "dateCreated": "2025-10-02T00:00:00.0000000Z",
  "must": [
            {"type": "Joker", "value": "Seltzer", "antes": [1], "sources": {"minShopSlot": 0, "maxShopSlot": 10}}


],
  "should": [
      {"score": 1, "type": "Joker", "value": "LuckyCat", "antes": [1], "sources": {"minShopSlot": 0, "maxShopSlot": 910}}
  ],
  "mustNot": [],
  "deck": "Plasma",
  "stake": "White"
}
