{
  "name": "Rares",
  "description": "Rare Jokers!",
  "author": "pifreak",
  "must": [
    {"type": "souljoker", "value": "Perkeo", "antes": [1], "packSlots": [1]},
    {"type": "joker", "values": ["Blueprint", "Brainstorm", "InvisibleJoker"], "antes": [1], "packSlots": [0]},
        {"score": 11, "type": "joker", "value": "Showman", "antes": [1,2,3]}
],
"should": [
    {"score": 16, "type": "souljoker", "edition": "Negative", "value": "Perkeo", "antes": [1], "packSlots": [1]},
    {"score": 15, "type": "joker", "edition": "Negative", "value": "Showman", "antes": [1,2]},
    {"score": 11, "type": "spectralcard", "value": "Ankh", "antes": [1], "sources": {"packSlots": [1], "requireMega": true}},
    {"score": 10, "type": "tarotcard", "value": "Temperance", "antes": [1], "sources": {"packSlots": [1], "requireMega": true}},
    {"score": 10, "type": "tarotcard", "value": "TheHermit", "antes": [1], "sources": {"packSlots": [1], "requireMega": true}},
    {"score": 16, "type": "joker", "edition": "Negative", "value": "Showman", "antes": [1], "shopSlots": [0,1]},
    {"score": 16, "type": "joker", "edition": "Negative", "value": "Blueprint", "antes": [1], "packSlots": [0]},
    {"score": 15, "type": "joker", "edition": "Negative", "value": "Blueprint", "antes": [1], "shopSlots": [0,1]},

    {"score": 11, "type": "joker", "edition": "Negative", "values": ["Blueprint", "Brainstorm", "InvisibleJoker"], "antes": [1], "sources": {"minShopSlot": 0, "maxShopSlot": 10}},
    {"score": 14, "type": "joker", "edition": "Negative", "values": ["Blueprint", "Brainstorm", "InvisibleJoker"], "antes": [2], "sources": {"minShopSlot": 0, "maxShopSlot": 20}},
    {"score": 15, "type": "joker", "edition": "Negative", "values": ["Blueprint", "Brainstorm", "InvisibleJoker"], "antes": [3], "sources": {"minShopSlot": 0, "maxShopSlot": 30}},
    {"score": 15, "type": "joker", "edition": "Negative", "values": ["Blueprint", "Brainstorm", "InvisibleJoker"], "antes": [4], "sources": {"minShopSlot": 0, "maxShopSlot": 45}},
    {"score": 15, "type": "joker", "edition": "Negative", "values": ["Blueprint", "Brainstorm", "InvisibleJoker"], "antes": [5], "sources": {"minShopSlot": 0, "maxShopSlot": 60}},
    {"score": 15, "type": "joker", "edition": "Negative", "values": ["Blueprint", "Brainstorm", "InvisibleJoker"], "antes": [6], "sources": {"minShopSlot": 0, "maxShopSlot": 85}},
    {"score": 12, "type": "joker", "edition": "Negative", "values": ["Blueprint", "Brainstorm", "InvisibleJoker"], "antes": [7], "sources": {"minShopSlot": 0, "maxShopSlot": 100}},
    {"score": 12, "type": "joker", "edition": "Negative", "values": ["Blueprint", "Brainstorm", "InvisibleJoker"], "antes": [8], "sources": {"minShopSlot": 0, "maxShopSlot": 200}},
    {"score": 11, "type": "joker", "edition": "Negative", "values": ["Blueprint", "Brainstorm", "InvisibleJoker"], "antes": [9], "sources": {"minShopSlot": 0, "maxShopSlot": 300}},
    {"score": 10, "type": "joker", "edition": "Negative", "values": ["Blueprint", "Brainstorm", "InvisibleJoker"], "antes": [10], "sources": {"minShopSlot": 0, "maxShopSlot": 400}},
    {"score": 10, "type": "joker", "edition": "Negative", "values": ["Blueprint", "Brainstorm", "InvisibleJoker"], "antes": [11], "sources": {"minShopSlot": 0, "maxShopSlot": 500}},
    {"score": 10, "type": "joker", "edition": "Negative", "values": ["Blueprint", "Brainstorm", "InvisibleJoker"], "antes": [12], "sources": {"minShopSlot": 0, "maxShopSlot": 600}},
    {"score": 10, "type": "joker", "edition": "Negative", "values": ["Blueprint", "Brainstorm", "InvisibleJoker"], "antes": [13], "sources": {"minShopSlot": 0, "maxShopSlot": 700}},
    {"score": 10, "type": "joker", "edition": "Negative", "values": ["Blueprint", "Brainstorm", "InvisibleJoker"], "antes": [14], "sources": {"minShopSlot": 0, "maxShopSlot": 800}},
    {"score": 10, "type": "joker", "edition": "Negative", "values": ["Blueprint", "Brainstorm", "InvisibleJoker"], "antes": [15], "sources": {"minShopSlot": 0, "maxShopSlot": 900}},
    {"score": 10, "type": "joker", "edition": "Negative", "values": ["Blueprint", "Brainstorm", "InvisibleJoker"], "antes": [16], "sources": {"minShopSlot": 0, "maxShopSlot": 1000}}

  ],
  "mustNot": [],
  "deck": "Ghost",
  "stake": "White"
}