{
  "name": "DinoNugget$$$",
  "description": "Dino loves to invest in Dino Stonks.",
  "author": "pifreak",
  "dateCreated": "2025-09-27T05:46:12.6691000Z",
  "must": [
    {"type": "SmallBlindTag", "Value": "InvestmentTag", "antes": [1]},
    {"type": "BigBlindTag", "Value": "InvestmentTag", "antes": [1]},
    {"type": "BigBlindTag", "Value": "InvestmentTag", "antes": [2,3,4]}
],
"should": [
{"score": 100, "type": "SmallBlindTag", "Value": "InvestmentTag", "antes": [1,2,3,4]},
{"score": 100, "type": "BigBlindTag", "Value": "InvestmentTag", "antes": [1,2,3,4]},
{"score": 10, "type": "SmallBlindTag", "Value": "InvestmentTag", "antes": [5,6,7,8]},
{"score": 10, "type": "BigBlindTag", "Value": "InvestmentTag", "antes": [5,6,7,8]},
{"score": 10, "type": "SmallBlindTag", "Value": "SpeedTag", "antes": [1,2,3,4,5,6,7,8]},
{"score": 10, "type": "BigBlindTag", "Value": "SpeedTag", "antes": [1,2,3,4,5,6,7,8]},
{"score": 10, "type": "SmallBlindTag", "Value": "CouponTag", "antes": [1,2,3,4,5,6,7,8]},
{"score": 10, "type": "BigBlindTag", "Value": "CouponTag", "antes": [1,2,3,4,5,6,7,8]},
{"score": 100, "type": "Joker", "Edition": "Negative", "Value": "Any", "Antes": [3,4,5,6,7,8]},
{"score": 1, "type": "Joker", "Value": "AnyRare", "Antes": [2,3,4,5,6,7,8]},
{"score": 1, "type": "Joker", "Value": "AnyUncommon", "Antes": [2,3,4,5,6,7,8]}
],
  "mustNot": [],
  "deck": "Red",
  "stake": "White"
}