{
  "name": "Dinoboy's Rare CouponTag Skip Scenario",
  "description": "Econ Skip, Coupon Tag, then rares for free in ante 2!",
  "author": "dinoboy",
  "must": [
          {
      "type": "Joker",
      "value": "AnyRare",
      "edition": "Negative",
      "antes": [2],
      "score": 100
    }
  ],
  "should": [
    {
      "type": "Joker",
      "value": "AnyRare",
      "antes": [2],
      "shopSlots": [0,1],
      "packSlots": [0,1]
    },
    {
      "type": "Joker",
      "value": "AnyRare",
      "edition": "Negative",
      "antes": [2],
      "score": 100
    }
  ],
  "mustNot": [],
  "deck": "Ghost",
  "stake": "White"
}