{
    "name": "Rare Investment",
    "description": "",
    "author": "dinoboy",
    "dateCreated": "2025-01-01T05:46:12.6691000Z",
    "deck": "Plasma",
    "stake": "White",
    "must": [
        {"Type": "SmallBlindTag", "Value": "InvestmentTag", "Antes": [1]},
        {"Type": "BigBlindTag", "Value": "InvestmentTag", "Antes": [1]},
        {
            "type": "Joker",
            "value": "AnyRare",
            "antes": [
                2
            ],
            "sources": {
                "packSlots": [
                    0
                ], "requireMega": true
            }
        },
        {
            "type": "Joker",
            "value": "AnyRare",
            "antes": [
                2
            ],
            "sources": {
                "shopSlots": [
                    0
                ]
            }
        }
    ],
    "should": [
        {
            "type": "Joker",
            "value": "AnyRare",
            "antes": [
                2
            ],
            "sources": {
                "shopSlots": [
                    0
                ]
            }
        },
        {
            "type": "Joker",
            "value": "AnyRare",
            "antes": [
                2
            ],
            "sources": {
                "packSlots": [
                    1
                ]
            }
        },
        {
            "type": "Joker",
            "value": "AnyRare",
            "antes": [
                2
            ],
            "sources": {
                "packSlots": [
                    0
                ]
            }
        },
        {
            "type": "Joker",
            "value": "AnyRare",
            "antes": [
                2
            ],
            "sources": {
                "packSlots": [
                    1
                ]
            }
        },
        {
            "type": "Joker",
            "value": "Any",
            "edition": "Negative",
            "antes": [
                2
            ],
            "sources": {
                "shopSlots": [
                    0,1
                ],
                "packSlots": [
                    0,1
                ]
            }
        },
        {
            "type": "SoulJoker",
            "value": "Any",
            "antes": [
                1,2,3,4,5,6,7,8
            ]
        }
    ],
    "mustNot": []
}