{
  "name": "Double Oops via Ankh",
  "description": "Get Oops! All 6s Joker, and Ankh Spectral Card from the first shop.",
  "author": "test",
  "dateCreated": "2025-08-17T00:00:00Z",
  "deck": "Red",
  "Stake": "White",
  "must": [
        {
      "type": "Joker",
      "value": "Showman",
      "antes": [1],
      "sources": {
        "shopSlots": [1]
      },
      "score": 122
    },
    
  ],
  "should": [
     {
      "type": "Joker",
      "value": "OopsAll6s",
      "sources": {
        "packSlots": [0]
      },
      "antes": [1],
      "score": 100
    },
     {
      "type": "Joker",
      "value": "OopsAll6s",
      "sources": {
        "shopSlots": [0]
      },
      "antes": [1],
      "score": 100
    },
    {
      "type": "Joker",
      "value": "OopsAll6s",
      "antes": [2,3,4,5,6,7,8],
      "score": 90
    }
  ],
  "mustNot": []
}