{
  "name": "DoubleNegative",
  "description": "Doubletags and NegativeTags",
  "author": "pifreak",
  "dateCreated": "2025-09-27T05:46:12.6691000Z",
  "must": [
    {"type": "Tag", "values": ["DoubleTag", "NegativeTag"], "antes": [2]},
    {"type": "Tag", "values": ["DoubleTag", "NegativeTag"], "antes": [3]},
    {"type": "Tag", "values": ["DoubleTag", "NegativeTag"], "antes": [4]},
    {"type": "Tag", "values": ["DoubleTag", "NegativeTag"], "antes": [5]},
    {"type": "Tag", "values": ["DoubleTag", "NegativeTag"], "antes": [6]},
    {"type": "Tag", "values": ["DoubleTag", "NegativeTag"], "antes": [7]},
    {"type": "Tag", "values": ["DoubleTag", "NegativeTag"], "antes": [8]}
  ],
  "should": [
      {"score": 1, "type": "Joker", "Value": "any", "edition": "Negative", "antes": [1,2,3,4,5,6,7,8]},
      {"score": 10, "type": "Tag", "value": "DoubleTag", "antes": [1,2,3,4,5,6,7,8]},
      {"score": 100, "type": "Tag", "value": "NegativeTag", "antes": [1,2,3,4,5,6,7,8]}
  ],

  "mustNot": [],
  "deck": "Ghost",
  "stake": "Black"
}