{
  "name": "simple-neg-perkeo",
  "description": "Just find Negative Perkeo",
  "author": "test",
  "must": [
    {
      "type": "SmallBlindTag",
      "value": "CouponTag",
      "antes": [1]
    },
    {
      "type": "Joker",
      "value": "Showman",
      "antes": [1],
      "sources": {
        "packSlots": [0,1]
      }
    },
    {
      "type": "joker",
      "value": "OopsAll6s",
      "edition": "Negative",
      "antes": [1],
      "sources": {
        "packSlots": [0,1]
      }
    },
    {
      "type": "spectral",
      "value": "ankh",
      "antes": [1]
    }
  ],
  "should": [
    {
      "type": "souljoker",
      "value": "Any",
      "edition": "Negative",
      "antes": [1,2,3,4,5,6,7,8]
    },
    {
      "type": "joker",
      "value": "Blueprint",
      "edition": "Negative",
      "label": "Negative Blueprint (Early)",
      "antes": [1,2,3,4],
      "sources": {
        "packSlots": [0,1,2,3,4,5],
        "shopSlots": [0,1,2,3,4,5,6,7,8,9,10,11,12,13,14,15,16,17,18,19,20,21,22,23,24,25,26,27,28,29,30,31]
      }
    },
    {
      "type": "joker",
      "value": "Brainstorm",
      "edition": "Negative",
      "label": "Negative Brainstorm (Early)",
      "antes": [1,2,3,4],
      "sources": {
        "packSlots": [0,1,2,3,4,5],
        "shopSlots": [0,1,2,3,4,5,6,7,8,9,10,11,12,13,14,15,16,17,18,19,20,21,22,23,24,25,26,27,28,29,30,31]
      }
    },
    {
      "type": "joker",
      "value": "Blueprint",
      "edition": "Negative",
      "label": "Negative Blueprint (Mid)",
      "antes": [5,6,7,8],
      "sources": {
        "packSlots": [0,1,2,3,4,5],
        "shopSlots": [0,1,2,3,4,5,6,7,8,9,10,11,12,13,14,15,16,17,18,19,20,21,22,23,24,25,26,27,28,29,30,31]
      }
    },
    {
      "type": "joker",
      "value": "Blueprint",
      "edition": "Negative",
      "label": "Negative Blueprint (Deep)",
      "antes": [5,6,7,8],
      "sources": {
        "shopSlots": [32,33,34,35,36,37,38,39,40,41,42,43,44,45,46,47,48,49,50,51,52,53,54,55,56,57,58,59,60,61,62,63]
      }
    },
    {
      "type": "joker",
      "value": "Brainstorm",
      "edition": "Negative",
      "label": "Negative Brainstorm (Mid)",
      "antes": [5,6,7,8],
      "sources": {
        "packSlots": [0,1,2,3,4,5],
        "shopSlots": [0,1,2,3,4,5,6,7,8,9,10,11,12,13,14,15,16,17,18,19,20,21,22,23,24,25,26,27,28,29,30,31]
      }
    },
     {
      "type": "joker",
      "value": "Brainstorm",
      "edition": "Negative",
      "label": "Negative Brainstorm (Deep)",
      "antes": [5,6,7,8],
      "sources": {
        "shopSlots": [32,33,34,35,36,37,38,39,40,41,42,43,44,45,46,47,48,49,50,51,52,53,54,55,56,57,58,59,60,61,62,63]
      }
    }
    
  ],
  "mustNot": [],
  "deck": "Ghost",
  "stake": "White"
}