{
  "name": "double stuntman",
  "description": "Canio with 1 perkeo a hanged man you can dupe with perkeo a brainstorm (If you can you don't have to include brainstorm) and a pareidolia I hope this isn't to complicated",
  "author": "stuntgoat preacher 149/150 nan",
  "dateCreated": "2025-09-24T05:46:12.6691000Z",
  "deck": "Ghost",
  "stake": "White",
  "must": [
    {
      "type": "SmallBlindTag",
      "value": "CouponTag",
      "antes": [1]
    },
    {
      "type": "Joker",
      "value": "Stuntman",
      "antes": [1],
      "sources": {
        "shopSlots": [0],
        "packSlots": [0]
      }
    },
    {
      "type": "SpectralCard",
      "value": "Ankh",
      "antes": [1],
      "sources": {
        "packSlots": [1]
      }
    }
  ],
  "should": [
    {
      "type": "SoulJoker",
      "value": "Perkeo",
      "antes": [1,2,3,4,5,6]
    },
    {
      "type": "SoulJoker",
      "value": "Canio",
      "antes": [1,2,3,4,5,6]
    },
    {
        "type": "joker",
        "value": "Blueprint",
        "antes": [2,3,4,5]
    },
    {
        "type": "joker",
        "value": "Brainstorm",
        "antes": [2,3,4,5]
    }
  ],
  "mustNot": []
}