{
  "name": "HAnkh",
  "description": "yorick, drunkard, with wasteful within the first 2 antes",
  "author": "Mr.bulk_sr",
  "must": [
    {
      "type": "Voucher",
      "value": "Wasteful",
      "antes": [1,2]
    },
    {
      "type": "Joker",
      "value": "Drunkard",
      "antes": [1],
      "sources": {
        "packSlots": [0]
      }
    },
    {
      "type": "SoulJoker",
      "value": "Yorick",
      "antes": [1,2],
      "sources": {
        "packSlots": [0,1]
      }
    }
  ],
  "should": [
    {
      "type": "SoulJoker",
      "value": "Yorick",
      "antes": [1,2],
      "sources": {
        "packSlots": [0,1]
      },
      "score": 100
    },
    {
        "type": "Voucher",
        "value": "Recyclomancy",
        "antes": [2,3,4,5,6,7,8]
    },
     {
        "type": "Joker",
        "value": "MerryAndy",
        "antes": [2,3,4,5,6,7,8]
    }
  ],
  "mustNot": [],
  "deck": "Ghost",
  "stake": "White"
}