{
  "name": "NegativeOopsCat",
  "description": "Negative",
  "author": "dinoboy",
  "must": [
    {
      "type": "Tag",
      "values": ["InvestmentTag", "EconomyTag", "SpeedTag"],
      "antes": [1]
    },
    {
      "type": "Tag",
      "value": "CouponTag",
      "antes": [1]
    },
    {
      "type": "Joker",
      "value": "AnyRare",
      "antes": [2],
      "sources": {
        "shopSlots": [0]
      }
    },
    {
      "type": "Joker",
      "value": "AnyRare",
      "antes": [2],
      "sources": {
        "shopSlots": [1]
      }
    },
    {
      "type": "Joker",
      "value": "AnyRare",
      "antes": [2],
      "sources": {
        "shopSlots": [2]
      }
    },
    {
      "type": "SoulJoker",
      "value": "Perkeo",
      "antes": [2,3,4,5],
      "sources": {
        "packSlots": [0,1,2,3,4,5]
      }
    }
    
  ],
  "should": [
    {
      "type": "Joker",
      "value": "AnyRare",
      "antes": [2],
      "sources": {
        "shopSlots": [0,1,2],
        "packSlots": [0,1],
        "requireMega": true
      },
      "score": 100
    },
    {
      "type": "Joker",
      "value": "Any",
      "edition": "Negative",
      "antes": [2,3,4,5,6,7,8],
      "score": 1
    },
    {
      "type": "SoulJoker",
      "value": "Any",
      "edition": "Negative",
      "antes": [2,3,4,5,6,7,8],
      "score": 10
    }
  ],
  "mustNot": [],
  "deck": "Zodiac",
  "stake": "White"
}