{
  "name": "EternalMadness",
  "description": "What good fam",
  "author": "pifreak",
  "must": [
    {"type": "Joker", "Edition": "Negative", "Stickers": ["Eternal"], "value": "Madness", "antes": [1], "packSlots": [1,2,3]}
],
"should": [
    {"score": 29, "type": "Voucher", "Value": "Hieroglyph", "antes": [1,2,3,4,5,6,7]},
    {"score": 29, "type": "Voucher", "Value": "Petroglyph", "antes": [2,3,4,5,6,7,8]},
    {"score": 2, "type": "Joker", "Stickers": ["Eternal"], "value": "AnyRare", "antes": [2,3,4,5,6,7,8]},
    {"score": 1, "type": "Joker", "Stickers": ["Eternal"], "value": "AnyUncommon", "antes": [2,3,4,5,6,7,8]},
    {"score": 3, "Edition": "Negative", "type": "Joker", "Stickers": ["Eternal"], "value": "Any", "antes": [2,3,4,5,6,7,8]},
    {"score": 100, "type": "Joker", "Stickers": ["Eternal"], "value": "Blueprint", "antes": [2,3,4,5,6,7,8]},
    {"score": 100, "type": "Joker", "Stickers": ["Eternal"], "value": "Brainstorm", "antes": [2,3,4,5,6,7,8]},
    {"score": 98, "type": "SpectralCard", "Value": "Ankh", "Antes": [1,2,3,4,5,6,7,8]}
  ],
  "mustNot": [],
  "deck": "Plasma",
  "stake": "Black"
}