{
  "name": "Exodia",
  "description": "special suita for abncient wweee",
  "author": "test",
  "deck": "red",
  "stake": "white",
  "must": [
    {
        "type": "joker",
        "value": "OnyxAgate",
        "antes": [1,2,3,4,5]
    },
    {
        "type": "joker",
        "value": "Bloodstone",
        "antes": [1,2,3,4,5]
    },
    {
        "type": "joker",
        "value": "RoughGem",
        "antes": [1,2,3,4,5,6,7]
    },
    {
        "type": "joker",
        "value": "Arrowhead",
        "antes": [1,2,3,4,5,6,7]
    }
  ],
  "should": [
        {
        "type": "joker",
        "value": "AncientJoker",
        "edition": "Negative",
        "antes": [1,2,3,4,5,6],
        "score": 100
    },
    {
        "type": "joker",
        "value": "OopsAll6s",
        "edition": "Negative",
        "antes": [1,2,3,4,5,6],
        "score": 100
    }
    
  ],
  "mustNot": []
}