{
  "name": "FaceyCanio",
  "description": "I dream of a pareidolia-canio run",
  "author": "zalut_sky+ [e29, 59/150]",
  "dateCreated": "2025-11-09T05:46:12.6691000Z",
  "must": [
    {
      "type": "SoulJoker",
      "value": "Canio",
      "antes": [1],
      "packSlots": [2]
    },
    { "type": "tarotCard", "value": "Any", "Antes": [1], "packSlots": [2] },
    {
      "type": "Joker",
      "values": ["Pareidolia", "TradingCard"],
      "packSlots": [1],
      "antes": [1]
    }
  ],
  "should": [
    {
      "type": "Joker",
      "value": "MidasMask",
      "antes": [1]
    },
    {
      "type": "Joker",
      "value": "Vampire",
      "antes": [1, 2]
    },
    {
      "type": "Joker",
      "value": "Pareidolia",
      "antes": [1, 2, 3]
    },
    {
      "type": "Joker",
      "value": "GoldenTicket",
      "antes": [3]
    },
    {
      "type": "SpectralCard",
      "value": "Ankh",
      "antes": [1, 2]
    }
  ],
  "mustNot": []
}
