{
  "name": "findme",
  "description": "finding a seed",
  "author": "pifreak",
  "dateCreated": "2025-10-10T05:46:12.6691000Z",
  "must": [

      {"type": "SmallBlindTag", "value": "BossTag", "Antes": [1]},
      {"type": "BigBlindTag", "value": "DoubleTag", "Antes": [1]},

      {"type": "SmallBlindTag", "value": "InvestmentTag", "Antes": [2]},
      {"type": "BigBlindTag", "value": "StandardTag", "Antes": [2]},

      {"type": "SmallBlindTag", "value": "BossTag", "Antes": [3]},
      {"type": "BigBlindTag", "value": "StandardTag", "Antes": [3]},

      {"type": "SmallBlindTag", "value": "HolographicTag", "Antes": [4]},
      {"type": "BigBlindTag", "value": "FoilTag", "Antes": [4]}


  ],
  "should": [
      {"type": "voucher", "value": "Hieroglyph", "antes": [1]},
      {"type": "voucher", "value": "DirectorsCut", "antes": [2]},
      {"type": "voucher", "value": "Hieroglyph", "antes": [1]},
      {"type": "Joker", "value": "FortuneTeller", "antes": [1], "shopSlots": [0]},
      {"type": "PlanetCard", "value": "Earth", "antes": [1], "shopSlots": [1]},
      {"type": "Joker", "value": "Hallucination", "antes": [1], "shopSlots": [2], "stickers": ["eternal"]},
      {"type": "Joker", "value": "GreedyJoker", "antes": [1], "shopSlots": [3], "edition": "holographic"}
  ],
  "mustNot": [],
  "deck": "Painted",
  "stake": "Orange"
}
