{
  "name": "Fishe2",
  "description": "Copy Jokers from CouponTag Ante 1",
  "author": "Fishe",
  "dateCreated": "2025-10-01T05:46:12.6691000Z",
  "must": [
    {"type": "SoulJoker", "edition": "Negative", "values": ["Perkeo", "Triboulet"], "antes": [1,2]},
    {"type": "SoulJoker", "value": "Perkeo", "antes": [1,2,3,4,5]},
    {"type": "SoulJoker", "value": "Triboulet", "antes": [1,2,3,4,5]}

],
  "should": [
        {"score": 90, "type": "SoulJoker", "value": "Perkeo", "antes": [1,2,3,4,5]},
        {"score": 90, "type": "SoulJoker", "value": "Triboulet", "antes": [1,2,3,4,5]},
        {"score": 10, "type": "SoulJoker", "edition": "Negative", "value": "Any", "antes": [1,2,3,4,5]},
        {"score": 100, "seal": "Red", "type": "StandardCard", "Rank": "King", "Edition": "Polychrome", "antes": [1,2,3,4,5]},
        {"score": 100, "seal": "Red", "type": "StandardCard", "Rank": "Queen", "Edition": "Polychrome", "antes": [1,2,3,4,5]},
        {"score": 100, "seal": "Red", "type": "StandardCard", "Rank": "Jack", "Edition": "Polychrome", "antes": [1,2,3,4,5]}

    


  ],
  "mustNot": [],
  "deck": "Plasma",
  "stake": "Black"
}
