{
  "name": "Fishe2",
  "description": "Copy Jokers from CouponTag Ante 1",
  "author": "Fishe",
  "dateCreated": "2025-10-01T05:46:12.6691000Z",
  "must": [
    {"type": "SoulJoker", "edition": "Negative", "value": "Any", "antes": [1,2,3]},
    {"type": "SoulJoker", "value": "Triboulet", "antes": [1,2,3]},
    {"type": "SoulJoker", "value": "Perkeo", "antes": [1,2,3]}
  ],
  "should": [
    {"score": 10, "seal": "Red", "type": "StandardCard", "Rank": "King", "Edition": "Polychrome", "antes": [1,2,3,4,5,6,7,8] , "packSlots": [0,1,2,3,4,5]},
    {"score": 10, "seal": "Red", "type": "StandardCard", "Rank": "Queen", "Edition": "Polychrome", "antes": [1,2,3,4,5,6,7,8], "packSlots": [0,1,2,3,4,5]},
    {"score": 10, "seal": "Red", "type": "StandardCard", "Rank": "Jack", "Edition": "Polychrome", "antes": [1,2,3,4,5,6,7,8], "packSlots": [0,1,2,3,4,5]},
    {"score": 5, "seal": "Red", "type": "StandardCard", "Rank": "Ten", "Edition": "Polychrome", "antes": [1,2,3,4,5,6,7,8], "packSlots": [0,1,2,3,4,5]},
    {"score": 5, "seal": "Red", "type": "StandardCard", "Rank": "Nine", "Edition": "Polychrome", "antes": [1,2,3,4,5,6,7,8], "packSlots": [0,1,2,3,4,5]}

  ],
  "mustNot": [],
  "deck": "Plasma",
  "stake": "Black"
}
