{
  "name": "Double Oops via Ankh",
  "description": "Get Oops! All 6s Joker, and Ankh Spectral Card from the first shop.",
  "author": "pifreak",
  "dateCreated": "2025-09-15T00:00:00Z",
  "deck": "Red",
  "Stake": "White",
  "must": [
    
    {
      "type": "Joker",
      "value": "FlashCard",
      "edition": "Negative",
      "antes": [1,2]
    },
    {
      "type": "Joker",
      "value": "ChaosTheClown",
      "edition": "Negative",
      "antes": [1,2,3]
    }
  ],
  "should": [
    {
      "type": "Voucher",
      "value": "Overstock",
      "antes": [3,4,5,6,7],
      "score": 50
    },
    {
      "type": "Voucher",
      "value": "OverstockPlus",
      "antes": [4,5,6,7,8],
      "score": 50
    },
    {
      "type": "Voucher",
      "value": "RerollSurplus",
      "antes": [1,2,3],
      "score": 50
    },
    {
      "type": "Voucher",
      "value": "RerollGlut",
      "antes": [2,3,4,5,6,7,8],
      "score": 50
    },
    {
        "type": "Tag",
        "value": "D6Tag",
        "antes": [1,2,3,4,5,6,7,8]
    },
    {
        "type": "SoulJoker",
        "value": "any",
        "antes": [1,2,3,4,5,6,7,8],
        "score": 7
    }
  ],
  "mustNot": []
}