{
  "name": "Pair of Pants",
  "description": "finds 1 spare trousers to start. lol.",
  "author": "pifreak",
  "dateCreated": "2025-08-24T05:46:12.6691000Z",
  "deck": "Yellow",
  "stake": "White",
  "must": [
    {
      "type": "Joker",
      "value":"SpareTrousers",
      "antes": [1],
      "sources": {
        "shopSlots": [0,1]
      }
    },
    {
      "type": "SpectralCard",
      "value": "Ankh",
      "antes": [1],
      "sources": {
        "packSlots": [1]
      }
    }
  ],
  "should": [
    {
      "type": "PlanetCard",
      "value": "Uranus",
      "antes": [2,3,4,5,6,7,8]
    }
  ],
  "mustNot": []
}