{
  "name": "BPFreakz",
  "description": "Copy Jokers from CouponTag Ante 1",
  "author": "pifreak",
  "dateCreated": "2025-10-01T05:46:12.6691000Z",
  "must": [
    {"type": "Joker", "value": "Showman", "antes": [1], "shopSlots": [0,1]},
    {"type": "Joker", "value": "Blueprint", "antes": [1], "shopSlots": [0,1]},
    {"type": "Joker", "value": "Blueprint", "antes": [1], "packSlots": [0], "requireMega": false}
  ],
  "should": [
    {"type": "Joker", "value": "Blueprint", "antes": [1], "shopSlots": [0,1]},
    {"type": "Joker", "value": "Blueprint", "antes": [1], "packSlots": [0], "requireMega": false},
    {"score": 2, "type": "Joker", "value": "Blueprint", "antes": [1], "packSlots": [1], "requireMega": true}
  ],
  "mustNot": [],
  "deck": "Ghost",
  "stake": "Black"
}
