{
  "name": "Ghoulish",
  "description": "you get a seed for ghost deck where theres a perkeo and showman in shop 1 (negatives preferred but who cares) and a wraith in the 2nd shop",
  "author": "Speedblitz|#1photochadfan",
  "dateCreated": "2025-09-27T05:46:12.6691000Z",
  "must": [
    {"type": "SmallBlindTag", "value": "NegativeTag", "antes": [7,8,9]},
    {
        "type": "SoulJoker",
        "value": "Perkeo",
        "antes": [1,2,3],
        "packSlots": [0,1,2,3]
    },
    {
        "type": "Spectral",
        "value": "Ankh",
        "antes": [1,2,3],
        "sources": {
            "shopSlots": [0,1,2,3]
        }
    },
    {
        "type": "Joker",
        "value": "DietCola",
        "antes": [1,2,3],
        "sources": {
            "shopSlots": [0,1,2,3],
            "packSlots": [0,1,2,3]
        }
    }
    ,{"type": "SmallBlindTag", "value": "NegativeTag", "antes": [6]}
    ,{"type": "SmallBlindTag", "value": "NegativeTag", "antes": [7]}
  ],
  "should": [
    { "type": "Joker",
        "values": ["Blueprint", "Brainstorm", "CreditCard", "ChaosTheClown"],
        "antes": [1],
        "sources": {
            "shopSlots": [0,1,2,3]
        },
        "score": 2
    },
    {
        "type": "Joker",
        "values": ["Blueprint", "Brainstorm", "CreditCard", "ChaosTheClown"],
        "antes": [1],
        "sources": {
            "shopSlots": [4,5,6,7,8,9,10,11,12,13,14,15,16,17,18,19,20,21,22,23,24,25,26,27,28,29,30,31]
        },
        "score": 1
    }
    
    ,{"label": "EarlyCopyJoker","type": "Joker", "values": ["Blueprint", "Brainstorm", "InvisibleJoker"],"antes": [6],"sources": {"shopSlots": [0,1,2,3,4,5,6,7,8,9,10,11,12,13,14,15,16,17,19,20,21,22,23,24,25,26,27,28,29,30,31,32,33,34,35,36,37,38,39,40,41,42,43,44,45,46,47,48,49,50,51,52,53,54,55,56,57,58,59,60,61,62,63]},"score": 10}
    ,{"label": "EarlyCopyJoker","type": "Joker", "values": ["Blueprint", "Brainstorm", "InvisibleJoker"],"antes": [7],"sources": {"shopSlots": [0,1,2,3,4,5,6,7,8,9,10,11,12,13,14,15,16,17,19,20,21,22,23,24,25,26,27,28,29,30,31,32,33,34,35,36,37,38,39,40,41,42,43,44,45,46,47,48,49,50,51,52,53,54,55,56,57,58,59,60,61,62,63]},"score": 10}
],
  "mustNot": [],
  "deck": "Ghost",
  "stake": "Black"
}