{
  "name": "goop",
  "description": "Test for weird shit.",
  "author": "pifreak",
  "must": [
    {
      "type": "SpectralCard",
      "value": "Ankh",
      "antes": [1],
      "sources": {
        "shopSlots": [0,1],
        "packSlots": [1],
        "requireMega": true
      }
    },
    {
      "type": "SpectralCard",
      "value": "Wraith",
      "antes": [1],
      "sources": {
        "shopSlots": [0,1],
        "packSlots": [1],
        "requireMega": true
      }
    },
    {
      "type": "Souljoker",
      "value": "Perkeo",
      "antes": [1,2,3]
    }
  ],
  "should": [
    {"score": 98,"type": "And","clauses": [{"type": "SmallBlindTag", "value": "NegativeTag", "antes": [2]},{"type": "Joker",  "edition": "None", "values": ["OopsAll6s", "Blueprint", "Brainstorm", "InvisibleJoker"], "antes": [2], "sources":{ "minShopSlot": 2, "maxShopSlot": 4}}]},
    {"score": 98,"type": "And","clauses": [{"type": "SmallBlindTag", "value": "NegativeTag", "antes": [3]},{"type": "Joker",  "edition": "None", "values": ["OopsAll6s", "Blueprint", "Brainstorm", "InvisibleJoker"], "antes": [3], "sources":{ "minShopSlot": 2, "maxShopSlot": 6}}]},
    {"score": 98,"type": "And","clauses": [{"type": "SmallBlindTag", "value": "NegativeTag", "antes": [4]},{"type": "Joker",  "edition": "None", "values": ["OopsAll6s", "Blueprint", "Brainstorm", "InvisibleJoker"], "antes": [4], "sources":{ "minShopSlot": 2, "maxShopSlot": 10}}]},
    {"score": 98,"type": "And","clauses": [{"type": "SmallBlindTag", "value": "NegativeTag", "antes": [5]},{"type": "Joker",  "edition": "None", "values": ["OopsAll6s", "Blueprint", "Brainstorm", "InvisibleJoker"], "antes": [5], "sources":{ "minShopSlot": 2, "maxShopSlot": 14}}]},
    {"score": 98,"type": "And","clauses": [{"type": "SmallBlindTag", "value": "NegativeTag", "antes": [6]},{"type": "Joker",  "edition": "None", "values": ["OopsAll6s", "Blueprint", "Brainstorm", "InvisibleJoker"], "antes": [6], "sources":{ "minShopSlot": 2, "maxShopSlot": 20}}]},
    {"score": 98,"type": "And","clauses": [{"type": "SmallBlindTag", "value": "NegativeTag", "antes": [7]},{"type": "Joker",  "edition": "None", "values": ["OopsAll6s", "Blueprint", "Brainstorm", "InvisibleJoker"], "antes": [7], "sources":{ "minShopSlot": 2, "maxShopSlot": 50}}]},
    {"score": 98,"type": "And","clauses": [{"type": "SmallBlindTag", "value": "NegativeTag", "antes": [8]},{"type": "Joker",  "edition": "None", "values": ["OopsAll6s", "Blueprint", "Brainstorm", "InvisibleJoker"], "antes": [8], "sources":{ "minShopSlot": 2, "maxShopSlot": 70}}]}
  ],
  "mustNot": [],
  "deck": "Ghost",
  "stake": "White"
}