{
  "name": "Meow",
  "description": "Splashing on them Haters with Midas Touch",
  "author": "GriffsWisdom",
  "dateCreated": "2025-11-22T10:03:51.5874702Z",
  "deck": "Red",
  "stake": "white",
  "must": [
    { "Type": "smallblindtag", "Value": "CouponTag", "Antes": [1] },
    {
      "type": "Joker",
      "Value": "LuckyCat",
      "edition": "Negative",
      "antes": [1],
      "shopSlots": [0, 1],
      "packSlots": [0, 1]
    },
    {
      "type": "Joker",
      "Value": "Pareidolia",
      "antes": [1, 2, 3]
    },
    {
      "type": "Joker",
      "Value": "Vampire",
      "antes": [1, 2, 3]
    },
    {
      "type": "Joker",
      "Value": "MidasMask",
      "antes": [1, 2],
      "shopSlots": [0, 1],
      "packSlots": [0, 1]
    }
  ],
  "should": [
    {
      "score": 1,
      "type": "Joker",
      "Value": "Blueprint",
      "antes": [1, 2, 3, 4],
      "sources": {
        "minShopSlot": 2,
        "maxShopSlot": 22
      }
    },
    {
      "score": 1,
      "type": "Joker",
      "Value": "Brainstorm",
      "antes": [1, 2, 3, 4],
      "sources": {
        "minShopSlot": 0,
        "maxShopSlot": 1
      }
    }
  ],
  "mustNot": []
}
