{
  "name": "watch out-- he's hackin!",
  "description": "ante 10 negative tag.",
  "author": "pifreak",
  "dateCreated": "2025-09-27T05:46:12.6691000Z",
  "must": [
    {"type": "SoulJoker", "value": "Perkeo", "antes": [1,2,3]}
    
  ],
  "should": [
    {"Score": 1, "mode": "Max", "Type": "Or", "Clauses": [
      {"Type": "Joker", "value": "Blueprint", "shopSlots": [2,3,4,5,6], "antes": [6]},
      {"Type": "Joker", "value": "Blueprint", "shopSlots": [6,7,8,9,10], "antes": [6]},
      {"Type": "Joker", "value": "Blueprint", "shopSlots": [0,1,2,3,4,5,6,7,8], "antes": [7]},
      {"Type": "Joker", "value": "Blueprint", "shopSlots": [6,7,8,9,10], "antes": [7]}
    ]},
    {"Score": 1, "mode": "Max", "Type": "Or", "Clauses": [
      {"Type": "Joker", "value": "Brainstorm", "shopSlots": [2,3,4,5,6], "antes": [6]},
      {"Type": "Joker", "value": "Brainstorm", "shopSlots": [6,7,8,9,10], "antes": [6]},
      {"Type": "Joker", "value": "Brainstorm", "shopSlots": [0,1,2,3,4,5,6], "antes": [7]},
      {"Type": "Joker", "value": "Brainstorm", "shopSlots": [6,7,8,9,10], "antes": [7]}
    ]},
    {"Score": 1, "mode": "Max", "Type": "Or", "Clauses": [
      {"Type": "Joker", "value": "OopsAll6s", "shopSlots": [2,3,4,5,6], "antes": [6]},
      {"Type": "Joker", "value": "OopsAll6s", "shopSlots": [6,7,8,9,10], "antes": [6]},
      {"Type": "Joker", "value": "OopsAll6s", "shopSlots": [0,1,2,3,4,5,6], "antes": [7]},
      {"Type": "Joker", "value": "OopsAll6s", "shopSlots": [6,7,8,9,10], "antes": [7]}
    ]},
    {"Score": 1, "mode": "Max", "Type": "Or", "Clauses": [
      {"Type": "Joker", "value": "InvisibleJoker", "shopSlots": [2,3,4,5,6], "antes": [6]},
      {"Type": "Joker", "value": "InvisibleJoker", "shopSlots": [6,7,8,9,10], "antes": [6]},
      {"Type": "Joker", "value": "InvisibleJoker", "shopSlots": [0,1,2,3,4,5,6], "antes": [7]},
      {"Type": "Joker", "value": "InvisibleJoker", "shopSlots": [6,7,8,9,10], "antes": [7]}
    ]},

    {"type": "Or", "Mode": "Max", "Score": 100, "clauses": [
      {"Score": 1, "mode": "Max", "Type": "Or", "Clauses": [
        {"Type": "Joker", "value": "Blueprint", "shopSlots": [2,3,4,5,6], "antes": [6]},
        {"Type": "Joker", "value": "Blueprint", "shopSlots": [6,7,8,9,10], "antes": [6]},
        {"Type": "Joker", "value": "Blueprint", "shopSlots": [0,1,2,3,4,5,6], "antes": [7]},
        {"Type": "Joker", "value": "Blueprint", "shopSlots": [6,7,8,9,10], "antes": [7]}
      ]},
      {"Score": 1, "mode": "Max", "Type": "Or", "Clauses": [
        {"Type": "Joker", "value": "Brainstorm", "shopSlots": [2,3,4,5,6], "antes": [6]},
        {"Type": "Joker", "value": "Brainstorm", "shopSlots": [6,7,8,9,10], "antes": [6]},
        {"Type": "Joker", "value": "Brainstorm", "shopSlots": [0,1,2,3,4,5,6], "antes": [7]},
        {"Type": "Joker", "value": "Brainstorm", "shopSlots": [6,7,8,9,10], "antes": [7]}
      ]},
      {"Score": 1, "mode": "Max", "Type": "Or", "Clauses": [
        {"Type": "Joker", "value": "OopsAll6s", "shopSlots": [2,3,4,5,6], "antes": [6]},
        {"Type": "Joker", "value": "OopsAll6s", "shopSlots": [6,7,8,9,10], "antes": [6]},
        {"Type": "Joker", "value": "OopsAll6s", "shopSlots": [0,1,2,3,4,5,6], "antes": [7]},
        {"Type": "Joker", "value": "OopsAll6s", "shopSlots": [6,7,8,9,10], "antes": [7]}
      ]},
      {"Score": 1, "mode": "Max", "Type": "Or", "Clauses": [
        {"Type": "Joker", "value": "InvisibleJoker", "shopSlots": [2,3,4,5,6], "antes": [6]},
        {"Type": "Joker", "value": "InvisibleJoker", "shopSlots": [6,7,8,9,10], "antes": [6]},
        {"Type": "Joker", "value": "InvisibleJoker", "shopSlots": [0,1,2,3,4,5,6], "antes": [7]},
        {"Type": "Joker", "value": "InvisibleJoker", "shopSlots": [6,7,8,9,10], "antes": [7]}
      ]}
    ]}
],

  "mustNot": [],
  "deck": "Ghost",
  "stake": "Black"
}