{
  "name": "Hail Mary",
  "description": "Perkeo+Ankh, and a diet cola with treasure ante 8.",
  "author": "pifreak",
  "dateCreated": "2025-11-22T10:03:51.5874702Z",
  "deck": "Anaglyph",
  "stake": "white",
  "must": [{ "Type": "smallblindtag", "Value": "NegativeTag", "Antes": [7] },    {
      "score": 1,
      "type": "Joker",
      "Value": "Blueprint",
      "antes": [8],
      "sources": {
        "minShopSlot": 0,
        "maxShopSlot": 1
      }
    }],
  "should": [
    {
      "score": 1,
      "type": "Joker",
      "Value": "Blueprint",
      "antes": [7],
      "sources": {
        "minShopSlot": 2,
        "maxShopSlot": 22
      }
    },

    {
      "score": 1,
      "type": "Joker",
      "Value": "Blueprint",
      "antes": [8],
      "sources": {
        "minShopSlot": 0,
        "maxShopSlot": 1
      }
    }
  ],
  "mustNot": []
}
