{
  "name": "Stickerpox",
  "description": "Infecting your Deck with Seals on Standard Cards! ",
  "author": "pifreak",
  "dateCreated": "2025-11-21T10:03:51.5874702Z",
  "deck": "Ghost",
  "stake": "white",
  "must": [
    {
      "type": "SpectralCard",
      "Value": "Ankh",
      "Antes": [1],
      "shopSlots": [0, 1, 2, 3],
      "packSlots": [1, 2]
    },
    {
      "type": "Joker",
      "Value": "Certificate",
      "antes": [1],
      "shopSlots": [0, 1],
      "packSlots": [0, 1]
    }
  ],
  "should": [
    {
      "score": 10,
      "type": "Joker",
      "Value": "Blueprint",
      "antes": [1, 2],
      "packSlots": [0, 1, 2, 3]
    },
    {
      "score": 10,
      "type": "Joker",
      "Value": "Brainstorm",
      "antes": [1, 2],
      "packSlots": [0, 1, 2, 3]
    },
    {
      "score": 2,
      "type": "SpectralCard",
      "Value": "any",
      "Antes": [1, 2, 3, 4],
      "shopSlots": [0, 1, 2, 3]
    },
    {
      "score": 9,
      "type": "Joker",
      "Value": "Splash",
      "antes": [1, 2, 3],
      "packSlots": [0, 1, 2, 3]
    },
    {
      "score": 19,
      "type": "Joker",
      "Value": "Blueprint",
      "antes": [1, 2, 3, 4, 5],
      "packSlots": [0, 1, 2, 3]
    },
    {
      "score": 8,
      "type": "Joker",
      "Value": "Brainstorm",
      "antes": [1, 2, 3, 4, 5],
      "packSlots": [0, 1, 2, 3]
    },
    { "type": "Tag", "score": 2, "Value": "StandardTag" },
    { "type": "Tag", "Value": "NegativeTag", "score": 3 },
    { "type": "Tag", "Value": "EtherealTag" },
    {
      "type": "SpectralCard",
      "Value": "Aura",
      "Antes": [1, 2, 3, 4],
      "shopSlots": [0, 1, 2, 3]
    },
    {
      "type": "StandardCard",
      "Seal": "Blue",
      "antes": [2, 3, 4, 5, 6, 7, 8]
    },
    {
      "type": "StandardCard",
      "Seal": "Red",
      "antes": [2, 3, 4, 5, 6, 7, 8]
    },
    {
      "type": "StandardCard",
      "Seal": "Purple",
      "antes": [2, 3, 4, 5, 6, 7, 8]
    }
  ],
  "mustNot": []
}
