{
  "name": "Ankh",
  "description": "negative hack and ankh",
  "author": "maryuii",
  "must": [
    {
      "type": "Joker",
      "value": "Hack",
      "edition": "Negative",
      "antes": [1],
      "sources": {
        "packSlots": [0]
      }
    },
        {
      "type": "SpectralCard",
      "value": "Ankh",
      "antes": [1],
      "sources": {
        "packSlots": [1]
      }
    }
  ],
  "should": [
     {
      "type": "Joker",
      "value": "Hack",
      "edition": "Negative",
      "antes": [1],
      "sources": {
        "packSlots": [0]
      }
    },
        {
      "type": "SpectralCard",
      "value": "Ankh",
      "antes": [1],
      "sources": {
        "packSlots": [1]
      }
    },
    {
      "type": "Joker",
      "value": "Hack",
      "edition": "Negative",
      "antes": [2,3,4,5,6,7,8]
    }
    
  ],
  "mustNot": [],
  "deck": "Ghost",
  "stake": "White"
}