{
  "name": "banana finder",
  "description": "banana",
  "author": "pifreak",
  "dateCreated": "2025-08-18T15:17:57.3467835Z",
  "must": [
    {
      "type": "joker",
      "value": "GrosMichel",
      "sources": {
        "packSlots": [
          0
        ]
      },
      "antes": [1]
    },
    {
      "type": "joker",
      "value": "showman",
      "sources": {
        "packSlots": [
          0,1,2,3
        ],
        "shopSlots": [
          0,1,2,3
        ]
      },
      "antes": [1,2]
    }
  ],
  "should": [
    {
      "type": "joker",
      "value": "GrosMichel",
      "sources": {
        "packSlots": [
          0,1,2,3,4,5
        ],
        "shopSlots": [
          0,1,2,3,4,5
        ]
      },
      "antes": [2,3]
    },
    {
      "type": "joker",
      "value": "Cavendish",
      "sources": {
        "packSlots": [
          0,1,2,3,4,5
        ],
        "shopSlots": [
          0,1,2,3,4,5
        ]
      },
      "antes": [2,3,4,5,6,7,8]
    },
    {
      "type": "joker",
      "value": "GrosMichel",
      "edition": "Negative",
      "sources": {
        "packSlots": [
          0,1,2,3,4,5
        ],
        "shopSlots": [
          0,1,2,3,4,5
        ]
      },
      "antes": [2,3,4,5,6,7,8]
    },
    {
      "type": "joker",
      "value": "Cavendish",
      "edition": "Negative",
      "sources": {
        "packSlots": [
          0,1,2,3,4,5
        ],
        "shopSlots": [
          0,1,2,3,4,5
        ]
      },
      "antes": [2,3,4,5,6,7,8]
    }
  ],
  "mustNot": [],
  "deck": "Red",
  "stake": "White"
}