{
  "name": "HieroglyphPetroglyph",
  "description": "Hieroglyph and Petroglyph vouchers in the same ante (uses Hieroglyph's bonus voucher)",
  "author": "User",
  "dateCreated": "2025-10-12T00:00:00Z",
  "must": [
    {
      "type": "Voucher",
      "value": "Hieroglyph",
      "antes": [1,2,3,4,5,6,7,8]
    },
    {
      "type": "Voucher",
      "value": "Petroglyph",
      "antes": [1,2,3,4,5,6,7,8]
    }
  ],
  "should": [],
  "mustNot": [],
  "deck": "Red",
  "stake": "White"
}