{
  "name": "Hikin' onm them haterz",
  "description": "hiker seed with a bunch of retriggers/bp/bs",
  "author": "apoltree",
  "dateCreated": "2025-09-12T05:46:12.6691000Z",
  "must": [
    {
      "type": "Joker",
      "value": "Hiker",
      "antes": [1]
    },
     {
      "type": "Joker",
      "value": "Showman",
      "antes": [2,3,4,5]
    },
    {
      "type": "Joker",
      "value": "Blueprint",
      "antes": [2,3]
    },
    {
      "type": "Joker",
      "value": "Brainstorm",
      "antes": [2,3]
    }
  ],
  "should": [
    {
      "type": "Joker",
      "value": "Blueprint",
      "antes": [1,2,3,4,5,6,7]
    },
    {
      "type": "Joker",
      "value": "Brainstorm",
      "antes": [1,2,3,4,5,6,7]
    }
  ],
  "mustNot": []
}