{
  "name": "Hologr9mm",
  "description": "Hologram, cloud 9, DNA seed, blueprint",
  "author": "AmethystSplinter",
  "dateCreated": "2025-10-24T05:46:12.6691000Z",
  "must": [
    {
        "type": "Joker",
        "Edition": "Negative",
        "values": ["Blueprint", "Cloud9", "DNA", "Hologram"],
        "antes": [1,2],
        "packSlots": [0,1]
    },
    {
        "type": "Joker",
        "value": "Blueprint",
        "antes": [1,2]
    },
    {
        "type": "Joker",
        "value": "Cloud9",
        "antes": [1,2]
    },
    {
        "type": "Joker",
        "value": "DNA",
        "antes": [1,2]
    },
    {
        "type": "Joker",
        "value": "Hologram",
        "antes": [1,2,3]
    }

  ],
  "should": [
    {
        "type": "Joker",
        "values": ["Blueprint", "Cloud9", "DNA", "Hologram"],
        "antes": [1],
        "Score": 10
    },
    {
        "type": "Joker",
        "values": ["Blueprint", "Cloud9", "DNA", "Hologram"],
        "antes": [2],
        "Score": 7
    },
    {
        "type": "Joker",
        "values": ["Blueprint", "Cloud9", "DNA", "Hologram"],
        "antes": [3],
        "Score": 2
    },
    {
        "type": "Joker",
        "values": ["Blueprint", "Cloud9", "DNA", "Hologram"],
        "antes": [4],
        "Score": 1
    },
    {
        "type": "Joker",
        "Edition": "Negative",
        "value": "Blueprint",
        "antes": [1,2,3,4],
        "Score": 100
    },
    {
        "type": "Joker",
        "Edition": "Negative",
        "value": "Cloud9",
        "antes": [1,2,3,4],
        "Score": 90
    },
    {
        "type": "Joker",
        "Edition": "Negative",
        "value": "DNA",
        "antes": [1,2,3,4],
        "Score": 80
    },
    {
        "type": "Joker",
        "Edition": "Negative",
        "value": "Hologram",
        "antes": [1,2,3,4],
        "Score": 70
    }
  ],
  "mustNot": []
}