{
  "name": "LuckyAnte7",
  "description": "Test for any desired joker in the freebie plasma negative skip tag zone",
  "author": "test",
  "deck": "Anaglyph",
  "stake": "white",
  "must": [
    {"type": "SmallBlindTag", "value": "NegativeTag", "antes": [2]},
    {"type": "SmallBlindTag", "value": "NegativeTag", "antes": [3]},
    {"type": "SmallBlindTag", "value": "NegativeTag", "antes": [4]},
    {
        "type": "SoulJoker", "value": "Perkeo",  "antes": [1,2,3,4],
        "score": 10
    }
  ],
  "should": [
    {"type": "SmallBlindTag", "score": 100, "value": "NegativeTag", "antes": [2]},
    {"type": "Joker", "score": 10, "value": "Baron","antes": [2], "sources": {"shopSlots":  [2,3,4,5]}},
    {"type": "Joker", "score": 10, "value": "Mime","antes": [2], "sources": {"shopSlots":  [2,3,4,5]}},
    {"type": "Joker", "score": 10, "value": "Brainstorm","antes": [2], "sources": {"shopSlots":  [2,3,4,5]}},
    {"type": "Joker", "score": 10, "value": "Blueprint","antes": [2], "sources": {"shopSlots":  [2,3,4,5]}},

    {"type": "SmallBlindTag", "score": 100, "value": "NegativeTag", "antes": [3]},
    {"type": "Joker", "score": 10, "value": "Baron","antes": [3], "sources": {"shopSlots":  [2,3,4,5,6]}},
    {"type": "Joker", "score": 10, "value": "Mime","antes": [3], "sources": {"shopSlots":  [2,3,4,5,6]}},
    {"type": "Joker", "score": 10, "value": "Brainstorm","antes": [3], "sources": {"shopSlots":  [2,3,4,5,6]}},
    {"type": "Joker", "score": 10, "value": "Blueprint","antes": [3], "sources": {"shopSlots":  [2,3,4,5,6]}},

    {"type": "SmallBlindTag", "score": 100, "value": "NegativeTag", "antes": [4]},
    {"type": "Joker", "score": 10, "value": "Baron","antes": [4], "sources": {"shopSlots":  [2,3,4,5,6,7]}},
    {"type": "Joker", "score": 10, "value": "Mime","antes": [4], "sources": {"shopSlots":  [2,3,4,5,6,7]}},
    {"type": "Joker", "score": 10, "value": "Brainstorm","antes": [4], "sources": {"shopSlots":  [2,3,4,5,6,7]}},
    {"type": "Joker", "score": 10, "value": "Blueprint","antes": [4], "sources": {"shopSlots":  [2,3,4,5,6,7]}},

    {"type": "Joker", "score": 10, "edition": "negative", "value": "Baron","antes": [1,2,3,4],
    "sources": {"shopSlots":  [0,1,2,3,4,5,6,7,8,9,10,11,12]}},

    {"type": "Joker", "score": 10, "edition": "negative", "value": "Mime","antes": [1,2,3,4],
    "sources": {"packSlots": [0,1,2,3,4,5], "shopSlots":  [0,1,2,3,4,5,6,7,8,9,10,11,12]}},
    {"type": "Joker", "score": 10, "edition": "negative", "value": "Brainstorm","antes": [1,2,3,4],
    "sources": {"packSlots": [0,1,2,3,4,5], "shopSlots":  [0,1,2,3,4,5,6,7,8,9,10,11,12]}},
    {"type": "Joker", "score": 10, "edition": "negative", "value": "Blueprint","antes": [1,2,3,4],
    "sources": {"packSlots": [0,1,2,3,4,5], "shopSlots":  [0,1,2,3,4,5,6,7,8,9,10,11,12]}}

  ],
  "mustNot": []
}