{
  "name": "Ice Cream Party",
  "description": "It's an ICe Cream Party!!!!!",
  "author": "pifreak",
  "dateCreated": "2025-11-16T10:03:51.5874702Z",
  "deck": "Anaglyph",
  "stake": "black",
  "must": [
    {
      "type": "Joker",
      "Value": "IceCream",
      "Antes": [1],
      "shopSlots": [0, 1],
      "packSlots": [0, 1]
    },
    {
      "type": "Joker",
      "Value": "Showman",
      "Antes": [1, 2],
      "shopSlots": [0, 1]
    }
  ],
  "should": [
    {
      "score": 2,
      "type": "souljoker",
      "value": "Triboulet",
      "antes": [1, 2, 3, 4]
    },
    {
      "score": 2,
      "type": "souljoker",
      "value": "Perkeo",
      "antes": [1, 2, 3, 4]
    },
    {
      "type": "Joker",
      "Value": "IceCream",
      "Antes": [2, 3, 4, 5, 6, 7, 8]
    }
  ],
  "mustNot": []
}
