{
  "name": "Percoulet",
  "description": "Perkeo A1, ankh A1 Triboulet after ankh (ideally A2-3)  Diet cola and negative tag around A12-15 and as many early invis as possible in the first 5-6 antes",
  "author": "Hamburbur (yummy)",
  "must": [
    {"type": "SoulJoker", "value": "Perkeo", "Antes":[1]},
    {"type": "SpectralCard", "value": "Ankh", "Antes":[1], "sources": {"shopSlots": [0,1,2,3]}},
    {"type": "smalBlindTag", "Value": "NegativeTag", "antes": [12,13,14,15,16]},
    {"type": "Joker", "Value": "DietCola", "antes": [8,9,10,11,12]}
  ],
  "should": [
    {"type": "Joker", "value": "InvisibleJoker", "Antes": [1,2,3,4,5]}
  ],
  "mustNot": [],
  "deck": "Erratic",
  "stake": "White"
}