{
  "name": "Clown World",
  "description": "so many fucking chaos the clown it makes no fucking sense!!!",
  "author": "pifreak", 
  "dateCreated": "2025-10-28T00:00:00.000Z",
  "deck": "Ghost",
  "stake": "White",
  "mustNot": [
        {"Type": "Joker", "Edition": "None", "Antes": [1,2,3,4,5,6,7,8], "packSlots": [0,1]}
  ],
  "must": [
    {"Type": "Joker", "Edition": "None", "Antes": [1,2,3,4,5,6,7,8], "packSlots": [0,1]}
  ],
    "should": [
        {
            "Score": 100,
            "Type": "And",
            "Clauses": [
                {"Type": "SmallBlindTag", "Value": "NegativeTag", "Antes": [2]},
                {"Type": "Or", "Mode": "Max", "Score": 1,
                "Clauses": [
                    {"Score": 1,"Mode": "Max","Type": "Or", "Clauses": [
                        {"Type": "Joker", "Values": ["ChaosTheClown", "CreditCard"], "Antes": [2], "ShopSlots": [2,3,4]},
                        {"Type": "Joker", "Values": ["ChaosTheClown", "CreditCard"], "Antes": [2], "ShopSlots": [4,5,6]}
                    ]}]}]
        },
        {
            "Score": 95,
            "Type": "And",
            "Clauses": [
                {"Type": "SmallBlindTag", "Value": "NegativeTag", "Antes": [3]},
                {"Type": "Or", "Mode": "Max", "Score": 1,
                "Clauses": [
                    {"Score": 1,"Mode": "Max","Type": "Or", "Clauses": [
                        {"Type": "Joker", "Values": ["ChaosTheClown", "CreditCard"], "Antes": [3], "ShopSlots": [2,3,4,5]},
                        {"Type": "Joker", "Values": ["ChaosTheClown", "CreditCard"], "Antes": [3], "ShopSlots": [5,6,7,8]}
                    ]}]}]
        },
                {
            "Score": 90,
            "Type": "And",
            "Clauses": [
                {"Type": "SmallBlindTag", "Value": "NegativeTag", "Antes": [4]},
                {"Type": "Or", "Mode": "Max", "Score": 1,
                "Clauses": [
                    {"Score": 1,"Mode": "Max","Type": "Or", "Clauses": [
                        {"Type": "Joker", "Values": ["ChaosTheClown", "CreditCard"], "Antes": [4], "ShopSlots": [2,3,4,5]},
                        {"Type": "Joker", "Values": ["ChaosTheClown", "CreditCard"], "Antes": [4], "ShopSlots": [5,6,7,8]}
                    ]}]}]
        },
                {
            "Score": 90,
            "Type": "And",
            "Clauses": [
                {"Type": "SmallBlindTag", "Value": "NegativeTag", "Antes": [5]},
                {"Type": "Or", "Mode": "Max", "Score": 1,
                "Clauses": [
                    {"Score": 1,"Mode": "Max","Type": "Or", "Clauses": [
                        {"Type": "Joker", "Values": ["ChaosTheClown", "CreditCard"], "Antes": [5], "ShopSlots": [2,3,4,5,6]},
                        {"Type": "Joker", "Values": ["ChaosTheClown", "CreditCard"], "Antes": [5], "ShopSlots": [6,7,8,9,10]}
                    ]}]}]
        },
                {
            "Score": 95,
            "Type": "And",
            "Clauses": [
                {"Type": "SmallBlindTag", "Value": "NegativeTag", "Antes": [6]},
                {"Type": "Or", "Mode": "Max", "Score": 1,
                "Clauses": [
                    {"Score": 1,"Mode": "Max","Type": "Or", "Clauses": [
                        {"Type": "Joker", "Values": ["ChaosTheClown", "CreditCard"], "Antes": [6], "ShopSlots": [2,3,4,5,6]},
                        {"Type": "Joker", "Values": ["ChaosTheClown", "CreditCard"], "Antes": [6], "ShopSlots": [6,7,8,9,10]}
                    ]}]}]
        },
                {
            "Score": 120,
            "Type": "And",
            "Clauses": [
                {"Type": "SmallBlindTag", "Value": "NegativeTag", "Antes": [7]},
                {"Type": "Or", "Mode": "Max", "Score": 1,
                "Clauses": [
                    {"Score": 1,"Mode": "Max","Type": "Or", "Clauses": [
                        {"Type": "Joker", "Values": ["ChaosTheClown", "CreditCard"], "Antes": [7], "ShopSlots": [2,3,4,5,6,7]},
                        {"Type": "Joker", "Values": ["ChaosTheClown", "CreditCard"], "Antes": [7], "ShopSlots": [7,8,9,10,11,12]}
                    ]}]}]
        },
        {
            "Score": 150,
            "Type": "And",
            "Clauses": [
                {"Type": "SmallBlindTag", "Value": "NegativeTag", "Antes": [8]},
                {"Type": "Or", "Mode": "Max", "Score": 1,
                "Clauses": [
                    {"Score": 1,"Mode": "Max","Type": "Or", "Clauses": [
                        {"Type": "Joker", "Values": ["ChaosTheClown", "CreditCard"], "Antes": [8], "ShopSlots": [2,3,4,5,6,7,8]},
                        {"Type": "Joker", "Values": ["ChaosTheClown", "CreditCard"], "Antes": [8], "ShopSlots": [9,10,11,12,13,14,15]}
                    ]}]}]
        }
    ]
}
