{
  "name": "Immolation",
  "description": "Hologram Abyuse via immolate and then splash carding over Incation",
  "author": "pifreak",
  "deck": "Ghost",
  "stake": "White",
  "must": [
    {"type": "SoulJoker", "Value": "Perkeo", "antes": [1], "packSlots": [1]},
    {"type": "SpectralCard", "Value": "Immolate", "antes": [1,2,3,4], "shopSlots": [0,1,2,3]},
    {"type": "SpectralCard", "Value": "Incantation", "antes": [1,2,3,4,5,6,7,8], "shopSlots": [0,1,2,3]},
    {"type": "Joker", "Value": "Showman", "antes": [1,2,3]},
    {"type": "Joker", "Values": ["Hologram", "Blueprint", "Brainstorm", "InvisibleJoker"], "antes": [1,2,3]}
  ],
  "should": [
      {"score": 100, "type": "SoulJoker", "edition": "Negative", "Value": "Perkeo", "antes": [1,2,3,4,5,6,7,8]},
      {"score": 75, "type": "Joker", "edition": "Negative", "Value": "Showman", "antes": [1], "sources": {"packSlots": [0], "shopSlots": [0,1]}},
      
      {"score": 10, "type": "SpectralCard", "Value": "Immolate", "antes": [1], "shopSlots": [0,1]},
      {"score": 1, "type": "SpectralCard", "Value": "Incantation", "antes": [1], "shopSlots": [0,1]},

      {"score": 4, "type": "SpectralCard", "Value": "Immolate", "antes": [2], "shopSlots": [0,1]},
      {"score": 8, "type": "SpectralCard", "Value": "Incantation", "antes": [2], "shopSlots": [0,1]},

      {"score": 1, "type": "SpectralCard", "Value": "Immolate", "antes": [3], "shopSlots": [0,1]},
      {"score": 10, "type": "SpectralCard", "Value": "Incantation", "antes": [3], "shopSlots": [0,1]}
  ],
  "mustNot": []
}