{
  "name": "PerkeoRevival",
  "description": "Ante 1 perkeo in charm + rare tag, 2 ante immonate in ghost deck temperance as well in that charm tag",
  "author": "Mr_Minecraft_Ash",
  "deck": "Ghost",
  "stake": "black",
  "must": [
    {"min": 1, "type": "SoulJoker", "Value": "Perkeo", "antes": [1]},
    {"min": 1, "type": "SoulJoker", "Value": "Perkeo", "antes": [8]},
    {"min": 2, "type": "SoulJoker", "Value": "Perkeo", "antes": [1,2,3,4,5,6,7,8]}
  ],
  "should": [
    {"score": 1, "type": "SoulJoker", "Edition": "Negative", "Value": "Any", "antes": [1]},
    {"score": 100, "type": "SoulJoker", "Edition": "Negative", "Value": "Any", "antes": [2,3,4,5,6,7,8]},
    
    {"score": 100, "type": "SoulJoker", "Edition": "Negative", "Value": "Any", "antes": [1,2,3,4,5,6,7,8,9,10,11,12,13,14,15,16,17,18,19,20,21,22,23,24,25,26,27,28,29,30,31,32,33,34,35,36,37,38,39]},
    {"score": 1, "type": "Joker",  "Values": ["Blueprint", "Brainstorm"], "Antes": [1,2,3,4]},
    {"score": 10, "type": "Joker", "Edition": "Negative", "Values": ["Blueprint", "Brainstorm"], "Antes": [1,2,3,4]}
    
  ],
  "mustNot": []
}
