{
  "name": "Insane Wee Hacker",
  "description": "Wee Joker + Showman scored by how many Hacks",
  "author": "pifreak",
  "dateCreated": "2025-11-08T10:03:51.5874702Z",
  "deck": "Anaglyph",
  "stake": "White",
  "must": [
    {
      "type": "joker",
      "value": "WeeJoker",
      "antes": [1]
    },
    {
      "type": "joker",
      "value": "Showman",
      "antes": [1]
    },
    {
      "type": "joker",
      "value": "Hack",
      "antes": [1]
    },
    {
      "type": "and",
      "Antes": [2],
      "Mode": "Sum",
      "Clauses": [
        { "type": "SmallBlindTag", "value": "NegativeTag" },
        {
          "type": "joker",
          "value": "Hack",
          "shopSlots": [2, 3, 4]
        }
      ]
    }
  ],
  "should": [
    {
      "score": 100,
      "type": "and",
      "Antes": [2, 3, 4, 5, 6, 7, 8],
      "Mode": "Sum",
      "Clauses": [
        { "type": "SmallBlindTag", "value": "NegativeTag" },
        {
          "type": "joker",
          "value": "Hack",
          "shopSlots": [2, 3, 4]
        }
      ]
    },

    {
      "type": "souljoker",
      "value": "Perkeo",
      "antes": [1, 2, 3, 4, 5, 6, 7, 8]
    },
    {
      "type": "souljoker",
      "value": "Chicot",
      "antes": [1, 2, 3, 4, 5, 6, 7, 8]
    },
    {
      "type": "souljoker",
      "value": "Triboulet",
      "antes": [1, 2, 3, 4, 5, 6, 7, 8]
    },
    {
      "type": "souljoker",
      "value": "Canio",
      "antes": [1, 2, 3, 4, 5, 6, 7, 8]
    },
    {
      "type": "souljoker",
      "value": "Yorick",
      "antes": [1, 2, 3, 4, 5, 6, 7, 8]
    }
  ],
  "mustNot": []
}
