{
  "name": "Investment",
  "description": "Investment",
  "author": "Dinoboy",
  "must": [
    {"type": "SmallBlindTag", "Value": "InvestmentTag", "antes": [1]},
    {"type": "BigBlindTag", "Value": "InvestmentTag", "antes": [1]},
        {"score": 10, "type": "Tag", "Value": "InvestmentTag", "antes": [2]},
    {"score": 10, "type": "Tag", "Value": "InvestmentTag", "antes": [3]},
    {"score": 10, "type": "Tag", "Value": "InvestmentTag", "antes": [4]},
    {"score": 9, "type": "Tag", "Value": "InvestmentTag", "antes": [5]}
  ],
  "should": [
    {"score": 10, "type": "Tag", "Value": "InvestmentTag", "antes": [1]},
    {"score": 10, "type": "Tag", "Value": "InvestmentTag", "antes": [2]},
    {"score": 10, "type": "Tag", "Value": "InvestmentTag", "antes": [3]},
    {"score": 10, "type": "Tag", "Value": "InvestmentTag", "antes": [4]},
    {"score": 9, "type": "Tag", "Value": "InvestmentTag", "antes": [5]},
    {"score": 9, "type": "Tag", "Value": "InvestmentTag", "antes": [6]},
    {"score": 8, "type": "Tag", "Value": "InvestmentTag", "antes": [7]},
    {"score": 8, "type": "Tag", "Value": "InvestmentTag", "antes": [8]},
    {"score": 7, "type": "Tag", "Value": "InvestmentTag", "antes": [9]},
    {"score": 7, "type": "Tag", "Value": "InvestmentTag", "antes": [10]},
    {"score": 6, "type": "Tag", "Value": "InvestmentTag", "antes": [11]},
    {"score": 5, "type": "Tag", "Value": "InvestmentTag", "antes": [12]},
    {"score": 4, "type": "Tag", "Value": "InvestmentTag", "antes": [13]},
    {"score": 3, "type": "Tag", "Value": "InvestmentTag", "antes": [14]},
    {"score": 2, "type": "Tag", "Value": "InvestmentTag", "antes": [15]},
    {"score": 1, "type": "Tag", "Value": "InvestmentTag", "antes": [16]}
  ],
  "mustNot": [],
  "deck": "Ghost",
  "stake": "White"
}