{
  "name": "Joker Scorecard (1-point each)",
  "description": "Scores 1 point for each Motely Joker present in a seed.",
  "deck": "Red",
  "stake": "White",
  "mode": "sum",
  "must": [
      {"Type": "Voucher", "Value": "Telescope", "Antes": [1,2,3,4,5,6,7,8]},
      {"Type": "Voucher", "Value": "Observatory", "Antes": [2,3,4,5,6,7,8,9]},
      {"min": 4, "Type": "Joker", "values": ["Blueprint", "Brainstorm", "InvisibleJoker"], "antes": [1,2,3,4,5,6,7,8,9,10]}
  ],
  "should": [
    {"antes": [2,3,4,5,6,7,8], "Edition": "Negative", "sources": {"shopSlots": [0,1,2,3,4,5], "packSlots": [0,1,2,3,4,5]}, "type": "Joker", "value": "Joker", "score": 1},
    {"antes": [2,3,4,5,6,7,8], "Edition": "Negative", "sources": {"shopSlots": [0,1,2,3,4,5], "packSlots": [0,1,2,3,4,5]}, "type": "Joker", "value": "GreedyJoker", "score": 1},
    {"antes": [2,3,4,5,6,7,8], "Edition": "Negative", "sources": {"shopSlots": [0,1,2,3,4,5], "packSlots": [0,1,2,3,4,5]}, "type": "Joker", "value": "LustyJoker", "score": 1},
    {"antes": [2,3,4,5,6,7,8], "Edition": "Negative", "sources": {"shopSlots": [0,1,2,3,4,5], "packSlots": [0,1,2,3,4,5]}, "type": "Joker", "value": "WrathfulJoker", "score": 1},
    {"antes": [2,3,4,5,6,7,8], "Edition": "Negative", "sources": {"shopSlots": [0,1,2,3,4,5], "packSlots": [0,1,2,3,4,5]}, "type": "Joker", "value": "GluttonousJoker", "score": 1},
    {"antes": [2,3,4,5,6,7,8], "Edition": "Negative", "sources": {"shopSlots": [0,1,2,3,4,5], "packSlots": [0,1,2,3,4,5]}, "type": "Joker", "value": "JollyJoker", "score": 1},
    {"antes": [2,3,4,5,6,7,8], "Edition": "Negative", "sources": {"shopSlots": [0,1,2,3,4,5], "packSlots": [0,1,2,3,4,5]}, "type": "Joker", "value": "ZanyJoker", "score": 1},
    {"antes": [2,3,4,5,6,7,8], "Edition": "Negative", "sources": {"shopSlots": [0,1,2,3,4,5], "packSlots": [0,1,2,3,4,5]}, "type": "Joker", "value": "MadJoker", "score": 1},
    {"antes": [2,3,4,5,6,7,8], "Edition": "Negative", "sources": {"shopSlots": [0,1,2,3,4,5], "packSlots": [0,1,2,3,4,5]}, "type": "Joker", "value": "CrazyJoker", "score": 1},
    {"antes": [2,3,4,5,6,7,8], "Edition": "Negative", "sources": {"shopSlots": [0,1,2,3,4,5], "packSlots": [0,1,2,3,4,5]}, "type": "Joker", "value": "DrollJoker", "score": 1},
    {"antes": [2,3,4,5,6,7,8], "Edition": "Negative", "sources": {"shopSlots": [0,1,2,3,4,5], "packSlots": [0,1,2,3,4,5]}, "type": "Joker", "value": "SlyJoker", "score": 1},
    {"antes": [2,3,4,5,6,7,8], "Edition": "Negative", "sources": {"shopSlots": [0,1,2,3,4,5], "packSlots": [0,1,2,3,4,5]}, "type": "Joker", "value": "WilyJoker", "score": 1},
    {"antes": [2,3,4,5,6,7,8], "Edition": "Negative", "sources": {"shopSlots": [0,1,2,3,4,5], "packSlots": [0,1,2,3,4,5]}, "type": "Joker", "value": "CleverJoker", "score": 1},
    {"antes": [2,3,4,5,6,7,8], "Edition": "Negative", "sources": {"shopSlots": [0,1,2,3,4,5], "packSlots": [0,1,2,3,4,5]}, "type": "Joker", "value": "DeviousJoker", "score": 1},
    {"antes": [2,3,4,5,6,7,8], "Edition": "Negative", "sources": {"shopSlots": [0,1,2,3,4,5], "packSlots": [0,1,2,3,4,5]}, "type": "Joker", "value": "CraftyJoker", "score": 1},
    {"antes": [2,3,4,5,6,7,8], "Edition": "Negative", "sources": {"shopSlots": [0,1,2,3,4,5], "packSlots": [0,1,2,3,4,5]}, "type": "Joker", "value": "HalfJoker", "score": 1},
    {"antes": [2,3,4,5,6,7,8], "Edition": "Negative", "sources": {"shopSlots": [0,1,2,3,4,5], "packSlots": [0,1,2,3,4,5]}, "type": "Joker", "value": "CreditCard", "score": 1},
    {"antes": [2,3,4,5,6,7,8], "Edition": "Negative", "sources": {"shopSlots": [0,1,2,3,4,5], "packSlots": [0,1,2,3,4,5]}, "type": "Joker", "value": "Banner", "score": 1},
    {"antes": [2,3,4,5,6,7,8], "Edition": "Negative", "sources": {"shopSlots": [0,1,2,3,4,5], "packSlots": [0,1,2,3,4,5]}, "type": "Joker", "value": "MysticSummit", "score": 1},
    {"antes": [2,3,4,5,6,7,8], "Edition": "Negative", "sources": {"shopSlots": [0,1,2,3,4,5], "packSlots": [0,1,2,3,4,5]}, "type": "Joker", "value": "EightBall", "score": 1},
    {"antes": [2,3,4,5,6,7,8], "Edition": "Negative", "sources": {"shopSlots": [0,1,2,3,4,5], "packSlots": [0,1,2,3,4,5]}, "type": "Joker", "value": "Misprint", "score": 1},
    {"antes": [2,3,4,5,6,7,8], "Edition": "Negative", "sources": {"shopSlots": [0,1,2,3,4,5], "packSlots": [0,1,2,3,4,5]}, "type": "Joker", "value": "RaisedFist", "score": 1},
    {"antes": [2,3,4,5,6,7,8], "Edition": "Negative", "sources": {"shopSlots": [0,1,2,3,4,5], "packSlots": [0,1,2,3,4,5]}, "type": "Joker", "value": "ChaostheClown", "score": 1},
    {"antes": [2,3,4,5,6,7,8], "Edition": "Negative", "sources": {"shopSlots": [0,1,2,3,4,5], "packSlots": [0,1,2,3,4,5]}, "type": "Joker", "value": "ScaryFace", "score": 1},
    {"antes": [2,3,4,5,6,7,8], "Edition": "Negative", "sources": {"shopSlots": [0,1,2,3,4,5], "packSlots": [0,1,2,3,4,5]}, "type": "Joker", "value": "AbstractJoker", "score": 1},
    {"antes": [2,3,4,5,6,7,8], "Edition": "Negative", "sources": {"shopSlots": [0,1,2,3,4,5], "packSlots": [0,1,2,3,4,5]}, "type": "Joker", "value": "DelayedGratification", "score": 1},
    {"antes": [2,3,4,5,6,7,8], "Edition": "Negative", "sources": {"shopSlots": [0,1,2,3,4,5], "packSlots": [0,1,2,3,4,5]}, "type": "Joker", "value": "GrosMichel", "score": 1},
    {"antes": [2,3,4,5,6,7,8], "Edition": "Negative", "sources": {"shopSlots": [0,1,2,3,4,5], "packSlots": [0,1,2,3,4,5]}, "type": "Joker", "value": "EvenSteven", "score": 1},
    {"antes": [2,3,4,5,6,7,8], "Edition": "Negative", "sources": {"shopSlots": [0,1,2,3,4,5], "packSlots": [0,1,2,3,4,5]}, "type": "Joker", "value": "OddTodd", "score": 1},
    {"antes": [2,3,4,5,6,7,8], "Edition": "Negative", "sources": {"shopSlots": [0,1,2,3,4,5], "packSlots": [0,1,2,3,4,5]}, "type": "Joker", "value": "Scholar", "score": 1},
    {"antes": [2,3,4,5,6,7,8], "Edition": "Negative", "sources": {"shopSlots": [0,1,2,3,4,5], "packSlots": [0,1,2,3,4,5]}, "type": "Joker", "value": "BusinessCard", "score": 1},
    {"antes": [2,3,4,5,6,7,8], "Edition": "Negative", "sources": {"shopSlots": [0,1,2,3,4,5], "packSlots": [0,1,2,3,4,5]}, "type": "Joker", "value": "Supernova", "score": 1},
    {"antes": [2,3,4,5,6,7,8], "Edition": "Negative", "sources": {"shopSlots": [0,1,2,3,4,5], "packSlots": [0,1,2,3,4,5]}, "type": "Joker", "value": "RideTheBus", "score": 1},
    {"antes": [2,3,4,5,6,7,8], "Edition": "Negative", "sources": {"shopSlots": [0,1,2,3,4,5], "packSlots": [0,1,2,3,4,5]}, "type": "Joker", "value": "Egg", "score": 1},
    {"antes": [2,3,4,5,6,7,8], "Edition": "Negative", "sources": {"shopSlots": [0,1,2,3,4,5], "packSlots": [0,1,2,3,4,5]}, "type": "Joker", "value": "Runner", "score": 1},
    {"antes": [2,3,4,5,6,7,8], "Edition": "Negative", "sources": {"shopSlots": [0,1,2,3,4,5], "packSlots": [0,1,2,3,4,5]}, "type": "Joker", "value": "IceCream", "score": 1},
    {"antes": [2,3,4,5,6,7,8], "Edition": "Negative", "sources": {"shopSlots": [0,1,2,3,4,5], "packSlots": [0,1,2,3,4,5]}, "type": "Joker", "value": "Splash", "score": 1},
    {"antes": [2,3,4,5,6,7,8], "Edition": "Negative", "sources": {"shopSlots": [0,1,2,3,4,5], "packSlots": [0,1,2,3,4,5]}, "type": "Joker", "value": "BlueJoker", "score": 1},
    {"antes": [2,3,4,5,6,7,8], "Edition": "Negative", "sources": {"shopSlots": [0,1,2,3,4,5], "packSlots": [0,1,2,3,4,5]}, "type": "Joker", "value": "FacelessJoker", "score": 1},
    {"antes": [2,3,4,5,6,7,8], "Edition": "Negative", "sources": {"shopSlots": [0,1,2,3,4,5], "packSlots": [0,1,2,3,4,5]}, "type": "Joker", "value": "GreenJoker", "score": 1},
    {"antes": [2,3,4,5,6,7,8], "Edition": "Negative", "sources": {"shopSlots": [0,1,2,3,4,5], "packSlots": [0,1,2,3,4,5]}, "type": "Joker", "value": "Superposition", "score": 1},
    {"antes": [2,3,4,5,6,7,8], "Edition": "Negative", "sources": {"shopSlots": [0,1,2,3,4,5], "packSlots": [0,1,2,3,4,5]}, "type": "Joker", "value": "ToDoList", "score": 1},
    {"antes": [2,3,4,5,6,7,8], "Edition": "Negative", "sources": {"shopSlots": [0,1,2,3,4,5], "packSlots": [0,1,2,3,4,5]}, "type": "Joker", "value": "Cavendish", "score": 1},
    {"antes": [2,3,4,5,6,7,8], "Edition": "Negative", "sources": {"shopSlots": [0,1,2,3,4,5], "packSlots": [0,1,2,3,4,5]}, "type": "Joker", "value": "RedCard", "score": 1},
    {"antes": [2,3,4,5,6,7,8], "Edition": "Negative", "sources": {"shopSlots": [0,1,2,3,4,5], "packSlots": [0,1,2,3,4,5]}, "type": "Joker", "value": "SquareJoker", "score": 1},
    {"antes": [2,3,4,5,6,7,8], "Edition": "Negative", "sources": {"shopSlots": [0,1,2,3,4,5], "packSlots": [0,1,2,3,4,5]}, "type": "Joker", "value": "RiffRaff", "score": 1},
    {"antes": [2,3,4,5,6,7,8], "Edition": "Negative", "sources": {"shopSlots": [0,1,2,3,4,5], "packSlots": [0,1,2,3,4,5]}, "type": "Joker", "value": "Photograph", "score": 1},
    {"antes": [2,3,4,5,6,7,8], "Edition": "Negative", "sources": {"shopSlots": [0,1,2,3,4,5], "packSlots": [0,1,2,3,4,5]}, "type": "Joker", "value": "ReservedParking", "score": 1},
    {"antes": [2,3,4,5,6,7,8], "Edition": "Negative", "sources": {"shopSlots": [0,1,2,3,4,5], "packSlots": [0,1,2,3,4,5]}, "type": "Joker", "value": "MailInRebate", "score": 1},
    {"antes": [2,3,4,5,6,7,8], "Edition": "Negative", "sources": {"shopSlots": [0,1,2,3,4,5], "packSlots": [0,1,2,3,4,5]}, "type": "Joker", "value": "Hallucination", "score": 1},
    {"antes": [2,3,4,5,6,7,8], "Edition": "Negative", "sources": {"shopSlots": [0,1,2,3,4,5], "packSlots": [0,1,2,3,4,5]}, "type": "Joker", "value": "FortuneTeller", "score": 1},
    {"antes": [2,3,4,5,6,7,8], "Edition": "Negative", "sources": {"shopSlots": [0,1,2,3,4,5], "packSlots": [0,1,2,3,4,5]}, "type": "Joker", "value": "Juggler", "score": 1},
    {"antes": [2,3,4,5,6,7,8], "Edition": "Negative", "sources": {"shopSlots": [0,1,2,3,4,5], "packSlots": [0,1,2,3,4,5]}, "type": "Joker", "value": "Drunkard", "score": 1},
    {"antes": [2,3,4,5,6,7,8], "Edition": "Negative", "sources": {"shopSlots": [0,1,2,3,4,5], "packSlots": [0,1,2,3,4,5]}, "type": "Joker", "value": "GoldenJoker", "score": 1},
    {"antes": [2,3,4,5,6,7,8], "Edition": "Negative", "sources": {"shopSlots": [0,1,2,3,4,5], "packSlots": [0,1,2,3,4,5]}, "type": "Joker", "value": "Popcorn", "score": 1},
    {"antes": [2,3,4,5,6,7,8], "Edition": "Negative", "sources": {"shopSlots": [0,1,2,3,4,5], "packSlots": [0,1,2,3,4,5]}, "type": "Joker", "value": "WalkieTalkie", "score": 1},
    {"antes": [2,3,4,5,6,7,8], "Edition": "Negative", "sources": {"shopSlots": [0,1,2,3,4,5], "packSlots": [0,1,2,3,4,5]}, "type": "Joker", "value": "SmileyFace", "score": 1},
    {"antes": [2,3,4,5,6,7,8], "Edition": "Negative", "sources": {"shopSlots": [0,1,2,3,4,5], "packSlots": [0,1,2,3,4,5]}, "type": "Joker", "value": "GoldenTicket", "score": 1},
    {"antes": [2,3,4,5,6,7,8], "Edition": "Negative", "sources": {"shopSlots": [0,1,2,3,4,5], "packSlots": [0,1,2,3,4,5]}, "type": "Joker", "value": "Swashbuckler", "score": 1},
    {"antes": [2,3,4,5,6,7,8], "Edition": "Negative", "sources": {"shopSlots": [0,1,2,3,4,5], "packSlots": [0,1,2,3,4,5]}, "type": "Joker", "value": "HangingChad", "score": 1},
    {"antes": [2,3,4,5,6,7,8], "Edition": "Negative", "sources": {"shopSlots": [0,1,2,3,4,5], "packSlots": [0,1,2,3,4,5]}, "type": "Joker", "value": "ShootTheMoon", "score": 1},


    {"antes": [2,3,4,5,6,7,8], "sources": {"shopSlots": [0,1,2,3,4,5], "packSlots": [0,1,2,3,4,5]}, "edition": "Negative", "type": "Joker", "value": "JokerStencil", "score": 10},
    {"antes": [2,3,4,5,6,7,8], "sources": {"shopSlots": [0,1,2,3,4,5], "packSlots": [0,1,2,3,4,5]}, "edition": "Negative", "type": "Joker", "value": "FourFingers", "score": 10},
    {"antes": [2,3,4,5,6,7,8], "sources": {"shopSlots": [0,1,2,3,4,5], "packSlots": [0,1,2,3,4,5]}, "edition": "Negative", "type": "Joker", "value": "Mime", "score": 10},
    {"antes": [2,3,4,5,6,7,8], "sources": {"shopSlots": [0,1,2,3,4,5], "packSlots": [0,1,2,3,4,5]}, "edition": "Negative", "type": "Joker", "value": "CeremonialDagger", "score": 10},
    {"antes": [2,3,4,5,6,7,8], "sources": {"shopSlots": [0,1,2,3,4,5], "packSlots": [0,1,2,3,4,5]}, "edition": "Negative", "type": "Joker", "value": "MarbleJoker", "score": 10},
    {"antes": [2,3,4,5,6,7,8], "sources": {"shopSlots": [0,1,2,3,4,5], "packSlots": [0,1,2,3,4,5]}, "edition": "Negative", "type": "Joker", "value": "LoyaltyCard", "score": 10},
    {"antes": [2,3,4,5,6,7,8], "sources": {"shopSlots": [0,1,2,3,4,5], "packSlots": [0,1,2,3,4,5]}, "edition": "Negative", "type": "Joker", "value": "Dusk", "score": 10},
    {"antes": [2,3,4,5,6,7,8], "sources": {"shopSlots": [0,1,2,3,4,5], "packSlots": [0,1,2,3,4,5]}, "edition": "Negative", "type": "Joker", "value": "Fibonacci", "score": 10},
    {"antes": [2,3,4,5,6,7,8], "sources": {"shopSlots": [0,1,2,3,4,5], "packSlots": [0,1,2,3,4,5]}, "edition": "Negative", "type": "Joker", "value": "SteelJoker", "score": 10},
    {"antes": [2,3,4,5,6,7,8], "sources": {"shopSlots": [0,1,2,3,4,5], "packSlots": [0,1,2,3,4,5]}, "edition": "Negative", "type": "Joker", "value": "Hack", "score": 10},
    {"antes": [2,3,4,5,6,7,8], "sources": {"shopSlots": [0,1,2,3,4,5], "packSlots": [0,1,2,3,4,5]}, "edition": "Negative", "type": "Joker", "value": "Pareidolia", "score": 10},
    {"antes": [2,3,4,5,6,7,8], "sources": {"shopSlots": [0,1,2,3,4,5], "packSlots": [0,1,2,3,4,5]}, "edition": "Negative", "type": "Joker", "value": "SpaceJoker", "score": 10},
    {"antes": [2,3,4,5,6,7,8], "sources": {"shopSlots": [0,1,2,3,4,5], "packSlots": [0,1,2,3,4,5]}, "edition": "Negative", "type": "Joker", "value": "Burglar", "score": 10},
    {"antes": [2,3,4,5,6,7,8], "sources": {"shopSlots": [0,1,2,3,4,5], "packSlots": [0,1,2,3,4,5]}, "edition": "Negative", "type": "Joker", "value": "Blackboard", "score": 10},
    {"antes": [2,3,4,5,6,7,8], "sources": {"shopSlots": [0,1,2,3,4,5], "packSlots": [0,1,2,3,4,5]}, "edition": "Negative", "type": "Joker", "value": "SixthSense", "score": 10},
    {"antes": [2,3,4,5,6,7,8], "sources": {"shopSlots": [0,1,2,3,4,5], "packSlots": [0,1,2,3,4,5]}, "edition": "Negative", "type": "Joker", "value": "Constellation", "score": 10},
    {"antes": [2,3,4,5,6,7,8], "sources": {"shopSlots": [0,1,2,3,4,5], "packSlots": [0,1,2,3,4,5]}, "edition": "Negative", "type": "Joker", "value": "Hiker", "score": 10},
    {"antes": [2,3,4,5,6,7,8], "sources": {"shopSlots": [0,1,2,3,4,5], "packSlots": [0,1,2,3,4,5]}, "edition": "Negative", "type": "Joker", "value": "CardSharp", "score": 10},
    {"antes": [2,3,4,5,6,7,8], "sources": {"shopSlots": [0,1,2,3,4,5], "packSlots": [0,1,2,3,4,5]}, "edition": "Negative", "type": "Joker", "value": "Madness", "score": 10},
    {"antes": [2,3,4,5,6,7,8], "sources": {"shopSlots": [0,1,2,3,4,5], "packSlots": [0,1,2,3,4,5]}, "edition": "Negative", "type": "Joker", "value": "Seance", "score": 10},
    {"antes": [2,3,4,5,6,7,8], "sources": {"shopSlots": [0,1,2,3,4,5], "packSlots": [0,1,2,3,4,5]}, "edition": "Negative", "type": "Joker", "value": "Vampire", "score": 10},
    {"antes": [2,3,4,5,6,7,8], "sources": {"shopSlots": [0,1,2,3,4,5], "packSlots": [0,1,2,3,4,5]}, "edition": "Negative", "type": "Joker", "value": "Shortcut", "score": 10},
    {"antes": [2,3,4,5,6,7,8], "sources": {"shopSlots": [0,1,2,3,4,5], "packSlots": [0,1,2,3,4,5]}, "edition": "Negative", "type": "Joker", "value": "Hologram", "score": 10},
    {"antes": [2,3,4,5,6,7,8], "sources": {"shopSlots": [0,1,2,3,4,5], "packSlots": [0,1,2,3,4,5]}, "edition": "Negative", "type": "Joker", "value": "Cloud9", "score": 10},
    {"antes": [2,3,4,5,6,7,8], "sources": {"shopSlots": [0,1,2,3,4,5], "packSlots": [0,1,2,3,4,5]}, "edition": "Negative", "type": "Joker", "value": "Rocket", "score": 10},
    {"antes": [2,3,4,5,6,7,8], "sources": {"shopSlots": [0,1,2,3,4,5], "packSlots": [0,1,2,3,4,5]}, "edition": "Negative", "type": "Joker", "value": "MidasMask", "score": 10},
    {"antes": [2,3,4,5,6,7,8], "sources": {"shopSlots": [0,1,2,3,4,5], "packSlots": [0,1,2,3,4,5]}, "edition": "Negative", "type": "Joker", "value": "Luchador", "score": 10},
    {"antes": [2,3,4,5,6,7,8], "sources": {"shopSlots": [0,1,2,3,4,5], "packSlots": [0,1,2,3,4,5]}, "edition": "Negative", "type": "Joker", "value": "GiftCard", "score": 10},
    {"antes": [2,3,4,5,6,7,8], "sources": {"shopSlots": [0,1,2,3,4,5], "packSlots": [0,1,2,3,4,5]}, "edition": "Negative", "type": "Joker", "value": "TurtleBean", "score": 10},
    {"antes": [2,3,4,5,6,7,8], "sources": {"shopSlots": [0,1,2,3,4,5], "packSlots": [0,1,2,3,4,5]}, "edition": "Negative", "type": "Joker", "value": "Erosion", "score": 10},
    {"antes": [2,3,4,5,6,7,8], "sources": {"shopSlots": [0,1,2,3,4,5], "packSlots": [0,1,2,3,4,5]}, "edition": "Negative", "type": "Joker", "value": "ToTheMoon", "score": 10},
    {"antes": [2,3,4,5,6,7,8], "sources": {"shopSlots": [0,1,2,3,4,5], "packSlots": [0,1,2,3,4,5]}, "edition": "Negative", "type": "Joker", "value": "StoneJoker", "score": 10},
    {"antes": [2,3,4,5,6,7,8], "sources": {"shopSlots": [0,1,2,3,4,5], "packSlots": [0,1,2,3,4,5]}, "edition": "Negative", "type": "Joker", "value": "LuckyCat", "score": 10},
    {"antes": [2,3,4,5,6,7,8], "sources": {"shopSlots": [0,1,2,3,4,5], "packSlots": [0,1,2,3,4,5]}, "edition": "Negative", "type": "Joker", "value": "Bull", "score": 10},
    {"antes": [2,3,4,5,6,7,8], "sources": {"shopSlots": [0,1,2,3,4,5], "packSlots": [0,1,2,3,4,5]}, "edition": "Negative", "type": "Joker", "value": "DietCola", "score": 10},
    {"antes": [2,3,4,5,6,7,8], "sources": {"shopSlots": [0,1,2,3,4,5], "packSlots": [0,1,2,3,4,5]}, "edition": "Negative", "type": "Joker", "value": "TradingCard", "score": 10},
    {"antes": [2,3,4,5,6,7,8], "sources": {"shopSlots": [0,1,2,3,4,5], "packSlots": [0,1,2,3,4,5]}, "edition": "Negative", "type": "Joker", "value": "FlashCard", "score": 10},
    {"antes": [2,3,4,5,6,7,8], "sources": {"shopSlots": [0,1,2,3,4,5], "packSlots": [0,1,2,3,4,5]}, "edition": "Negative", "type": "Joker", "value": "SpareTrousers", "score": 10},
    {"antes": [2,3,4,5,6,7,8], "sources": {"shopSlots": [0,1,2,3,4,5], "packSlots": [0,1,2,3,4,5]}, "edition": "Negative", "type": "Joker", "value": "Ramen", "score": 10},
    {"antes": [2,3,4,5,6,7,8], "sources": {"shopSlots": [0,1,2,3,4,5], "packSlots": [0,1,2,3,4,5]}, "edition": "Negative", "type": "Joker", "value": "Seltzer", "score": 10},
    {"antes": [2,3,4,5,6,7,8], "sources": {"shopSlots": [0,1,2,3,4,5], "packSlots": [0,1,2,3,4,5]}, "edition": "Negative", "type": "Joker", "value": "Castle", "score": 10},
    {"antes": [2,3,4,5,6,7,8], "sources": {"shopSlots": [0,1,2,3,4,5], "packSlots": [0,1,2,3,4,5]}, "edition": "Negative", "type": "Joker", "value": "MrBones", "score": 10},
    {"antes": [2,3,4,5,6,7,8], "sources": {"shopSlots": [0,1,2,3,4,5], "packSlots": [0,1,2,3,4,5]}, "edition": "Negative", "type": "Joker", "value": "Acrobat", "score": 10},
    {"antes": [2,3,4,5,6,7,8], "sources": {"shopSlots": [0,1,2,3,4,5], "packSlots": [0,1,2,3,4,5]}, "edition": "Negative", "type": "Joker", "value": "SockAndBuskin", "score": 10},
    {"antes": [2,3,4,5,6,7,8], "sources": {"shopSlots": [0,1,2,3,4,5], "packSlots": [0,1,2,3,4,5]}, "edition": "Negative", "type": "Joker", "value": "Troubadour", "score": 10},
    {"antes": [2,3,4,5,6,7,8], "sources": {"shopSlots": [0,1,2,3,4,5], "packSlots": [0,1,2,3,4,5]}, "edition": "Negative", "type": "Joker", "value": "Certificate", "score": 10},
    {"antes": [2,3,4,5,6,7,8], "sources": {"shopSlots": [0,1,2,3,4,5], "packSlots": [0,1,2,3,4,5]}, "edition": "Negative", "type": "Joker", "value": "SmearedJoker", "score": 10},
    {"antes": [2,3,4,5,6,7,8], "sources": {"shopSlots": [0,1,2,3,4,5], "packSlots": [0,1,2,3,4,5]}, "edition": "Negative", "type": "Joker", "value": "Throwback", "score": 10},
    {"antes": [2,3,4,5,6,7,8], "sources": {"shopSlots": [0,1,2,3,4,5], "packSlots": [0,1,2,3,4,5]}, "edition": "Negative", "type": "Joker", "value": "RoughGem", "score": 10},
    {"antes": [2,3,4,5,6,7,8], "sources": {"shopSlots": [0,1,2,3,4,5], "packSlots": [0,1,2,3,4,5]}, "edition": "Negative", "type": "Joker", "value": "Bloodstone", "score": 10},
    {"antes": [2,3,4,5,6,7,8], "sources": {"shopSlots": [0,1,2,3,4,5], "packSlots": [0,1,2,3,4,5]}, "edition": "Negative", "type": "Joker", "value": "Arrowhead", "score": 10},
    {"antes": [2,3,4,5,6,7,8], "sources": {"shopSlots": [0,1,2,3,4,5], "packSlots": [0,1,2,3,4,5]}, "edition": "Negative", "type": "Joker", "value": "OnyxAgate", "score": 10},
    {"antes": [2,3,4,5,6,7,8], "sources": {"shopSlots": [0,1,2,3,4,5], "packSlots": [0,1,2,3,4,5]}, "edition": "Negative", "type": "Joker", "value": "GlassJoker", "score": 10},
    {"antes": [2,3,4,5,6,7,8], "sources": {"shopSlots": [0,1,2,3,4,5], "packSlots": [0,1,2,3,4,5]}, "edition": "Negative", "type": "Joker", "value": "Showman", "score": 10},
    {"antes": [2,3,4,5,6,7,8], "sources": {"shopSlots": [0,1,2,3,4,5], "packSlots": [0,1,2,3,4,5]}, "edition": "Negative", "type": "Joker", "value": "FlowerPot", "score": 10},
    {"antes": [2,3,4,5,6,7,8], "sources": {"shopSlots": [0,1,2,3,4,5], "packSlots": [0,1,2,3,4,5]}, "edition": "Negative", "type": "Joker", "value": "MerryAndy", "score": 10},
    {"antes": [2,3,4,5,6,7,8], "sources": {"shopSlots": [0,1,2,3,4,5], "packSlots": [0,1,2,3,4,5]}, "edition": "Negative", "type": "Joker", "value": "OopsAll6s", "score": 10},
    {"antes": [2,3,4,5,6,7,8], "sources": {"shopSlots": [0,1,2,3,4,5], "packSlots": [0,1,2,3,4,5]}, "edition": "Negative", "type": "Joker", "value": "TheIdol", "score": 10},
    {"antes": [2,3,4,5,6,7,8], "sources": {"shopSlots": [0,1,2,3,4,5], "packSlots": [0,1,2,3,4,5]}, "edition": "Negative", "type": "Joker", "value": "SeeingDouble", "score": 10},
    {"antes": [2,3,4,5,6,7,8], "sources": {"shopSlots": [0,1,2,3,4,5], "packSlots": [0,1,2,3,4,5]}, "edition": "Negative", "type": "Joker", "value": "Matador", "score": 10},
    {"antes": [2,3,4,5,6,7,8], "sources": {"shopSlots": [0,1,2,3,4,5], "packSlots": [0,1,2,3,4,5]}, "edition": "Negative", "type": "Joker", "value": "Satellite", "score": 10},
    {"antes": [2,3,4,5,6,7,8], "sources": {"shopSlots": [0,1,2,3,4,5], "packSlots": [0,1,2,3,4,5]}, "edition": "Negative", "type": "Joker", "value": "Cartomancer", "score": 10},
    {"antes": [2,3,4,5,6,7,8], "sources": {"shopSlots": [0,1,2,3,4,5], "packSlots": [0,1,2,3,4,5]}, "edition": "Negative", "type": "Joker", "value": "Astronomer", "score": 10},
    {"antes": [2,3,4,5,6,7,8], "sources": {"shopSlots": [0,1,2,3,4,5], "packSlots": [0,1,2,3,4,5]}, "edition": "Negative", "type": "Joker", "value": "Bootstraps", "score": 10},

    {"antes": [2,3,4,5,6,7,8], "sources": {"shopSlots": [0,1,2,3,4,5], "packSlots": [0,1,2,3,4,5]}, "type": "Joker", "Edition": "Negative", "value": "DNA", "score": 100},
    {"antes": [2,3,4,5,6,7,8], "sources": {"shopSlots": [0,1,2,3,4,5], "packSlots": [0,1,2,3,4,5]}, "type": "Joker", "Edition": "Negative", "value": "Vagabond", "score": 100},
    {"antes": [2,3,4,5,6,7,8], "sources": {"shopSlots": [0,1,2,3,4,5], "packSlots": [0,1,2,3,4,5]}, "type": "Joker", "Edition": "Negative", "value": "Baron", "score": 100},
    {"antes": [2,3,4,5,6,7,8], "sources": {"shopSlots": [0,1,2,3,4,5], "packSlots": [0,1,2,3,4,5]}, "type": "Joker", "Edition": "Negative", "value": "Obelisk", "score": 100},
    {"antes": [2,3,4,5,6,7,8], "sources": {"shopSlots": [0,1,2,3,4,5], "packSlots": [0,1,2,3,4,5]}, "type": "Joker", "Edition": "Negative", "value": "BaseballCard", "score": 100},
    {"antes": [2,3,4,5,6,7,8], "sources": {"shopSlots": [0,1,2,3,4,5], "packSlots": [0,1,2,3,4,5]}, "type": "Joker", "Edition": "Negative", "value": "AncientJoker", "score": 100},
    {"antes": [2,3,4,5,6,7,8], "sources": {"shopSlots": [0,1,2,3,4,5], "packSlots": [0,1,2,3,4,5]}, "type": "Joker", "Edition": "Negative", "value": "Campfire", "score": 100},
    {"antes": [2,3,4,5,6,7,8], "sources": {"shopSlots": [0,1,2,3,4,5], "packSlots": [0,1,2,3,4,5]}, "type": "Joker", "Edition": "Negative", "value": "Blueprint", "score": 1000},
    {"antes": [2,3,4,5,6,7,8], "sources": {"shopSlots": [0,1,2,3,4,5], "packSlots": [0,1,2,3,4,5]}, "type": "Joker", "Edition": "Negative", "value": "WeeJoker", "score": 100},
    {"antes": [2,3,4,5,6,7,8], "sources": {"shopSlots": [0,1,2,3,4,5], "packSlots": [0,1,2,3,4,5]}, "type": "Joker", "Edition": "Negative", "value": "HitTheRoad", "score": 100},
    {"antes": [2,3,4,5,6,7,8], "sources": {"shopSlots": [0,1,2,3,4,5], "packSlots": [0,1,2,3,4,5]}, "type": "Joker", "Edition": "Negative", "value": "TheDuo", "score": 100},
    {"antes": [2,3,4,5,6,7,8], "sources": {"shopSlots": [0,1,2,3,4,5], "packSlots": [0,1,2,3,4,5]}, "type": "Joker", "Edition": "Negative", "value": "TheTrio", "score": 100},
    {"antes": [2,3,4,5,6,7,8], "sources": {"shopSlots": [0,1,2,3,4,5], "packSlots": [0,1,2,3,4,5]}, "type": "Joker", "Edition": "Negative", "value": "TheFamily", "score": 100},
    {"antes": [2,3,4,5,6,7,8], "sources": {"shopSlots": [0,1,2,3,4,5], "packSlots": [0,1,2,3,4,5]}, "type": "Joker", "Edition": "Negative", "value": "TheOrder", "score": 100},
    {"antes": [2,3,4,5,6,7,8], "sources": {"shopSlots": [0,1,2,3,4,5], "packSlots": [0,1,2,3,4,5]}, "type": "Joker", "Edition": "Negative", "value": "TheTribe", "score": 100},
    {"antes": [2,3,4,5,6,7,8], "sources": {"shopSlots": [0,1,2,3,4,5], "packSlots": [0,1,2,3,4,5]}, "type": "Joker", "Edition": "Negative", "value": "Stuntman", "score": 100},
    {"antes": [2,3,4,5,6,7,8], "sources": {"shopSlots": [0,1,2,3,4,5], "packSlots": [0,1,2,3,4,5]}, "type": "Joker", "Edition": "Negative", "value": "InvisibleJoker", "score": 1000},
    {"antes": [2,3,4,5,6,7,8], "sources": {"shopSlots": [0,1,2,3,4,5], "packSlots": [0,1,2,3,4,5]}, "type": "Joker", "Edition": "Negative", "value": "Brainstorm", "score": 1000},
    {"antes": [2,3,4,5,6,7,8], "sources": {"shopSlots": [0,1,2,3,4,5], "packSlots": [0,1,2,3,4,5]}, "type": "Joker", "Edition": "Negative", "value": "DriversLicense", "score": 100},
    {"antes": [2,3,4,5,6,7,8], "sources": {"shopSlots": [0,1,2,3,4,5], "packSlots": [0,1,2,3,4,5]}, "type": "Joker", "Edition": "Negative", "value": "BurntJoker", "score": 100},

    {"antes": [2,3,4,5,6,7,8], "sources": {"packSlots": [0,1,2,3,4,5]}, "type": "SoulJoker", "Edition": "Negative", "value": "Canio", "score": 1000},
    {"antes": [2,3,4,5,6,7,8], "sources": {"packSlots": [0,1,2,3,4,5]}, "type": "SoulJoker", "Edition": "Negative", "value": "Triboulet", "score": 1000},
    {"antes": [2,3,4,5,6,7,8], "sources": {"packSlots": [0,1,2,3,4,5]}, "type": "SoulJoker", "Edition": "Negative", "value": "Yorick", "score": 1000},
    {"antes": [2,3,4,5,6,7,8], "sources": {"packSlots": [0,1,2,3,4,5]}, "type": "SoulJoker", "Edition": "Negative", "value": "Chicot", "score": 1000},
    {"antes": [2,3,4,5,6,7,8], "sources": {"packSlots": [0,1,2,3,4,5]}, "type": "SoulJoker", "Edition": "Negative", "value": "Perkeo", "score": 1000}
  ],
  "mustNot": []
}