{
  "name": "Zoops",
  "description": "Get a Negative Oops! All 6s from Ante 0.",
  "author": "test",
  "dateCreated": "2025-10-03T00:00:00Z",
  "deck": "Ghost",
  "stake": "Black",
  "must": [
    {"type":"SoulJoker", "Value": "Any", "Antes": [1], "packSlots": [1]},
    {"type":"SoulJoker", "Value": "Any", "Antes": [1], "packSlots": [2]},
    {"type":"SoulJoker", "Value": "Any", "Antes": [1], "packSlots": [3]},
    {"type": "Voucher", "value": "Hieroglyph", "antes": [2]}
  ],
  "should": [
    {"score": 1, "type": "Joker", "Value": "AnyRare", "Edition": "Negative", "Antes": [1]},
    {"score": 1, "type": "Joker", "Value": "AnyRare", "Edition": "Negative", "Antes": [2]},
    {"score": 1, "type": "Joker", "Value": "AnyRare", "Edition": "Negative", "Antes": [3]},
    {"score": 1, "type": "Joker", "Value": "AnyRare", "Edition": "Negative", "Antes": [4]},
    {"score": 1, "type": "Joker", "Value": "AnyRare", "Edition": "Negative", "Antes": [5]},
    {"score": 1, "type": "Joker", "Value": "AnyRare", "Edition": "Negative", "Antes": [6]},
    {"score": 1, "type": "Joker", "Value": "AnyRare", "Edition": "Negative", "Antes": [7]},
    {"score": 1, "type": "Joker", "Value": "AnyRare", "Edition": "Negative", "Antes": [8]},

    {"score": 1, "type": "Joker", "Value": "AnyUncommon", "Edition": "Negative", "Antes": [1]},
    {"score": 1, "type": "Joker", "Value": "AnyUncommon", "Edition": "Negative", "Antes": [2]},
    {"score": 1, "type": "Joker", "Value": "AnyUncommon", "Edition": "Negative", "Antes": [3]},
    {"score": 1, "type": "Joker", "Value": "AnyUncommon", "Edition": "Negative", "Antes": [4]},
    {"score": 1, "type": "Joker", "Value": "AnyUncommon", "Edition": "Negative", "Antes": [5]},
    {"score": 1, "type": "Joker", "Value": "AnyUncommon", "Edition": "Negative", "Antes": [6]},
    {"score": 1, "type": "Joker", "Value": "AnyUncommon", "Edition": "Negative", "Antes": [7]},
    {"score": 1, "type": "Joker", "Value": "AnyUncommon", "Edition": "Negative", "Antes": [8]},

    {"score": 1, "type": "Joker", "Value": "AnyUncommon", "Antes": [1]},
    {"score": 1, "type": "Joker", "Value": "AnyUncommon", "Antes": [2]},
    {"score": 1, "type": "Joker", "Value": "AnyUncommon", "Antes": [3]},
    {"score": 1, "type": "Joker", "Value": "AnyUncommon", "Antes": [4]},
    {"score": 1, "type": "Joker", "Value": "AnyUncommon", "Antes": [5]},
    {"score": 1, "type": "Joker", "Value": "AnyUncommon", "Antes": [6]},
    {"score": 1, "type": "Joker", "Value": "AnyUncommon", "Antes": [7]},
    {"score": 1, "type": "Joker", "Value": "AnyUncommon", "Antes": [8]}
  ],
  "mustNot": []
}