{
  "name": "Joker Scorecard (1-point each)",
  "description": "Scores 1 point for each Motely Joker present in a seed.",
  "deck": "Red",
  "stake": "White",
  "mode": "max",
  "must": [
    {"min": 5, "type": "Or", "Mode": "Max", "Clauses": [
    {"antes": [2,3,4,5,6,7,8], "sources": {"shopSlots": [0,1,2,3,4,5], "packSlots": [0,1,2,3,4,5]}, "type": "Joker", "value": "Joker", "score": 1},
    {"antes": [2,3,4,5,6,7,8], "sources": {"shopSlots": [0,1,2,3,4,5], "packSlots": [0,1,2,3,4,5]}, "type": "Joker", "value": "GreedyJoker", "score": 1},
    {"antes": [2,3,4,5,6,7,8], "sources": {"shopSlots": [0,1,2,3,4,5], "packSlots": [0,1,2,3,4,5]}, "type": "Joker", "value": "LustyJoker", "score": 1},
    {"antes": [2,3,4,5,6,7,8], "sources": {"shopSlots": [0,1,2,3,4,5], "packSlots": [0,1,2,3,4,5]}, "type": "Joker", "value": "WrathfulJoker", "score": 1},
    {"antes": [2,3,4,5,6,7,8], "sources": {"shopSlots": [0,1,2,3,4,5], "packSlots": [0,1,2,3,4,5]}, "type": "Joker", "value": "GluttonousJoker", "score": 1},
    {"antes": [2,3,4,5,6,7,8], "sources": {"shopSlots": [0,1,2,3,4,5], "packSlots": [0,1,2,3,4,5]}, "type": "Joker", "value": "JollyJoker", "score": 1},
    {"antes": [2,3,4,5,6,7,8], "sources": {"shopSlots": [0,1,2,3,4,5], "packSlots": [0,1,2,3,4,5]}, "type": "Joker", "value": "ZanyJoker", "score": 1},
    {"antes": [2,3,4,5,6,7,8], "sources": {"shopSlots": [0,1,2,3,4,5], "packSlots": [0,1,2,3,4,5]}, "type": "Joker", "value": "MadJoker", "score": 1},
    {"antes": [2,3,4,5,6,7,8], "sources": {"shopSlots": [0,1,2,3,4,5], "packSlots": [0,1,2,3,4,5]}, "type": "Joker", "value": "CrazyJoker", "score": 1},
    {"antes": [2,3,4,5,6,7,8], "sources": {"shopSlots": [0,1,2,3,4,5], "packSlots": [0,1,2,3,4,5]}, "type": "Joker", "value": "DrollJoker", "score": 1},
    {"antes": [2,3,4,5,6,7,8], "sources": {"shopSlots": [0,1,2,3,4,5], "packSlots": [0,1,2,3,4,5]}, "type": "Joker", "value": "SlyJoker", "score": 1},
    {"antes": [2,3,4,5,6,7,8], "sources": {"shopSlots": [0,1,2,3,4,5], "packSlots": [0,1,2,3,4,5]}, "type": "Joker", "value": "WilyJoker", "score": 1},
    {"antes": [2,3,4,5,6,7,8], "sources": {"shopSlots": [0,1,2,3,4,5], "packSlots": [0,1,2,3,4,5]}, "type": "Joker", "value": "CleverJoker", "score": 1},
    {"antes": [2,3,4,5,6,7,8], "sources": {"shopSlots": [0,1,2,3,4,5], "packSlots": [0,1,2,3,4,5]}, "type": "Joker", "value": "DeviousJoker", "score": 1},
    {"antes": [2,3,4,5,6,7,8], "sources": {"shopSlots": [0,1,2,3,4,5], "packSlots": [0,1,2,3,4,5]}, "type": "Joker", "value": "CraftyJoker", "score": 1},
    {"antes": [2,3,4,5,6,7,8], "sources": {"shopSlots": [0,1,2,3,4,5], "packSlots": [0,1,2,3,4,5]}, "type": "Joker", "value": "HalfJoker", "score": 1},
    {"antes": [2,3,4,5,6,7,8], "sources": {"shopSlots": [0,1,2,3,4,5], "packSlots": [0,1,2,3,4,5]}, "type": "Joker", "value": "CreditCard", "score": 1},
    {"antes": [2,3,4,5,6,7,8], "sources": {"shopSlots": [0,1,2,3,4,5], "packSlots": [0,1,2,3,4,5]}, "type": "Joker", "value": "Banner", "score": 1},
    {"antes": [2,3,4,5,6,7,8], "sources": {"shopSlots": [0,1,2,3,4,5], "packSlots": [0,1,2,3,4,5]}, "type": "Joker", "value": "MysticSummit", "score": 1},
    {"antes": [2,3,4,5,6,7,8], "sources": {"shopSlots": [0,1,2,3,4,5], "packSlots": [0,1,2,3,4,5]}, "type": "Joker", "value": "EightBall", "score": 1},
    {"antes": [2,3,4,5,6,7,8], "sources": {"shopSlots": [0,1,2,3,4,5], "packSlots": [0,1,2,3,4,5]}, "type": "Joker", "value": "Misprint", "score": 1},
    {"antes": [2,3,4,5,6,7,8], "sources": {"shopSlots": [0,1,2,3,4,5], "packSlots": [0,1,2,3,4,5]}, "type": "Joker", "value": "RaisedFist", "score": 1},
    {"antes": [2,3,4,5,6,7,8], "sources": {"shopSlots": [0,1,2,3,4,5], "packSlots": [0,1,2,3,4,5]}, "type": "Joker", "value": "ChaostheClown", "score": 1},
    {"antes": [2,3,4,5,6,7,8], "sources": {"shopSlots": [0,1,2,3,4,5], "packSlots": [0,1,2,3,4,5]}, "type": "Joker", "value": "ScaryFace", "score": 1},
    {"antes": [2,3,4,5,6,7,8], "sources": {"shopSlots": [0,1,2,3,4,5], "packSlots": [0,1,2,3,4,5]}, "type": "Joker", "value": "AbstractJoker", "score": 1},
    {"antes": [2,3,4,5,6,7,8], "sources": {"shopSlots": [0,1,2,3,4,5], "packSlots": [0,1,2,3,4,5]}, "type": "Joker", "value": "DelayedGratification", "score": 1},
    {"antes": [2,3,4,5,6,7,8], "sources": {"shopSlots": [0,1,2,3,4,5], "packSlots": [0,1,2,3,4,5]}, "type": "Joker", "value": "GrosMichel", "score": 1},
    {"antes": [2,3,4,5,6,7,8], "sources": {"shopSlots": [0,1,2,3,4,5], "packSlots": [0,1,2,3,4,5]}, "type": "Joker", "value": "EvenSteven", "score": 1},
    {"antes": [2,3,4,5,6,7,8], "sources": {"shopSlots": [0,1,2,3,4,5], "packSlots": [0,1,2,3,4,5]}, "type": "Joker", "value": "OddTodd", "score": 1},
    {"antes": [2,3,4,5,6,7,8], "sources": {"shopSlots": [0,1,2,3,4,5], "packSlots": [0,1,2,3,4,5]}, "type": "Joker", "value": "Scholar", "score": 1},
    {"antes": [2,3,4,5,6,7,8], "sources": {"shopSlots": [0,1,2,3,4,5], "packSlots": [0,1,2,3,4,5]}, "type": "Joker", "value": "BusinessCard", "score": 1},
    {"antes": [2,3,4,5,6,7,8], "sources": {"shopSlots": [0,1,2,3,4,5], "packSlots": [0,1,2,3,4,5]}, "type": "Joker", "value": "Supernova", "score": 1},
    {"antes": [2,3,4,5,6,7,8], "sources": {"shopSlots": [0,1,2,3,4,5], "packSlots": [0,1,2,3,4,5]}, "type": "Joker", "value": "RideTheBus", "score": 1},
    {"antes": [2,3,4,5,6,7,8], "sources": {"shopSlots": [0,1,2,3,4,5], "packSlots": [0,1,2,3,4,5]}, "type": "Joker", "value": "Egg", "score": 1},
    {"antes": [2,3,4,5,6,7,8], "sources": {"shopSlots": [0,1,2,3,4,5], "packSlots": [0,1,2,3,4,5]}, "type": "Joker", "value": "Runner", "score": 1},
    {"antes": [2,3,4,5,6,7,8], "sources": {"shopSlots": [0,1,2,3,4,5], "packSlots": [0,1,2,3,4,5]}, "type": "Joker", "value": "IceCream", "score": 1},
    {"antes": [2,3,4,5,6,7,8], "sources": {"shopSlots": [0,1,2,3,4,5], "packSlots": [0,1,2,3,4,5]}, "type": "Joker", "value": "Splash", "score": 1},
    {"antes": [2,3,4,5,6,7,8], "sources": {"shopSlots": [0,1,2,3,4,5], "packSlots": [0,1,2,3,4,5]}, "type": "Joker", "value": "BlueJoker", "score": 1},
    {"antes": [2,3,4,5,6,7,8], "sources": {"shopSlots": [0,1,2,3,4,5], "packSlots": [0,1,2,3,4,5]}, "type": "Joker", "value": "FacelessJoker", "score": 1},
    {"antes": [2,3,4,5,6,7,8], "sources": {"shopSlots": [0,1,2,3,4,5], "packSlots": [0,1,2,3,4,5]}, "type": "Joker", "value": "GreenJoker", "score": 1},
    {"antes": [2,3,4,5,6,7,8], "sources": {"shopSlots": [0,1,2,3,4,5], "packSlots": [0,1,2,3,4,5]}, "type": "Joker", "value": "Superposition", "score": 1},
    {"antes": [2,3,4,5,6,7,8], "sources": {"shopSlots": [0,1,2,3,4,5], "packSlots": [0,1,2,3,4,5]}, "type": "Joker", "value": "ToDoList", "score": 1},
    {"antes": [2,3,4,5,6,7,8], "sources": {"shopSlots": [0,1,2,3,4,5], "packSlots": [0,1,2,3,4,5]}, "type": "Joker", "value": "Cavendish", "score": 1},
    {"antes": [2,3,4,5,6,7,8], "sources": {"shopSlots": [0,1,2,3,4,5], "packSlots": [0,1,2,3,4,5]}, "type": "Joker", "value": "RedCard", "score": 1},
    {"antes": [2,3,4,5,6,7,8], "sources": {"shopSlots": [0,1,2,3,4,5], "packSlots": [0,1,2,3,4,5]}, "type": "Joker", "value": "SquareJoker", "score": 1},
    {"antes": [2,3,4,5,6,7,8], "sources": {"shopSlots": [0,1,2,3,4,5], "packSlots": [0,1,2,3,4,5]}, "type": "Joker", "value": "RiffRaff", "score": 1},
    {"antes": [2,3,4,5,6,7,8], "sources": {"shopSlots": [0,1,2,3,4,5], "packSlots": [0,1,2,3,4,5]}, "type": "Joker", "value": "Photograph", "score": 1},
    {"antes": [2,3,4,5,6,7,8], "sources": {"shopSlots": [0,1,2,3,4,5], "packSlots": [0,1,2,3,4,5]}, "type": "Joker", "value": "ReservedParking", "score": 1},
    {"antes": [2,3,4,5,6,7,8], "sources": {"shopSlots": [0,1,2,3,4,5], "packSlots": [0,1,2,3,4,5]}, "type": "Joker", "value": "MailInRebate", "score": 1},
    {"antes": [2,3,4,5,6,7,8], "sources": {"shopSlots": [0,1,2,3,4,5], "packSlots": [0,1,2,3,4,5]}, "type": "Joker", "value": "Hallucination", "score": 1},
    {"antes": [2,3,4,5,6,7,8], "sources": {"shopSlots": [0,1,2,3,4,5], "packSlots": [0,1,2,3,4,5]}, "type": "Joker", "value": "FortuneTeller", "score": 1},
    {"antes": [2,3,4,5,6,7,8], "sources": {"shopSlots": [0,1,2,3,4,5], "packSlots": [0,1,2,3,4,5]}, "type": "Joker", "value": "Juggler", "score": 1},
    {"antes": [2,3,4,5,6,7,8], "sources": {"shopSlots": [0,1,2,3,4,5], "packSlots": [0,1,2,3,4,5]}, "type": "Joker", "value": "Drunkard", "score": 1},
    {"antes": [2,3,4,5,6,7,8], "sources": {"shopSlots": [0,1,2,3,4,5], "packSlots": [0,1,2,3,4,5]}, "type": "Joker", "value": "GoldenJoker", "score": 1},
    {"antes": [2,3,4,5,6,7,8], "sources": {"shopSlots": [0,1,2,3,4,5], "packSlots": [0,1,2,3,4,5]}, "type": "Joker", "value": "Popcorn", "score": 1},
    {"antes": [2,3,4,5,6,7,8], "sources": {"shopSlots": [0,1,2,3,4,5], "packSlots": [0,1,2,3,4,5]}, "type": "Joker", "value": "WalkieTalkie", "score": 1},
    {"antes": [2,3,4,5,6,7,8], "sources": {"shopSlots": [0,1,2,3,4,5], "packSlots": [0,1,2,3,4,5]}, "type": "Joker", "value": "SmileyFace", "score": 1},
    {"antes": [2,3,4,5,6,7,8], "sources": {"shopSlots": [0,1,2,3,4,5], "packSlots": [0,1,2,3,4,5]}, "type": "Joker", "value": "GoldenTicket", "score": 1},
    {"antes": [2,3,4,5,6,7,8], "sources": {"shopSlots": [0,1,2,3,4,5], "packSlots": [0,1,2,3,4,5]}, "type": "Joker", "value": "Swashbuckler", "score": 1},
    {"antes": [2,3,4,5,6,7,8], "sources": {"shopSlots": [0,1,2,3,4,5], "packSlots": [0,1,2,3,4,5]}, "type": "Joker", "value": "HangingChad", "score": 1},
    {"antes": [2,3,4,5,6,7,8], "sources": {"shopSlots": [0,1,2,3,4,5], "packSlots": [0,1,2,3,4,5]}, "type": "Joker", "value": "ShootTheMoon", "score": 1},

    {"antes": [2,3,4,5,6,7,8], "sources": {"shopSlots": [0,1,2,3,4,5], "packSlots": [0,1,2,3,4,5]},"type": "Joker", "value": "JokerStencil", "score": 1},
    {"antes": [2,3,4,5,6,7,8], "sources": {"shopSlots": [0,1,2,3,4,5], "packSlots": [0,1,2,3,4,5]},"type": "Joker", "value": "FourFingers", "score": 1},
    {"antes": [2,3,4,5,6,7,8], "sources": {"shopSlots": [0,1,2,3,4,5], "packSlots": [0,1,2,3,4,5]},"type": "Joker", "value": "Mime", "score": 1},
    {"antes": [2,3,4,5,6,7,8], "sources": {"shopSlots": [0,1,2,3,4,5], "packSlots": [0,1,2,3,4,5]},"type": "Joker", "value": "CeremonialDagger", "score": 1},
    {"antes": [2,3,4,5,6,7,8], "sources": {"shopSlots": [0,1,2,3,4,5], "packSlots": [0,1,2,3,4,5]},"type": "Joker", "value": "MarbleJoker", "score": 1},
    {"antes": [2,3,4,5,6,7,8], "sources": {"shopSlots": [0,1,2,3,4,5], "packSlots": [0,1,2,3,4,5]},"type": "Joker", "value": "LoyaltyCard", "score": 1},
    {"antes": [2,3,4,5,6,7,8], "sources": {"shopSlots": [0,1,2,3,4,5], "packSlots": [0,1,2,3,4,5]},"type": "Joker", "value": "Dusk", "score": 1},
    {"antes": [2,3,4,5,6,7,8], "sources": {"shopSlots": [0,1,2,3,4,5], "packSlots": [0,1,2,3,4,5]},"type": "Joker", "value": "Fibonacci", "score": 1},
    {"antes": [2,3,4,5,6,7,8], "sources": {"shopSlots": [0,1,2,3,4,5], "packSlots": [0,1,2,3,4,5]},"type": "Joker", "value": "SteelJoker", "score": 1},
    {"antes": [2,3,4,5,6,7,8], "sources": {"shopSlots": [0,1,2,3,4,5], "packSlots": [0,1,2,3,4,5]},"type": "Joker", "value": "Hack", "score": 1},
    {"antes": [2,3,4,5,6,7,8], "sources": {"shopSlots": [0,1,2,3,4,5], "packSlots": [0,1,2,3,4,5]},"type": "Joker", "value": "Pareidolia", "score": 1},
    {"antes": [2,3,4,5,6,7,8], "sources": {"shopSlots": [0,1,2,3,4,5], "packSlots": [0,1,2,3,4,5]},"type": "Joker", "value": "SpaceJoker", "score": 1},
    {"antes": [2,3,4,5,6,7,8], "sources": {"shopSlots": [0,1,2,3,4,5], "packSlots": [0,1,2,3,4,5]},"type": "Joker", "value": "Burglar", "score": 1},
    {"antes": [2,3,4,5,6,7,8], "sources": {"shopSlots": [0,1,2,3,4,5], "packSlots": [0,1,2,3,4,5]},"type": "Joker", "value": "Blackboard", "score": 1},
    {"antes": [2,3,4,5,6,7,8], "sources": {"shopSlots": [0,1,2,3,4,5], "packSlots": [0,1,2,3,4,5]},"type": "Joker", "value": "SixthSense", "score": 1},
    {"antes": [2,3,4,5,6,7,8], "sources": {"shopSlots": [0,1,2,3,4,5], "packSlots": [0,1,2,3,4,5]},"type": "Joker", "value": "Constellation", "score": 1},
    {"antes": [2,3,4,5,6,7,8], "sources": {"shopSlots": [0,1,2,3,4,5], "packSlots": [0,1,2,3,4,5]},"type": "Joker", "value": "Hiker", "score": 1},
    {"antes": [2,3,4,5,6,7,8], "sources": {"shopSlots": [0,1,2,3,4,5], "packSlots": [0,1,2,3,4,5]},"type": "Joker", "value": "CardSharp", "score": 1},
    {"antes": [2,3,4,5,6,7,8], "sources": {"shopSlots": [0,1,2,3,4,5], "packSlots": [0,1,2,3,4,5]},"type": "Joker", "value": "Madness", "score": 1},
    {"antes": [2,3,4,5,6,7,8], "sources": {"shopSlots": [0,1,2,3,4,5], "packSlots": [0,1,2,3,4,5]},"type": "Joker", "value": "Seance", "score": 1},
    {"antes": [2,3,4,5,6,7,8], "sources": {"shopSlots": [0,1,2,3,4,5], "packSlots": [0,1,2,3,4,5]},"type": "Joker", "value": "Vampire", "score": 1},
    {"antes": [2,3,4,5,6,7,8], "sources": {"shopSlots": [0,1,2,3,4,5], "packSlots": [0,1,2,3,4,5]},"type": "Joker", "value": "Shortcut", "score": 1},
    {"antes": [2,3,4,5,6,7,8], "sources": {"shopSlots": [0,1,2,3,4,5], "packSlots": [0,1,2,3,4,5]},"type": "Joker", "value": "Hologram", "score": 1},
    {"antes": [2,3,4,5,6,7,8], "sources": {"shopSlots": [0,1,2,3,4,5], "packSlots": [0,1,2,3,4,5]},"type": "Joker", "value": "Cloud9", "score": 1},
    {"antes": [2,3,4,5,6,7,8], "sources": {"shopSlots": [0,1,2,3,4,5], "packSlots": [0,1,2,3,4,5]},"type": "Joker", "value": "Rocket", "score": 1},
    {"antes": [2,3,4,5,6,7,8], "sources": {"shopSlots": [0,1,2,3,4,5], "packSlots": [0,1,2,3,4,5]},"type": "Joker", "value": "MidasMask", "score": 1},
    {"antes": [2,3,4,5,6,7,8], "sources": {"shopSlots": [0,1,2,3,4,5], "packSlots": [0,1,2,3,4,5]},"type": "Joker", "value": "Luchador", "score": 1},
    {"antes": [2,3,4,5,6,7,8], "sources": {"shopSlots": [0,1,2,3,4,5], "packSlots": [0,1,2,3,4,5]},"type": "Joker", "value": "GiftCard", "score": 1},
    {"antes": [2,3,4,5,6,7,8], "sources": {"shopSlots": [0,1,2,3,4,5], "packSlots": [0,1,2,3,4,5]},"type": "Joker", "value": "TurtleBean", "score": 1},
    {"antes": [2,3,4,5,6,7,8], "sources": {"shopSlots": [0,1,2,3,4,5], "packSlots": [0,1,2,3,4,5]},"type": "Joker", "value": "Erosion", "score": 1},
    {"antes": [2,3,4,5,6,7,8], "sources": {"shopSlots": [0,1,2,3,4,5], "packSlots": [0,1,2,3,4,5]},"type": "Joker", "value": "ToTheMoon", "score": 1},
    {"antes": [2,3,4,5,6,7,8], "sources": {"shopSlots": [0,1,2,3,4,5], "packSlots": [0,1,2,3,4,5]},"type": "Joker", "value": "StoneJoker", "score": 1},
    {"antes": [2,3,4,5,6,7,8], "sources": {"shopSlots": [0,1,2,3,4,5], "packSlots": [0,1,2,3,4,5]},"type": "Joker", "value": "LuckyCat", "score": 1},
    {"antes": [2,3,4,5,6,7,8], "sources": {"shopSlots": [0,1,2,3,4,5], "packSlots": [0,1,2,3,4,5]},"type": "Joker", "value": "Bull", "score": 1},
    {"antes": [2,3,4,5,6,7,8], "sources": {"shopSlots": [0,1,2,3,4,5], "packSlots": [0,1,2,3,4,5]},"type": "Joker", "value": "DietCola", "score": 1},
    {"antes": [2,3,4,5,6,7,8], "sources": {"shopSlots": [0,1,2,3,4,5], "packSlots": [0,1,2,3,4,5]},"type": "Joker", "value": "TradingCard", "score": 1},
    {"antes": [2,3,4,5,6,7,8], "sources": {"shopSlots": [0,1,2,3,4,5], "packSlots": [0,1,2,3,4,5]},"type": "Joker", "value": "FlashCard", "score": 1},
    {"antes": [2,3,4,5,6,7,8], "sources": {"shopSlots": [0,1,2,3,4,5], "packSlots": [0,1,2,3,4,5]},"type": "Joker", "value": "SpareTrousers", "score": 1},
    {"antes": [2,3,4,5,6,7,8], "sources": {"shopSlots": [0,1,2,3,4,5], "packSlots": [0,1,2,3,4,5]},"type": "Joker", "value": "Ramen", "score": 1},
    {"antes": [2,3,4,5,6,7,8], "sources": {"shopSlots": [0,1,2,3,4,5], "packSlots": [0,1,2,3,4,5]},"type": "Joker", "value": "Seltzer", "score": 1},
    {"antes": [2,3,4,5,6,7,8], "sources": {"shopSlots": [0,1,2,3,4,5], "packSlots": [0,1,2,3,4,5]},"type": "Joker", "value": "Castle", "score": 1},
    {"antes": [2,3,4,5,6,7,8], "sources": {"shopSlots": [0,1,2,3,4,5], "packSlots": [0,1,2,3,4,5]},"type": "Joker", "value": "MrBones", "score": 1},
    {"antes": [2,3,4,5,6,7,8], "sources": {"shopSlots": [0,1,2,3,4,5], "packSlots": [0,1,2,3,4,5]},"type": "Joker", "value": "Acrobat", "score": 1},
    {"antes": [2,3,4,5,6,7,8], "sources": {"shopSlots": [0,1,2,3,4,5], "packSlots": [0,1,2,3,4,5]},"type": "Joker", "value": "SockAndBuskin", "score": 1},
    {"antes": [2,3,4,5,6,7,8], "sources": {"shopSlots": [0,1,2,3,4,5], "packSlots": [0,1,2,3,4,5]},"type": "Joker", "value": "Troubadour", "score": 1},
    {"antes": [2,3,4,5,6,7,8], "sources": {"shopSlots": [0,1,2,3,4,5], "packSlots": [0,1,2,3,4,5]},"type": "Joker", "value": "Certificate", "score": 1},
    {"antes": [2,3,4,5,6,7,8], "sources": {"shopSlots": [0,1,2,3,4,5], "packSlots": [0,1,2,3,4,5]},"type": "Joker", "value": "SmearedJoker", "score": 1},
    {"antes": [2,3,4,5,6,7,8], "sources": {"shopSlots": [0,1,2,3,4,5], "packSlots": [0,1,2,3,4,5]},"type": "Joker", "value": "Throwback", "score": 1},
    {"antes": [2,3,4,5,6,7,8], "sources": {"shopSlots": [0,1,2,3,4,5], "packSlots": [0,1,2,3,4,5]},"type": "Joker", "value": "RoughGem", "score": 1},
    {"antes": [2,3,4,5,6,7,8], "sources": {"shopSlots": [0,1,2,3,4,5], "packSlots": [0,1,2,3,4,5]},"type": "Joker", "value": "Bloodstone", "score": 1},
    {"antes": [2,3,4,5,6,7,8], "sources": {"shopSlots": [0,1,2,3,4,5], "packSlots": [0,1,2,3,4,5]},"type": "Joker", "value": "Arrowhead", "score": 1},
    {"antes": [2,3,4,5,6,7,8], "sources": {"shopSlots": [0,1,2,3,4,5], "packSlots": [0,1,2,3,4,5]},"type": "Joker", "value": "OnyxAgate", "score": 1},
    {"antes": [2,3,4,5,6,7,8], "sources": {"shopSlots": [0,1,2,3,4,5], "packSlots": [0,1,2,3,4,5]},"type": "Joker", "value": "GlassJoker", "score": 1},
    {"antes": [2,3,4,5,6,7,8], "sources": {"shopSlots": [0,1,2,3,4,5], "packSlots": [0,1,2,3,4,5]},"type": "Joker", "value": "Showman", "score": 1},
    {"antes": [2,3,4,5,6,7,8], "sources": {"shopSlots": [0,1,2,3,4,5], "packSlots": [0,1,2,3,4,5]},"type": "Joker", "value": "FlowerPot", "score": 1},
    {"antes": [2,3,4,5,6,7,8], "sources": {"shopSlots": [0,1,2,3,4,5], "packSlots": [0,1,2,3,4,5]},"type": "Joker", "value": "MerryAndy", "score": 1},
    {"antes": [2,3,4,5,6,7,8], "sources": {"shopSlots": [0,1,2,3,4,5], "packSlots": [0,1,2,3,4,5]},"type": "Joker", "value": "OopsAll6s", "score": 1},
    {"antes": [2,3,4,5,6,7,8], "sources": {"shopSlots": [0,1,2,3,4,5], "packSlots": [0,1,2,3,4,5]},"type": "Joker", "value": "TheIdol", "score": 1},
    {"antes": [2,3,4,5,6,7,8], "sources": {"shopSlots": [0,1,2,3,4,5], "packSlots": [0,1,2,3,4,5]},"type": "Joker", "value": "SeeingDouble", "score": 1},
    {"antes": [2,3,4,5,6,7,8], "sources": {"shopSlots": [0,1,2,3,4,5], "packSlots": [0,1,2,3,4,5]},"type": "Joker", "value": "Matador", "score": 1},
    {"antes": [2,3,4,5,6,7,8], "sources": {"shopSlots": [0,1,2,3,4,5], "packSlots": [0,1,2,3,4,5]},"type": "Joker", "value": "Satellite", "score": 1},
    {"antes": [2,3,4,5,6,7,8], "sources": {"shopSlots": [0,1,2,3,4,5], "packSlots": [0,1,2,3,4,5]},"type": "Joker", "value": "Cartomancer", "score": 1},
    {"antes": [2,3,4,5,6,7,8], "sources": {"shopSlots": [0,1,2,3,4,5], "packSlots": [0,1,2,3,4,5]},"type": "Joker", "value": "Astronomer", "score": 1},
    {"antes": [2,3,4,5,6,7,8], "sources": {"shopSlots": [0,1,2,3,4,5], "packSlots": [0,1,2,3,4,5]},"type": "Joker", "value": "Bootstraps", "score": 1},

    {"antes": [2,3,4,5,6,7,8], "sources": {"shopSlots": [0,1,2,3,4,5], "packSlots": [0,1,2,3,4,5]}, "type": "Joker", "value": "DNA", "score": 1},
    {"antes": [2,3,4,5,6,7,8], "sources": {"shopSlots": [0,1,2,3,4,5], "packSlots": [0,1,2,3,4,5]}, "type": "Joker", "value": "Vagabond", "score": 1},
    {"antes": [2,3,4,5,6,7,8], "sources": {"shopSlots": [0,1,2,3,4,5], "packSlots": [0,1,2,3,4,5]}, "type": "Joker", "value": "Baron", "score": 1},
    {"antes": [2,3,4,5,6,7,8], "sources": {"shopSlots": [0,1,2,3,4,5], "packSlots": [0,1,2,3,4,5]}, "type": "Joker", "value": "Obelisk", "score": 1},
    {"antes": [2,3,4,5,6,7,8], "sources": {"shopSlots": [0,1,2,3,4,5], "packSlots": [0,1,2,3,4,5]}, "type": "Joker", "value": "BaseballCard", "score": 1},
    {"antes": [2,3,4,5,6,7,8], "sources": {"shopSlots": [0,1,2,3,4,5], "packSlots": [0,1,2,3,4,5]}, "type": "Joker", "value": "AncientJoker", "score": 1},
    {"antes": [2,3,4,5,6,7,8], "sources": {"shopSlots": [0,1,2,3,4,5], "packSlots": [0,1,2,3,4,5]}, "type": "Joker", "value": "Campfire", "score": 1},
    {"antes": [2,3,4,5,6,7,8], "sources": {"shopSlots": [0,1,2,3,4,5], "packSlots": [0,1,2,3,4,5]}, "type": "Joker", "value": "Blueprint", "score": 1},
    {"antes": [2,3,4,5,6,7,8], "sources": {"shopSlots": [0,1,2,3,4,5], "packSlots": [0,1,2,3,4,5]}, "type": "Joker", "value": "WeeJoker", "score": 1},
    {"antes": [2,3,4,5,6,7,8], "sources": {"shopSlots": [0,1,2,3,4,5], "packSlots": [0,1,2,3,4,5]}, "type": "Joker", "value": "HitTheRoad", "score": 1},
    {"antes": [2,3,4,5,6,7,8], "sources": {"shopSlots": [0,1,2,3,4,5], "packSlots": [0,1,2,3,4,5]}, "type": "Joker", "value": "TheDuo", "score": 1},
    {"antes": [2,3,4,5,6,7,8], "sources": {"shopSlots": [0,1,2,3,4,5], "packSlots": [0,1,2,3,4,5]}, "type": "Joker", "value": "TheTrio", "score": 1},
    {"antes": [2,3,4,5,6,7,8], "sources": {"shopSlots": [0,1,2,3,4,5], "packSlots": [0,1,2,3,4,5]}, "type": "Joker", "value": "TheFamily", "score": 1},
    {"antes": [2,3,4,5,6,7,8], "sources": {"shopSlots": [0,1,2,3,4,5], "packSlots": [0,1,2,3,4,5]}, "type": "Joker", "value": "TheOrder", "score": 1},
    {"antes": [2,3,4,5,6,7,8], "sources": {"shopSlots": [0,1,2,3,4,5], "packSlots": [0,1,2,3,4,5]}, "type": "Joker", "value": "TheTribe", "score": 1},
    {"antes": [2,3,4,5,6,7,8], "sources": {"shopSlots": [0,1,2,3,4,5], "packSlots": [0,1,2,3,4,5]}, "type": "Joker", "value": "Stuntman", "score": 1},
    {"antes": [2,3,4,5,6,7,8], "sources": {"shopSlots": [0,1,2,3,4,5], "packSlots": [0,1,2,3,4,5]}, "type": "Joker", "value": "InvisibleJoker", "score": 1},
    {"antes": [2,3,4,5,6,7,8], "sources": {"shopSlots": [0,1,2,3,4,5], "packSlots": [0,1,2,3,4,5]}, "type": "Joker", "value": "Brainstorm", "score": 1},
    {"antes": [2,3,4,5,6,7,8], "sources": {"shopSlots": [0,1,2,3,4,5], "packSlots": [0,1,2,3,4,5]}, "type": "Joker", "value": "DriversLicense", "score": 1},
    {"antes": [2,3,4,5,6,7,8], "sources": {"shopSlots": [0,1,2,3,4,5], "packSlots": [0,1,2,3,4,5]}, "type": "Joker", "value": "BurntJoker", "score": 1},


    {"antes": [2,3,4,5,6,7,8], "sources": {"packSlots": [0,1,2,3,4,5]}, "type": "SoulJoker", "value": "Canio", "score": 1},
    {"antes": [2,3,4,5,6,7,8], "sources": {"packSlots": [0,1,2,3,4,5]}, "type": "SoulJoker", "value": "Triboulet", "score": 1},
    {"antes": [2,3,4,5,6,7,8], "sources": {"packSlots": [0,1,2,3,4,5]}, "type": "SoulJoker", "value": "Yorick", "score": 1},
    {"antes": [2,3,4,5,6,7,8], "sources": {"packSlots": [0,1,2,3,4,5]}, "type": "SoulJoker", "value": "Chicot", "score": 1},
    {"antes": [2,3,4,5,6,7,8], "sources": {"packSlots": [0,1,2,3,4,5]}, "type": "SoulJoker", "value": "Perkeo", "score": 1}
  ]}
  ],
  "should": [
    {"antes": [2,3,4,5,6,7,8], "sources": {"shopSlots": [0,1,2,3,4,5], "packSlots": [0,1,2,3,4,5]}, "type": "Joker", "value": "Joker", "Score": 0},
    {"antes": [2,3,4,5,6,7,8], "sources": {"shopSlots": [0,1,2,3,4,5], "packSlots": [0,1,2,3,4,5]}, "type": "Joker", "value": "GreedyJoker", "Score": 0},
    {"antes": [2,3,4,5,6,7,8], "sources": {"shopSlots": [0,1,2,3,4,5], "packSlots": [0,1,2,3,4,5]}, "type": "Joker", "value": "LustyJoker", "Score": 0},
    {"antes": [2,3,4,5,6,7,8], "sources": {"shopSlots": [0,1,2,3,4,5], "packSlots": [0,1,2,3,4,5]}, "type": "Joker", "value": "WrathfulJoker", "Score": 0},
    {"antes": [2,3,4,5,6,7,8], "sources": {"shopSlots": [0,1,2,3,4,5], "packSlots": [0,1,2,3,4,5]}, "type": "Joker", "value": "GluttonousJoker", "Score": 0},
    {"antes": [2,3,4,5,6,7,8], "sources": {"shopSlots": [0,1,2,3,4,5], "packSlots": [0,1,2,3,4,5]}, "type": "Joker", "value": "JollyJoker", "Score": 0},
    {"antes": [2,3,4,5,6,7,8], "sources": {"shopSlots": [0,1,2,3,4,5], "packSlots": [0,1,2,3,4,5]}, "type": "Joker", "value": "ZanyJoker", "Score": 0},
    {"antes": [2,3,4,5,6,7,8], "sources": {"shopSlots": [0,1,2,3,4,5], "packSlots": [0,1,2,3,4,5]}, "type": "Joker", "value": "MadJoker", "Score": 0},
    {"antes": [2,3,4,5,6,7,8], "sources": {"shopSlots": [0,1,2,3,4,5], "packSlots": [0,1,2,3,4,5]}, "type": "Joker", "value": "CrazyJoker", "Score": 0},
    {"antes": [2,3,4,5,6,7,8], "sources": {"shopSlots": [0,1,2,3,4,5], "packSlots": [0,1,2,3,4,5]}, "type": "Joker", "value": "DrollJoker", "Score": 0},
    {"antes": [2,3,4,5,6,7,8], "sources": {"shopSlots": [0,1,2,3,4,5], "packSlots": [0,1,2,3,4,5]}, "type": "Joker", "value": "SlyJoker", "Score": 0},
    {"antes": [2,3,4,5,6,7,8], "sources": {"shopSlots": [0,1,2,3,4,5], "packSlots": [0,1,2,3,4,5]}, "type": "Joker", "value": "WilyJoker", "Score": 0},
    {"antes": [2,3,4,5,6,7,8], "sources": {"shopSlots": [0,1,2,3,4,5], "packSlots": [0,1,2,3,4,5]}, "type": "Joker", "value": "CleverJoker", "Score": 0},
    {"antes": [2,3,4,5,6,7,8], "sources": {"shopSlots": [0,1,2,3,4,5], "packSlots": [0,1,2,3,4,5]}, "type": "Joker", "value": "DeviousJoker", "Score": 0},
    {"antes": [2,3,4,5,6,7,8], "sources": {"shopSlots": [0,1,2,3,4,5], "packSlots": [0,1,2,3,4,5]}, "type": "Joker", "value": "CraftyJoker", "Score": 0},
    {"antes": [2,3,4,5,6,7,8], "sources": {"shopSlots": [0,1,2,3,4,5], "packSlots": [0,1,2,3,4,5]}, "type": "Joker", "value": "HalfJoker", "Score": 0},
    {"antes": [2,3,4,5,6,7,8], "sources": {"shopSlots": [0,1,2,3,4,5], "packSlots": [0,1,2,3,4,5]}, "type": "Joker", "value": "CreditCard", "Score": 0},
    {"antes": [2,3,4,5,6,7,8], "sources": {"shopSlots": [0,1,2,3,4,5], "packSlots": [0,1,2,3,4,5]}, "type": "Joker", "value": "Banner", "Score": 0},
    {"antes": [2,3,4,5,6,7,8], "sources": {"shopSlots": [0,1,2,3,4,5], "packSlots": [0,1,2,3,4,5]}, "type": "Joker", "value": "MysticSummit", "Score": 0},
    {"antes": [2,3,4,5,6,7,8], "sources": {"shopSlots": [0,1,2,3,4,5], "packSlots": [0,1,2,3,4,5]}, "type": "Joker", "value": "EightBall", "Score": 0},
    {"antes": [2,3,4,5,6,7,8], "sources": {"shopSlots": [0,1,2,3,4,5], "packSlots": [0,1,2,3,4,5]}, "type": "Joker", "value": "Misprint", "Score": 0},
    {"antes": [2,3,4,5,6,7,8], "sources": {"shopSlots": [0,1,2,3,4,5], "packSlots": [0,1,2,3,4,5]}, "type": "Joker", "value": "RaisedFist", "Score": 0},
    {"antes": [2,3,4,5,6,7,8], "sources": {"shopSlots": [0,1,2,3,4,5], "packSlots": [0,1,2,3,4,5]}, "type": "Joker", "value": "ChaostheClown", "Score": 0},
    {"antes": [2,3,4,5,6,7,8], "sources": {"shopSlots": [0,1,2,3,4,5], "packSlots": [0,1,2,3,4,5]}, "type": "Joker", "value": "ScaryFace", "Score": 0},
    {"antes": [2,3,4,5,6,7,8], "sources": {"shopSlots": [0,1,2,3,4,5], "packSlots": [0,1,2,3,4,5]}, "type": "Joker", "value": "AbstractJoker", "Score": 0},
    {"antes": [2,3,4,5,6,7,8], "sources": {"shopSlots": [0,1,2,3,4,5], "packSlots": [0,1,2,3,4,5]}, "type": "Joker", "value": "DelayedGratification", "Score": 0},
    {"antes": [2,3,4,5,6,7,8], "sources": {"shopSlots": [0,1,2,3,4,5], "packSlots": [0,1,2,3,4,5]}, "type": "Joker", "value": "GrosMichel", "Score": 0},
    {"antes": [2,3,4,5,6,7,8], "sources": {"shopSlots": [0,1,2,3,4,5], "packSlots": [0,1,2,3,4,5]}, "type": "Joker", "value": "EvenSteven", "Score": 0},
    {"antes": [2,3,4,5,6,7,8], "sources": {"shopSlots": [0,1,2,3,4,5], "packSlots": [0,1,2,3,4,5]}, "type": "Joker", "value": "OddTodd", "Score": 0},
    {"antes": [2,3,4,5,6,7,8], "sources": {"shopSlots": [0,1,2,3,4,5], "packSlots": [0,1,2,3,4,5]}, "type": "Joker", "value": "Scholar", "Score": 0},
    {"antes": [2,3,4,5,6,7,8], "sources": {"shopSlots": [0,1,2,3,4,5], "packSlots": [0,1,2,3,4,5]}, "type": "Joker", "value": "BusinessCard", "Score": 0},
    {"antes": [2,3,4,5,6,7,8], "sources": {"shopSlots": [0,1,2,3,4,5], "packSlots": [0,1,2,3,4,5]}, "type": "Joker", "value": "Supernova", "Score": 0},
    {"antes": [2,3,4,5,6,7,8], "sources": {"shopSlots": [0,1,2,3,4,5], "packSlots": [0,1,2,3,4,5]}, "type": "Joker", "value": "RideTheBus", "Score": 0},
    {"antes": [2,3,4,5,6,7,8], "sources": {"shopSlots": [0,1,2,3,4,5], "packSlots": [0,1,2,3,4,5]}, "type": "Joker", "value": "Egg", "Score": 0},
    {"antes": [2,3,4,5,6,7,8], "sources": {"shopSlots": [0,1,2,3,4,5], "packSlots": [0,1,2,3,4,5]}, "type": "Joker", "value": "Runner", "Score": 0},
    {"antes": [2,3,4,5,6,7,8], "sources": {"shopSlots": [0,1,2,3,4,5], "packSlots": [0,1,2,3,4,5]}, "type": "Joker", "value": "IceCream", "Score": 0},
    {"antes": [2,3,4,5,6,7,8], "sources": {"shopSlots": [0,1,2,3,4,5], "packSlots": [0,1,2,3,4,5]}, "type": "Joker", "value": "Splash", "Score": 0},
    {"antes": [2,3,4,5,6,7,8], "sources": {"shopSlots": [0,1,2,3,4,5], "packSlots": [0,1,2,3,4,5]}, "type": "Joker", "value": "BlueJoker", "Score": 0},
    {"antes": [2,3,4,5,6,7,8], "sources": {"shopSlots": [0,1,2,3,4,5], "packSlots": [0,1,2,3,4,5]}, "type": "Joker", "value": "FacelessJoker", "Score": 0},
    {"antes": [2,3,4,5,6,7,8], "sources": {"shopSlots": [0,1,2,3,4,5], "packSlots": [0,1,2,3,4,5]}, "type": "Joker", "value": "GreenJoker", "Score": 0},
    {"antes": [2,3,4,5,6,7,8], "sources": {"shopSlots": [0,1,2,3,4,5], "packSlots": [0,1,2,3,4,5]}, "type": "Joker", "value": "Superposition", "Score": 0},
    {"antes": [2,3,4,5,6,7,8], "sources": {"shopSlots": [0,1,2,3,4,5], "packSlots": [0,1,2,3,4,5]}, "type": "Joker", "value": "ToDoList", "Score": 0},
    {"antes": [2,3,4,5,6,7,8], "sources": {"shopSlots": [0,1,2,3,4,5], "packSlots": [0,1,2,3,4,5]}, "type": "Joker", "value": "Cavendish", "Score": 0},
    {"antes": [2,3,4,5,6,7,8], "sources": {"shopSlots": [0,1,2,3,4,5], "packSlots": [0,1,2,3,4,5]}, "type": "Joker", "value": "RedCard", "Score": 0},
    {"antes": [2,3,4,5,6,7,8], "sources": {"shopSlots": [0,1,2,3,4,5], "packSlots": [0,1,2,3,4,5]}, "type": "Joker", "value": "SquareJoker", "Score": 0},
    {"antes": [2,3,4,5,6,7,8], "sources": {"shopSlots": [0,1,2,3,4,5], "packSlots": [0,1,2,3,4,5]}, "type": "Joker", "value": "RiffRaff", "Score": 0},
    {"antes": [2,3,4,5,6,7,8], "sources": {"shopSlots": [0,1,2,3,4,5], "packSlots": [0,1,2,3,4,5]}, "type": "Joker", "value": "Photograph", "Score": 0},
    {"antes": [2,3,4,5,6,7,8], "sources": {"shopSlots": [0,1,2,3,4,5], "packSlots": [0,1,2,3,4,5]}, "type": "Joker", "value": "ReservedParking", "Score": 0},
    {"antes": [2,3,4,5,6,7,8], "sources": {"shopSlots": [0,1,2,3,4,5], "packSlots": [0,1,2,3,4,5]}, "type": "Joker", "value": "MailInRebate", "Score": 0},
    {"antes": [2,3,4,5,6,7,8], "sources": {"shopSlots": [0,1,2,3,4,5], "packSlots": [0,1,2,3,4,5]}, "type": "Joker", "value": "Hallucination", "Score": 0},
    {"antes": [2,3,4,5,6,7,8], "sources": {"shopSlots": [0,1,2,3,4,5], "packSlots": [0,1,2,3,4,5]}, "type": "Joker", "value": "FortuneTeller", "Score": 0},
    {"antes": [2,3,4,5,6,7,8], "sources": {"shopSlots": [0,1,2,3,4,5], "packSlots": [0,1,2,3,4,5]}, "type": "Joker", "value": "Juggler", "Score": 0},
    {"antes": [2,3,4,5,6,7,8], "sources": {"shopSlots": [0,1,2,3,4,5], "packSlots": [0,1,2,3,4,5]}, "type": "Joker", "value": "Drunkard", "Score": 0},
    {"antes": [2,3,4,5,6,7,8], "sources": {"shopSlots": [0,1,2,3,4,5], "packSlots": [0,1,2,3,4,5]}, "type": "Joker", "value": "GoldenJoker", "Score": 0},
    {"antes": [2,3,4,5,6,7,8], "sources": {"shopSlots": [0,1,2,3,4,5], "packSlots": [0,1,2,3,4,5]}, "type": "Joker", "value": "Popcorn", "Score": 0},
    {"antes": [2,3,4,5,6,7,8], "sources": {"shopSlots": [0,1,2,3,4,5], "packSlots": [0,1,2,3,4,5]}, "type": "Joker", "value": "WalkieTalkie", "Score": 0},
    {"antes": [2,3,4,5,6,7,8], "sources": {"shopSlots": [0,1,2,3,4,5], "packSlots": [0,1,2,3,4,5]}, "type": "Joker", "value": "SmileyFace", "Score": 0},
    {"antes": [2,3,4,5,6,7,8], "sources": {"shopSlots": [0,1,2,3,4,5], "packSlots": [0,1,2,3,4,5]}, "type": "Joker", "value": "GoldenTicket", "Score": 0},
    {"antes": [2,3,4,5,6,7,8], "sources": {"shopSlots": [0,1,2,3,4,5], "packSlots": [0,1,2,3,4,5]}, "type": "Joker", "value": "Swashbuckler", "Score": 0},
    {"antes": [2,3,4,5,6,7,8], "sources": {"shopSlots": [0,1,2,3,4,5], "packSlots": [0,1,2,3,4,5]}, "type": "Joker", "value": "HangingChad", "Score": 0},
    {"antes": [2,3,4,5,6,7,8], "sources": {"shopSlots": [0,1,2,3,4,5], "packSlots": [0,1,2,3,4,5]}, "type": "Joker", "value": "ShootTheMoon", "Score": 0},

    {"antes": [2,3,4,5,6,7,8], "sources": {"shopSlots": [0,1,2,3,4,5], "packSlots": [0,1,2,3,4,5]},"type": "Joker", "value": "JokerStencil", "Score": 0},
    {"antes": [2,3,4,5,6,7,8], "sources": {"shopSlots": [0,1,2,3,4,5], "packSlots": [0,1,2,3,4,5]},"type": "Joker", "value": "FourFingers", "Score": 0},
    {"antes": [2,3,4,5,6,7,8], "sources": {"shopSlots": [0,1,2,3,4,5], "packSlots": [0,1,2,3,4,5]},"type": "Joker", "value": "Mime", "Score": 0},
    {"antes": [2,3,4,5,6,7,8], "sources": {"shopSlots": [0,1,2,3,4,5], "packSlots": [0,1,2,3,4,5]},"type": "Joker", "value": "CeremonialDagger", "Score": 0},
    {"antes": [2,3,4,5,6,7,8], "sources": {"shopSlots": [0,1,2,3,4,5], "packSlots": [0,1,2,3,4,5]},"type": "Joker", "value": "MarbleJoker", "Score": 0},
    {"antes": [2,3,4,5,6,7,8], "sources": {"shopSlots": [0,1,2,3,4,5], "packSlots": [0,1,2,3,4,5]},"type": "Joker", "value": "LoyaltyCard", "Score": 0},
    {"antes": [2,3,4,5,6,7,8], "sources": {"shopSlots": [0,1,2,3,4,5], "packSlots": [0,1,2,3,4,5]},"type": "Joker", "value": "Dusk", "Score": 0},
    {"antes": [2,3,4,5,6,7,8], "sources": {"shopSlots": [0,1,2,3,4,5], "packSlots": [0,1,2,3,4,5]},"type": "Joker", "value": "Fibonacci", "Score": 0},
    {"antes": [2,3,4,5,6,7,8], "sources": {"shopSlots": [0,1,2,3,4,5], "packSlots": [0,1,2,3,4,5]},"type": "Joker", "value": "SteelJoker", "Score": 0},
    {"antes": [2,3,4,5,6,7,8], "sources": {"shopSlots": [0,1,2,3,4,5], "packSlots": [0,1,2,3,4,5]},"type": "Joker", "value": "Hack", "Score": 0},
    {"antes": [2,3,4,5,6,7,8], "sources": {"shopSlots": [0,1,2,3,4,5], "packSlots": [0,1,2,3,4,5]},"type": "Joker", "value": "Pareidolia", "Score": 0},
    {"antes": [2,3,4,5,6,7,8], "sources": {"shopSlots": [0,1,2,3,4,5], "packSlots": [0,1,2,3,4,5]},"type": "Joker", "value": "SpaceJoker", "Score": 0},
    {"antes": [2,3,4,5,6,7,8], "sources": {"shopSlots": [0,1,2,3,4,5], "packSlots": [0,1,2,3,4,5]},"type": "Joker", "value": "Burglar", "Score": 0},
    {"antes": [2,3,4,5,6,7,8], "sources": {"shopSlots": [0,1,2,3,4,5], "packSlots": [0,1,2,3,4,5]},"type": "Joker", "value": "Blackboard", "Score": 0},
    {"antes": [2,3,4,5,6,7,8], "sources": {"shopSlots": [0,1,2,3,4,5], "packSlots": [0,1,2,3,4,5]},"type": "Joker", "value": "SixthSense", "Score": 0},
    {"antes": [2,3,4,5,6,7,8], "sources": {"shopSlots": [0,1,2,3,4,5], "packSlots": [0,1,2,3,4,5]},"type": "Joker", "value": "Constellation", "Score": 0},
    {"antes": [2,3,4,5,6,7,8], "sources": {"shopSlots": [0,1,2,3,4,5], "packSlots": [0,1,2,3,4,5]},"type": "Joker", "value": "Hiker", "Score": 0},
    {"antes": [2,3,4,5,6,7,8], "sources": {"shopSlots": [0,1,2,3,4,5], "packSlots": [0,1,2,3,4,5]},"type": "Joker", "value": "CardSharp", "Score": 0},
    {"antes": [2,3,4,5,6,7,8], "sources": {"shopSlots": [0,1,2,3,4,5], "packSlots": [0,1,2,3,4,5]},"type": "Joker", "value": "Madness", "Score": 0},
    {"antes": [2,3,4,5,6,7,8], "sources": {"shopSlots": [0,1,2,3,4,5], "packSlots": [0,1,2,3,4,5]},"type": "Joker", "value": "Seance", "Score": 0},
    {"antes": [2,3,4,5,6,7,8], "sources": {"shopSlots": [0,1,2,3,4,5], "packSlots": [0,1,2,3,4,5]},"type": "Joker", "value": "Vampire", "Score": 0},
    {"antes": [2,3,4,5,6,7,8], "sources": {"shopSlots": [0,1,2,3,4,5], "packSlots": [0,1,2,3,4,5]},"type": "Joker", "value": "Shortcut", "Score": 0},
    {"antes": [2,3,4,5,6,7,8], "sources": {"shopSlots": [0,1,2,3,4,5], "packSlots": [0,1,2,3,4,5]},"type": "Joker", "value": "Hologram", "Score": 0},
    {"antes": [2,3,4,5,6,7,8], "sources": {"shopSlots": [0,1,2,3,4,5], "packSlots": [0,1,2,3,4,5]},"type": "Joker", "value": "Cloud9", "Score": 0},
    {"antes": [2,3,4,5,6,7,8], "sources": {"shopSlots": [0,1,2,3,4,5], "packSlots": [0,1,2,3,4,5]},"type": "Joker", "value": "Rocket", "Score": 0},
    {"antes": [2,3,4,5,6,7,8], "sources": {"shopSlots": [0,1,2,3,4,5], "packSlots": [0,1,2,3,4,5]},"type": "Joker", "value": "MidasMask", "Score": 0},
    {"antes": [2,3,4,5,6,7,8], "sources": {"shopSlots": [0,1,2,3,4,5], "packSlots": [0,1,2,3,4,5]},"type": "Joker", "value": "Luchador", "Score": 0},
    {"antes": [2,3,4,5,6,7,8], "sources": {"shopSlots": [0,1,2,3,4,5], "packSlots": [0,1,2,3,4,5]},"type": "Joker", "value": "GiftCard", "Score": 0},
    {"antes": [2,3,4,5,6,7,8], "sources": {"shopSlots": [0,1,2,3,4,5], "packSlots": [0,1,2,3,4,5]},"type": "Joker", "value": "TurtleBean", "Score": 0},
    {"antes": [2,3,4,5,6,7,8], "sources": {"shopSlots": [0,1,2,3,4,5], "packSlots": [0,1,2,3,4,5]},"type": "Joker", "value": "Erosion", "Score": 0},
    {"antes": [2,3,4,5,6,7,8], "sources": {"shopSlots": [0,1,2,3,4,5], "packSlots": [0,1,2,3,4,5]},"type": "Joker", "value": "ToTheMoon", "Score": 0},
    {"antes": [2,3,4,5,6,7,8], "sources": {"shopSlots": [0,1,2,3,4,5], "packSlots": [0,1,2,3,4,5]},"type": "Joker", "value": "StoneJoker", "Score": 0},
    {"antes": [2,3,4,5,6,7,8], "sources": {"shopSlots": [0,1,2,3,4,5], "packSlots": [0,1,2,3,4,5]},"type": "Joker", "value": "LuckyCat", "Score": 0},
    {"antes": [2,3,4,5,6,7,8], "sources": {"shopSlots": [0,1,2,3,4,5], "packSlots": [0,1,2,3,4,5]},"type": "Joker", "value": "Bull", "Score": 0},
    {"antes": [2,3,4,5,6,7,8], "sources": {"shopSlots": [0,1,2,3,4,5], "packSlots": [0,1,2,3,4,5]},"type": "Joker", "value": "DietCola", "Score": 0},
    {"antes": [2,3,4,5,6,7,8], "sources": {"shopSlots": [0,1,2,3,4,5], "packSlots": [0,1,2,3,4,5]},"type": "Joker", "value": "TradingCard", "Score": 0},
    {"antes": [2,3,4,5,6,7,8], "sources": {"shopSlots": [0,1,2,3,4,5], "packSlots": [0,1,2,3,4,5]},"type": "Joker", "value": "FlashCard", "Score": 0},
    {"antes": [2,3,4,5,6,7,8], "sources": {"shopSlots": [0,1,2,3,4,5], "packSlots": [0,1,2,3,4,5]},"type": "Joker", "value": "SpareTrousers", "Score": 0},
    {"antes": [2,3,4,5,6,7,8], "sources": {"shopSlots": [0,1,2,3,4,5], "packSlots": [0,1,2,3,4,5]},"type": "Joker", "value": "Ramen", "Score": 0},
    {"antes": [2,3,4,5,6,7,8], "sources": {"shopSlots": [0,1,2,3,4,5], "packSlots": [0,1,2,3,4,5]},"type": "Joker", "value": "Seltzer", "Score": 0},
    {"antes": [2,3,4,5,6,7,8], "sources": {"shopSlots": [0,1,2,3,4,5], "packSlots": [0,1,2,3,4,5]},"type": "Joker", "value": "Castle", "Score": 0},
    {"antes": [2,3,4,5,6,7,8], "sources": {"shopSlots": [0,1,2,3,4,5], "packSlots": [0,1,2,3,4,5]},"type": "Joker", "value": "MrBones", "Score": 0},
    {"antes": [2,3,4,5,6,7,8], "sources": {"shopSlots": [0,1,2,3,4,5], "packSlots": [0,1,2,3,4,5]},"type": "Joker", "value": "Acrobat", "Score": 0},
    {"antes": [2,3,4,5,6,7,8], "sources": {"shopSlots": [0,1,2,3,4,5], "packSlots": [0,1,2,3,4,5]},"type": "Joker", "value": "SockAndBuskin", "Score": 0},
    {"antes": [2,3,4,5,6,7,8], "sources": {"shopSlots": [0,1,2,3,4,5], "packSlots": [0,1,2,3,4,5]},"type": "Joker", "value": "Troubadour", "Score": 0},
    {"antes": [2,3,4,5,6,7,8], "sources": {"shopSlots": [0,1,2,3,4,5], "packSlots": [0,1,2,3,4,5]},"type": "Joker", "value": "Certificate", "Score": 0},
    {"antes": [2,3,4,5,6,7,8], "sources": {"shopSlots": [0,1,2,3,4,5], "packSlots": [0,1,2,3,4,5]},"type": "Joker", "value": "SmearedJoker", "Score": 0},
    {"antes": [2,3,4,5,6,7,8], "sources": {"shopSlots": [0,1,2,3,4,5], "packSlots": [0,1,2,3,4,5]},"type": "Joker", "value": "Throwback", "Score": 0},
    {"antes": [2,3,4,5,6,7,8], "sources": {"shopSlots": [0,1,2,3,4,5], "packSlots": [0,1,2,3,4,5]},"type": "Joker", "value": "RoughGem", "Score": 0},
    {"antes": [2,3,4,5,6,7,8], "sources": {"shopSlots": [0,1,2,3,4,5], "packSlots": [0,1,2,3,4,5]},"type": "Joker", "value": "Bloodstone", "Score": 0},
    {"antes": [2,3,4,5,6,7,8], "sources": {"shopSlots": [0,1,2,3,4,5], "packSlots": [0,1,2,3,4,5]},"type": "Joker", "value": "Arrowhead", "Score": 0},
    {"antes": [2,3,4,5,6,7,8], "sources": {"shopSlots": [0,1,2,3,4,5], "packSlots": [0,1,2,3,4,5]},"type": "Joker", "value": "OnyxAgate", "Score": 0},
    {"antes": [2,3,4,5,6,7,8], "sources": {"shopSlots": [0,1,2,3,4,5], "packSlots": [0,1,2,3,4,5]},"type": "Joker", "value": "GlassJoker", "Score": 0},
    {"antes": [2,3,4,5,6,7,8], "sources": {"shopSlots": [0,1,2,3,4,5], "packSlots": [0,1,2,3,4,5]},"type": "Joker", "value": "Showman", "Score": 0},
    {"antes": [2,3,4,5,6,7,8], "sources": {"shopSlots": [0,1,2,3,4,5], "packSlots": [0,1,2,3,4,5]},"type": "Joker", "value": "FlowerPot", "Score": 0},
    {"antes": [2,3,4,5,6,7,8], "sources": {"shopSlots": [0,1,2,3,4,5], "packSlots": [0,1,2,3,4,5]},"type": "Joker", "value": "MerryAndy", "Score": 0},
    {"antes": [2,3,4,5,6,7,8], "sources": {"shopSlots": [0,1,2,3,4,5], "packSlots": [0,1,2,3,4,5]},"type": "Joker", "value": "OopsAll6s", "Score": 0},
    {"antes": [2,3,4,5,6,7,8], "sources": {"shopSlots": [0,1,2,3,4,5], "packSlots": [0,1,2,3,4,5]},"type": "Joker", "value": "TheIdol", "Score": 0},
    {"antes": [2,3,4,5,6,7,8], "sources": {"shopSlots": [0,1,2,3,4,5], "packSlots": [0,1,2,3,4,5]},"type": "Joker", "value": "SeeingDouble", "Score": 0},
    {"antes": [2,3,4,5,6,7,8], "sources": {"shopSlots": [0,1,2,3,4,5], "packSlots": [0,1,2,3,4,5]},"type": "Joker", "value": "Matador", "Score": 0},
    {"antes": [2,3,4,5,6,7,8], "sources": {"shopSlots": [0,1,2,3,4,5], "packSlots": [0,1,2,3,4,5]},"type": "Joker", "value": "Satellite", "Score": 0},
    {"antes": [2,3,4,5,6,7,8], "sources": {"shopSlots": [0,1,2,3,4,5], "packSlots": [0,1,2,3,4,5]},"type": "Joker", "value": "Cartomancer", "Score": 0},
    {"antes": [2,3,4,5,6,7,8], "sources": {"shopSlots": [0,1,2,3,4,5], "packSlots": [0,1,2,3,4,5]},"type": "Joker", "value": "Astronomer", "Score": 0},
    {"antes": [2,3,4,5,6,7,8], "sources": {"shopSlots": [0,1,2,3,4,5], "packSlots": [0,1,2,3,4,5]},"type": "Joker", "value": "Bootstraps", "Score": 0},

    {"antes": [2,3,4,5,6,7,8], "sources": {"shopSlots": [0,1,2,3,4,5], "packSlots": [0,1,2,3,4,5]}, "type": "Joker", "value": "DNA", "Score": 0},
    {"antes": [2,3,4,5,6,7,8], "sources": {"shopSlots": [0,1,2,3,4,5], "packSlots": [0,1,2,3,4,5]}, "type": "Joker", "value": "Vagabond", "Score": 0},
    {"antes": [2,3,4,5,6,7,8], "sources": {"shopSlots": [0,1,2,3,4,5], "packSlots": [0,1,2,3,4,5]}, "type": "Joker", "value": "Baron", "Score": 0},
    {"antes": [2,3,4,5,6,7,8], "sources": {"shopSlots": [0,1,2,3,4,5], "packSlots": [0,1,2,3,4,5]}, "type": "Joker", "value": "Obelisk", "Score": 0},
    {"antes": [2,3,4,5,6,7,8], "sources": {"shopSlots": [0,1,2,3,4,5], "packSlots": [0,1,2,3,4,5]}, "type": "Joker", "value": "BaseballCard", "Score": 0},
    {"antes": [2,3,4,5,6,7,8], "sources": {"shopSlots": [0,1,2,3,4,5], "packSlots": [0,1,2,3,4,5]}, "type": "Joker", "value": "AncientJoker", "Score": 0},
    {"antes": [2,3,4,5,6,7,8], "sources": {"shopSlots": [0,1,2,3,4,5], "packSlots": [0,1,2,3,4,5]}, "type": "Joker", "value": "Campfire", "Score": 0},
    {"antes": [2,3,4,5,6,7,8], "sources": {"shopSlots": [0,1,2,3,4,5], "packSlots": [0,1,2,3,4,5]}, "type": "Joker", "value": "Blueprint", "Score": 0},
    {"antes": [2,3,4,5,6,7,8], "sources": {"shopSlots": [0,1,2,3,4,5], "packSlots": [0,1,2,3,4,5]}, "type": "Joker", "value": "WeeJoker", "Score": 0},
    {"antes": [2,3,4,5,6,7,8], "sources": {"shopSlots": [0,1,2,3,4,5], "packSlots": [0,1,2,3,4,5]}, "type": "Joker", "value": "HitTheRoad", "Score": 0},
    {"antes": [2,3,4,5,6,7,8], "sources": {"shopSlots": [0,1,2,3,4,5], "packSlots": [0,1,2,3,4,5]}, "type": "Joker", "value": "TheDuo", "Score": 0},
    {"antes": [2,3,4,5,6,7,8], "sources": {"shopSlots": [0,1,2,3,4,5], "packSlots": [0,1,2,3,4,5]}, "type": "Joker", "value": "TheTrio", "Score": 0},
    {"antes": [2,3,4,5,6,7,8], "sources": {"shopSlots": [0,1,2,3,4,5], "packSlots": [0,1,2,3,4,5]}, "type": "Joker", "value": "TheFamily", "Score": 0},
    {"antes": [2,3,4,5,6,7,8], "sources": {"shopSlots": [0,1,2,3,4,5], "packSlots": [0,1,2,3,4,5]}, "type": "Joker", "value": "TheOrder", "Score": 0},
    {"antes": [2,3,4,5,6,7,8], "sources": {"shopSlots": [0,1,2,3,4,5], "packSlots": [0,1,2,3,4,5]}, "type": "Joker", "value": "TheTribe", "Score": 0},
    {"antes": [2,3,4,5,6,7,8], "sources": {"shopSlots": [0,1,2,3,4,5], "packSlots": [0,1,2,3,4,5]}, "type": "Joker", "value": "Stuntman", "Score": 0},
    {"antes": [2,3,4,5,6,7,8], "sources": {"shopSlots": [0,1,2,3,4,5], "packSlots": [0,1,2,3,4,5]}, "type": "Joker", "value": "InvisibleJoker", "Score": 0},
    {"antes": [2,3,4,5,6,7,8], "sources": {"shopSlots": [0,1,2,3,4,5], "packSlots": [0,1,2,3,4,5]}, "type": "Joker", "value": "Brainstorm", "Score": 0},
    {"antes": [2,3,4,5,6,7,8], "sources": {"shopSlots": [0,1,2,3,4,5], "packSlots": [0,1,2,3,4,5]}, "type": "Joker", "value": "DriversLicense", "Score": 0},
    {"antes": [2,3,4,5,6,7,8], "sources": {"shopSlots": [0,1,2,3,4,5], "packSlots": [0,1,2,3,4,5]}, "type": "Joker", "value": "BurntJoker", "Score": 0},


    {"antes": [2,3,4,5,6,7,8], "sources": {"packSlots": [0,1,2,3,4,5]}, "type": "SoulJoker", "value": "Canio", "Score": 0},
    {"antes": [2,3,4,5,6,7,8], "sources": {"packSlots": [0,1,2,3,4,5]}, "type": "SoulJoker", "value": "Triboulet", "Score": 0},
    {"antes": [2,3,4,5,6,7,8], "sources": {"packSlots": [0,1,2,3,4,5]}, "type": "SoulJoker", "value": "Yorick", "Score": 0},
    {"antes": [2,3,4,5,6,7,8], "sources": {"packSlots": [0,1,2,3,4,5]}, "type": "SoulJoker", "value": "Chicot", "Score": 0},
    {"antes": [2,3,4,5,6,7,8], "sources": {"packSlots": [0,1,2,3,4,5]}, "type": "SoulJoker", "value": "Perkeo", "Score": 0}
  ],
  "mustNot": []
}