{
  "name": "Bubbles",
  "description": "Bubbles. Haha.  GEt it cuz... yeah.",
  "author": "pifreak", 
  "dateCreated": "2025-10-13T00:00:00.000Z",
  "deck": "Green",
  "stake": "White",
  "must": [
    {"type": "SmallBlindTag", "value": "CouponTag", "Antes": [2]},
    {"type": "SmallBlindTag", "value": "NegativeTag", "Antes": [4]},
    {"type": "Joker", "Value": "Showman", "antes": [1], "shopSlots": [0,1]},
    {"type": "Joker", "Value": "OopsAll6s", "antes": [1], "shopSlots": [0,1]},
    {"type": "Joker", "Value": "OopsAll6s", "antes": [1], "packSlots": [0,1]}
  ],
  "should": [
    
    {"score": 2, "type": "Joker", "Values": ["OopsAll6s", "HangingChad", "Burglar", "Mime", "ReservedParking"], "antes": [2], "shopSlots": [2,3]},
    {"score": 2, "type": "Joker", "Values": ["OopsAll6s", "HangingChad", "Burglar", "Mime", "ReservedParking"], "antes": [2], "shopSlots": [4,5]},
    {"score": 2, "type": "Joker", "Values": ["OopsAll6s", "HangingChad", "Burglar", "Mime", "ReservedParking"], "antes": [2], "shopSlots": [6,7]},
    {"score": 2, "type": "Joker", "Values": ["OopsAll6s", "HangingChad", "Burglar", "Mime", "ReservedParking"], "antes": [4], "shopSlots": [2,3,4,5]},
    {"score": 2, "type": "Joker", "Values": ["OopsAll6s", "HangingChad", "Burglar", "Mime", "ReservedParking"], "antes": [4], "shopSlots": [6,7,8,9]},
    {"score": 2, "type": "Joker", "Values": ["OopsAll6s", "HangingChad", "Burglar", "Mime", "ReservedParking"], "antes": [4], "shopSlots": [10,11,12,13]},


    {"score": 1, "type": "Joker", "Value": "OopsAll6s", "antes": [1,2,3,4,5,6,7,8]},
    {"score": 1, "type": "Joker", "Value": "Blueprint", "antes": [1,2,3,4,5,6,7,8]},
    {"score": 1, "type": "Joker", "Value": "Brainstorm", "antes": [1,2,3,4,5,6,7,8]},
    {"score": 2, "type": "Joker", "Edition": "Negative", "Value": "OopsAll6s", "antes": [1,2,3,4,5,6,7,8]}
  ],
  "mustNot": []
}