{
  "name": "Legendary Fast Soda.",
  "description": "Very fast negative legendary checker for Diet Cola and Perkeo + Ankh in shop.",
  "author": "pifreak",
  "dateCreated": "2025-11-08T10:03:51.5874702Z",
  "deck": "Ghost",
  "stake": "White",
  "must": [
    {
      "Antes": [1],
      "type": "SmallBlindTag",
      "Values": ["CharmTag", ""]
    }
  ],

  "should": [
    { "Antes": [1], "type": "SoulJoker", "Value": "Any", "Edition": "Negative" },
    { "Antes": [1, 2, 3, 4, 5, 6, 7, 8], "type": "SoulJoker", "Value": "Any", "Edition": "Negative" }
  ],
  "mustNot": []
}
