{
  "name": "Legendary Jimbo.",
  "description": "Get all 5 types of Legendary Joker. Get a 6th soul card which shall spawn (Negative) Legendary Jimbo!",
  "author": "D.J.",
  "dateCreated": "2025-11-08T10:03:51.5874702Z",
  "deck": "Anaglyph",
  "stake": "White",
  "must": [
    { "Antes": [9, 10, 11], "type": "SoulJoker", "Value": "Any", "Edition": "Negative" },
    { "min": 5, "Antes": [1, 2, 3, 4, 5, 6, 7, 8], "type": "SoulJoker", "Value": "Any" }
  ],

  "should": [
    { "Antes": [10], "type": "SoulJoker", "Value": "Any", "Edition": "Negative" },
    { "score": 100, "min": 5, "Antes": [1, 2, 3, 4, 5, 6, 7, 8], "type": "SoulJoker", "Value": "Any" },
    { "Antes": [1, 2, 3], "type": "SoulJoker", "Value": "Any" },
    { "Antes": [1, 2, 3, 4], "type": "SoulJoker", "Value": "Any" },
    { "Antes": [1, 2, 3, 4, 5], "type": "SoulJoker", "Value": "Any" },
    { "Antes": [1, 2, 3, 4, 5, 6], "type": "SoulJoker", "Value": "Any" },
    { "Antes": [1, 2, 3, 4, 5, 6, 7], "type": "SoulJoker", "Value": "Any" },
    { "Antes": [1, 2, 3, 4, 5, 6, 7, 8], "type": "SoulJoker", "Value": "Any" },
    { "Antes": [1, 2, 3, 4, 5, 6, 7, 8, 9], "type": "SoulJoker", "Value": "Any" },
    { "score": 10, "Antes": [1, 2, 3, 4, 5, 6, 7, 8, 9, 10], "type": "SoulJoker", "Value": "Any" },
    { "type": "voucher", "value": "Blank", "Antes": [1, 2, 3, 4, 5, 6, 7, 8, 9] },
    { "type": "voucher", "value": "Antimatter", "Antes": [1, 2, 3, 4, 5, 6, 7, 8, 9, 10] }
  ],
  "mustNot": []
}
