{
  "name": "LegendaryExodia",
  "description": "All 5 Legendary Jokers to hit NaNeInf",
  "author": "LegendaryExodia",
  "dateCreated": "2025-10-25T05:46:12.6691000Z",
  "deck": "Ghost",
  "stake": "White",
  "must": [
    {"type": "Souljoker", "Min": 1, "Value": "Any", "antes":[1,2]},
    {"type": "Souljoker", "Min": 4, "Value": "Any", "antes":[3,4,5,6,7,8]},
    {"type": "Joker", "Value": "Baron", "Antes": [1,2,3,4,5,6,7,8]},
    {"type": "Joker", "Value": "Mime", "Antes": [1,2,3,4,5,6,7,8]}
  ],
  "should": [
    {"type": "Joker", "Value": "Baron", "Antes": [1,2]},
    {"type": "Joker", "Value": "Mime", "Antes": [1,2]},
    {"type": "Joker", "Value": "Baron", "Antes": [3,4,5]},
    {"type": "Joker", "Value": "Mime", "Antes": [3,4,5]},
    {"type": "Joker", "Value": "Baron", "Antes": [6,7,8]},
    {"type": "Joker", "Value": "Mime", "Antes": [6,7,8]},

    {"score": 9, "type": "Joker", "Edition": "Negative", "Value": "Baron", "Antes": [1,2,3,4,5]},
    {"score": 8, "type": "Joker", "Edition": "Negative", "Value": "Mime",  "Antes": [1,2,3,4,5]},

      {"Score": 10, "type": "Joker", "Edition": "Negative", "Values": ["Baron", "Mime", "Blueprint", "Brainstorm", "InvisibleJoker", "OopsAll6s"], "Antes": [1], "packSlots": [0,1,2,3]},
      {"Score": 10, "type": "Joker", "Edition": "Negative", "Values": ["Baron", "Mime", "Blueprint", "Brainstorm", "InvisibleJoker", "OopsAll6s"], "Antes": [2,3,4,5,6,7], "packSlots": [0,1,2,3,4,5]},
      {"Score": 5, "type": "spectralCard", "value": "Cryptid", "Antes": [4,5,6,7,8], "shopSlots": [0,1,2,3,4,5,6,7,8,9,10,11,12]},
      
      {"Score": 20, "type": "Joker", "Edition": "Negative", "Values": ["Baron", "Mime", "Blueprint", "Brainstorm", "InvisibleJoker", "OopsAll6s"], "Antes": [1], "packSlots": [0,1,2,3]},
      {"Score": 20, "type": "Souljoker", "Edition": "Negative", "Value": "Any", "antes":[2,3,4,5,6,7,8], "Sources": {"packSlots": [0,1,2,3,4,5]}},
      {"Score": 10, "type": "Souljoker", "Value": "Any", "antes":[2,3], "Sources": {"packSlots": [0,1,2,3,4,5]}},
      {"Score": 10, "type": "Souljoker", "Value": "Any", "antes":[4,5,6,7,8], "Sources": {"packSlots": [0,1,2,3,4,5]}}
  ],
  "mustNot": []
}