{
  "name": "Legendary Fast.",
  "description": "Very fast negative legendary checker.",
  "author": "pifreak",
  "dateCreated": "2025-11-08T10:03:51.5874702Z",
  "deck": "Anaglyph",
  "stake": "White",
  "must": [
    {
      "min": 2,
      "Antes": [1, 2],
      "type": "SoulJoker",
      "Value": "Any",
      "Edition": "Negative"
    },
    {
      "Antes": [3, 4, 5, 6, 7, 8],
      "type": "SoulJoker",
      "Value": "Any",
      "Edition": "Negative"
    }
  ],

  "should": [
    { "Antes": [1], "type": "SoulJoker", "Value": "Any", "Edition": "Negative" },
    { "Antes": [1, 2, 3, 4, 5, 6, 7, 8], "type": "SoulJoker", "Value": "Any", "Edition": "Negative" }
  ],
  "mustNot": []
}
