{
  "name": "Legendary Fast (Double-Charm)",
  "description": "Very fast negative legendary checker with Charm Tag Ante 1",
  "author": "BlackJacket",
  "dateCreated": "2025-11-09T10:03:51.5874702Z",
  "deck": "Red",
  "stake": "White",
  "must": [
    {
      "Antes": [1],
      "type": "SmallBlindTag",
      "Value": "CharmTag"
    },
    {
      "Antes": [1],
      "type": "BigBlindTag",
      "Value": "CharmTag"
    },
    {
      "min": 2,
      "type": "souljoker",
      "value": "any",
      "Antes": [1]
    }
  ],

  "should": [
    { "Antes": [1], "type": "SoulJoker", "Value": "Any", "Edition": "Negative" },
    { "Antes": [1, 2, 3, 4, 5, 6, 7, 8], "type": "SoulJoker", "Value": "Any", "Edition": "Negative" }
  ],
  "mustNot": []
}
