{
  "name": "Legendary DelYEET",
  "description": "Very fast negative legendary checker for Diet Cola and Perkeo + Ankh in shop.",
  "author": "pifreak",
  "dateCreated": "2025-11-08T10:03:51.5874702Z",
  "deck": "magic",
  "stake": "White",
  "must": [
    {
      "Antes": [1],
      "type": "SmallBlindTag",
      "Value": "CouponTag"
    },
    {
      "Antes": [1],
      "type": "SoulJoker",
      "value": "Perkeo",
      "packSlots": [1]
    },
    {
      "type": "tarotcard",
      "value": "TheHangedMan",
      "Antes": [1],
      "shopSlots": [0, 1]
    }
  ],

  "should": [
    {
      "score": 36,
      "type": "Joker",
      "values": ["Blueprint", "Brainstorm"],
      "Antes": [1],
      "packSlots": [0],
      "shopSlots": [0, 1]
    },
    {
      "score": 18,
      "type": "Joker",
      "values": ["Blueprint", "Brainstorm"],
      "Antes": [1, 2],
      "packSlots": [0, 1, 2, 3],
      "shopSlots": [0, 1, 2, 3]
    },
    {
      "score": 666,
      "type": "Joker",
      "edition": "Negative",
      "values": ["Blueprint", "Brainstorm", "Erosion", "Pareidolia"],
      "Antes": [1, 2],
      "packSlots": [0, 1, 2, 3],
      "shopSlots": [0, 1, 2, 3]
    },
    {
      "score": 1,
      "type": "SoulJoker",
      "edition": "Negative",
      "values": ["Perkeo", "Canio"],
      "Antes": [1, 2, 3]
    },
    {
      "score": 1,
      "type": "Joker",
      "value": "Erosion",
      "Antes": [1, 2, 3],
      "shopSlots": [0, 1]
    },
    {
      "score": 1,
      "type": "Joker",
      "value": "Pareidolia",
      "Antes": [1, 2, 3],
      "packSlots": [0, 1, 2, 3],
      "shopSlots": [0, 1, 2, 3]
    },
    {
      "score": 2,
      "type": "tarotcard",
      "value": "TheHangedMan",
      "label": "HangedMan in Shop",
      "Antes": [2, 3, 4],
      "shopSlots": [0, 1, 2, 3, 4, 5]
    },
    {
      "score": 2,
      "type": "tarotcard",
      "value": "TheHangedMan",
      "label": "HangedMan in Arcana Pack",
      "Antes": [2, 3, 4],
      "packSlots": [0, 1, 2, 3, 4, 5]
    },
    {
      "score": 6,
      "type": "Joker",
      "value": "TradingCard",
      "Antes": [2, 3],
      "packSlots": [0, 1, 2, 3],
      "shopSlots": [0, 1, 2, 3]
    },
    {
      "score": 15,
      "type": "SpectralCard",
      "value": "Immolate",
      "Antes": [2, 3],
      "packSlots": [0, 1, 2, 3, 4, 5]
    }
  ],
  "mustNot": []
}
