{
  "name": "love",
  "description": "Canio with 1 perkeo a hanged man you can dupe with perkeo a brainstorm (If you can you don't have to include brainstorm) and a pareidolia I hope this isn't to complicated",
  "author": "I Loveee!!!",
  "dateCreated": "2025-08-24T05:46:12.6691000Z",
  "deck": "Ghost",
  "stake": "White",
  "must": [
    {
        "type": "SoulJoker",
        "value": "Perkeo",
        "antes": [1]
    }
  ],
  "should": [
      {
        "type": "SoulJoker",
        "value": "Perkeo",
        "antes": [1]
    }
    
  ],
  "mustNot": []
}