{
  "name": "nerkieo",
  "description": "Can you find me a seed with a neg perkio and a cryptid,along with a baron, bp or brainstorm? Doesnt have to be within the first few antes just in the first 8ish",
  "author": "Mr.bulk_sr",
  "dateCreated": "2025-09-11T05:46:12.6691000Z",
  "deck": "Ghost",
  "stake": "White",
  "must": [
    {
      "type": "SoulJoker",
      "value": "Perkeo",
        "Edition": "Negative",
      "antes": [1,2,3,4,5]
    },
    {
        "type": "joker",
        "value": "Baron",
        "antes": [1,2,3,4,5,6],
        "score": 119
    }
    
  ],
  "should": [
    {
      "type": "Joker",
      "value": "Blueprint",
      "antes": [1,2,3,4],
      "score": 100
    },
    {
      "type": "Joker",
      "value": "Brainstorm",
      "antes": [1,2],
      "score": 100
    },
    {
      "type": "SpectralCard",
      "value": "Cryptid",
      "antes": [1,2,3,4,5,6],
      "sources": {
        "shopSlots":    [0,1,2,3,4,5,6,7]
      },
      "score": 44
    },
    
    {
        "type": "joker",
        "value": "Mime",
        "antes": [1,2,3,4],
        "score": 56
    },
    {
        "type": "joker",
        "value": "AnyRare",
        "edition": "Negative",
        "antes": [1,2,3,4,5,6,7,8],
        "score": 1
    }
    
  ],
  "mustNot": []
}