{
  "name": "love",
  "description": "Canio with 1 perkeo a hanged man you can dupe with perkeo a brainstorm (If you can you don't have to include brainstorm) and a pareidolia I hope this isn't to complicated",
  "author": "I Loveee!!!",
  "dateCreated": "2025-08-24T05:46:12.6691000Z",
  "deck": "Ghost",
  "stake": "White",
  "must": [
    {
      "type": "SoulJoker",
      "value": "Perkeo",
      "antes": [1,2,3]
    },
    {
      "type": "SoulJoker",
      "value": "Canio",
      "antes": [1,2,3]
    },
    
    {
        "type": "joker",
        "value": "Pareidolia",
        "antes": [1,2,3]
    }
  ],
  "should": [
    {
      "type": "SoulJoker",
      "value": "Perkeo",
      "antes": [1,2,3]
    },
    {
      "type": "SoulJoker",
      "value": "Canio",
      "antes": [1,2,3]
    },
    
    {
        "type": "joker",
        "value": "Pareidolia",
        "antes": [1,2,3]
    },
        {
        "type": "TarotCard",
        "value": "TheHangedMan",
        "antes": [1,2,3,4],
        "sources": {
          "shopSlots": [0,1,2,3,4]
        }
    },
    {
        "type": "joker",
        "values": ["Brainstorm","Blueprint"],
        "antes": [2,3,4,5,6,7,8],
        "sources": {
          "shopSlots": [0,1,2,3,4],
          "packSlots": [0,1,2,3,4,5]
        }
    }
  ],
  "mustNot": []
}