{
  "name": "Perkolatio",
  "description": "Perkeo and Immolate on Ghost deck, with Canio and Pareidolia",
  "author": "pifreak",
  "deck": "Anaglyph",
  "stake": "White",
  "must": [
    {"type": "SmallBlindTag", "Value": "CouponTag", "antes": [1]},
    {"type": "BigBlindTag", "Value": "DoubleTag", "antes": [1]},
    {"type": "SoulJoker", "Value": "Perkeo", "antes": [2,3,4,5,6,7]},
    {"type": "smallBlindTag", "Value": "NegativeTag", "Antes": [2]},
    {"type": "smallBlindTag", "Value": "NegativeTag", "Antes": [8]},
    
    {"type": "voucher", "value": "Telescope", "Antes": [2,3,4,5,6,7,8]},
    {"type": "voucher", "value": "Observatory", "Antes": [3,4,5,6,7,8,9]},
    {"type": "joker", "value": "Showman", "antes": [2], "shopSlots": [2,3,4,5]},
    {"type": "joker", "value": "Blueprint", "antes": [2,3,4,5,6,7]},
    {"type": "joker", "value": "Brainstorm", "antes": [2,3,4,5,6,7]},
],
"should": [
    {"type": "smallBlindTag", "Value": "NegativeTag", "Antes": [9,10,11,12,13,14,15]},

    
    {"type": "And", "Clauses": [
        {"type": "SmallBlindTag", "Value": "NegativeTag","antes": [2] },
        {"score": 1, "type": "Joker", "Edition": "None", "Values": ["Blueprint", "Brainstorm", "OopsAll6s"], "antes": [2], "shopSlots": [2,3]}

    ]},

        {"type": "And", "Clauses": [
        {"type": "SmallBlindTag", "Value": "NegativeTag","antes": [3] },
        {"score": 1, "type": "Joker", "Edition": "None", "Values": ["Blueprint", "Brainstorm", "OopsAll6s"], "antes": [3], "shopSlots": [2,3,4]}

    ]},

        {"type": "And", "Clauses": [
        {"type": "SmallBlindTag", "Value": "NegativeTag","antes": [4] },
        {"score": 1, "type": "Joker", "Edition": "None", "Values": ["Blueprint", "Brainstorm", "OopsAll6s"], "antes": [4], "shopSlots": [2,3,4,5]}

    ]},

    {"type": "And", "Clauses": [
        {"type": "SmallBlindTag", "Value": "NegativeTag","antes": [5] },
        {"score": 1, "type": "Joker", "Edition": "None", "Values": ["Blueprint", "Brainstorm", "OopsAll6s"], "antes": [5], "shopSlots": [2,3,4,5,6]}

    ]},

    {"type": "And", "Clauses": [
        {"type": "SmallBlindTag", "Value": "NegativeTag","antes": [6] },
        {"score": 1, "type": "Joker", "Edition": "None", "Values": ["Blueprint", "Brainstorm", "OopsAll6s"], "antes": [6], "shopSlots": [2,3,4,5,6,7]}

    ]},

    {"type": "And", "Clauses": [
        {"type": "SmallBlindTag", "Value": "NegativeTag","antes": [7] },
        {"score": 1, "type": "Joker", "Edition": "None", "Values": ["Blueprint", "Brainstorm", "OopsAll6s"], "antes": [7], "shopSlots": [2,3,4,5,6,7,8]}

    ]},


    {"type": "And", "Clauses": [
        {"type": "SmallBlindTag", "Value": "NegativeTag","antes": [8] },
        {"type": "Or", "mode": "Max", "Clauses": [
            {"score": 10, "type": "Joker", "Edition": "None", "Values": ["Blueprint", "Brainstorm", "OopsAll6s"], "antes": [8], "shopSlots": [2,3,4,5,6,7,8,9]},
            {"score": 10, "type": "Joker", "Edition": "None", "Values": ["Blueprint", "Brainstorm"], "antes": [8], "shopSlots": [10,11,12,13,14,15,16,17]},
            {"score": 10, "type": "Joker", "Edition": "None", "Values": ["Blueprint", "Brainstorm"], "antes": [8], "shopSlots": [18,19,20,21,22,23,24,25]},
            {"score": 10, "type": "Joker", "Edition": "None", "Values": ["Blueprint", "Brainstorm"], "antes": [8], "shopSlots": [26,27,28,29,30,31,32,33]},
            {"score": 10, "type": "Joker", "Edition": "None", "Values": ["Blueprint", "Brainstorm"], "antes": [8], "shopSlots": [34,35,36,37,38,39,40,41]},
            {"score": 10, "type": "Joker", "Edition": "None", "Values": ["Blueprint", "Brainstorm"], "antes": [8], "shopSlots": [42,43,44,45,46,47,48,49]},
            {"score": 10, "type": "Joker", "Edition": "None", "Values": ["Blueprint", "Brainstorm"], "antes": [8], "shopSlots": [50,51,52,53,54,55,56,57]},
            {"score": 10, "type": "Joker", "Edition": "None", "Values": ["Blueprint", "Brainstorm"], "antes": [8], "shopSlots": [58,59,60,61,62,63,64,65]},
            {"score": 10, "type": "Joker", "Edition": "None", "Values": ["Blueprint", "Brainstorm"], "antes": [8], "shopSlots": [66,67,68,69,70,71,72,73]},
            {"score": 10, "type": "Joker", "Edition": "None", "Values": ["Blueprint", "Brainstorm"], "antes": [8], "shopSlots": [74,75,76,77,78,79,80,81]},
            {"score": 10, "type": "Joker", "Edition": "None", "Values": ["Blueprint", "Brainstorm"], "antes": [8], "shopSlots": [82,83,84,85,86,87,88,89]},
            {"score": 10, "type": "Joker", "Edition": "None", "Values": ["Blueprint", "Brainstorm"], "antes": [8], "shopSlots": [90,91,92,93,94,95,96,97]},
            {"score": 10, "type": "Joker", "Edition": "None", "Values": ["Blueprint", "Brainstorm"], "antes": [8], "shopSlots": [98,99,100,101,102,103,104,105]},
            {"score": 10, "type": "Joker", "Edition": "None", "Values": ["Blueprint", "Brainstorm"], "antes": [8], "shopSlots": [106,107,108,109,110,111,112,113]},
            {"score": 10, "type": "Joker", "Edition": "None", "Values": ["Blueprint", "Brainstorm"], "antes": [8], "shopSlots": [114,115,116,117,118,119,120,121]},
            {"score": 10, "type": "Joker", "Edition": "None", "Values": ["Blueprint", "Brainstorm"], "antes": [8], "shopSlots": [122,123,124,125,126,127,128,129]},
            {"score": 10, "type": "Joker", "Edition": "None", "Values": ["Blueprint", "Brainstorm"], "antes": [8], "shopSlots": [130,131,132,133,134,135,136,137]},
            {"score": 10, "type": "Joker", "Edition": "None", "Values": ["Blueprint", "Brainstorm"], "antes": [8], "shopSlots": [138,139,140,141,142,143,144,145]},
            {"score": 10, "type": "Joker", "Edition": "None", "Values": ["Blueprint", "Brainstorm"], "antes": [8], "shopSlots": [146,147,148,149,150,151,152,153]},
            {"score": 10, "type": "Joker", "Edition": "None", "Values": ["Blueprint", "Brainstorm"], "antes": [8], "shopSlots": [154,155,156,157,158,159,160,161]},
            {"score": 10, "type": "Joker", "Edition": "None", "Values": ["Blueprint", "Brainstorm"], "antes": [8], "shopSlots": [162,163,164,165,166,167,168,169]},
            {"score": 10, "type": "Joker", "Edition": "None", "Values": ["Blueprint", "Brainstorm"], "antes": [8], "shopSlots": [170,171,172,173,174,175,176,177]},
            {"score": 10, "type": "Joker", "Edition": "None", "Values": ["Blueprint", "Brainstorm"], "antes": [8], "shopSlots": [178,179,180,181,182,183,184,185]},
            {"score": 10, "type": "Joker", "Edition": "None", "Values": ["Blueprint", "Brainstorm"], "antes": [8], "shopSlots": [186,187,188,189,190,191,192,193]},
            {"score": 10, "type": "Joker", "Edition": "None", "Values": ["Blueprint", "Brainstorm"], "antes": [8], "shopSlots": [194,195,196,197,198,199,200]}
        ]}
    ]},
    {"type": "Joker", "Edition": "Negative", "values": ["Blueprint", "Brainstorm"], "Antes": [8], "Sources": {"minShopSlot": 0, "maxShopSlot": 1000}},
    {"type": "Joker", "Edition": "Negative", "values": ["Blueprint", "Brainstorm"], "Antes": [9], "Sources": {"minShopSlot": 0, "maxShopSlot": 1000}},
    {"type": "Joker", "Edition": "Negative", "values": ["Blueprint", "Brainstorm"], "Antes": [10], "Sources": {"minShopSlot": 0, "maxShopSlot": 1000}},
    {"type": "Joker", "Edition": "Negative", "values": ["Blueprint", "Brainstorm"], "Antes": [11], "Sources": {"minShopSlot": 0, "maxShopSlot": 1000}},
    {"type": "Joker", "Edition": "Negative", "values": ["Blueprint", "Brainstorm"], "Antes": [12], "Sources": {"minShopSlot": 0, "maxShopSlot": 1000}},
    {"type": "Joker", "Edition": "Negative", "values": ["Blueprint", "Brainstorm"], "Antes": [13], "Sources": {"minShopSlot": 0, "maxShopSlot": 1000}},
    {"type": "Joker", "Edition": "Negative", "values": ["Blueprint", "Brainstorm"], "Antes": [14], "Sources": {"minShopSlot": 0, "maxShopSlot": 1000}}
  ],
  "mustNot": []
}