{
  "name": "LuckyFool",
  "description": "Some Lucky build with The Fool tarot cards.",
  "author": "test",
  "deck": "Anaglyph",
  "stake": "White",
  "must": [
    { "type": "SmallBlindTag", "value": "NegativeTag", "antes": [3, 4, 5, 6, 7, 8] },
    { "Type": "Joker", "Value": "Showman", "antes": [1, 2, 3] },
    { "type": "Souljoker", "Value": "Perkeo", "Antes": [1], "packSlots": [1], "requireMega": true }
  ],
  "should": [
    {
      "Type": "And",
      "Clauses": [
        { "Antes": [2], "Type": "smallBlindTag", "Value": "NegativeTag" },
        {
          "Type": "Or",
          "Mode": "Max",
          "Clauses": [
            { "Antes": [2], "Type": "Joker", "Value": "OopsAll6s", "shopSlots": [2, 3, 4] },
            { "Antes": [2], "Type": "Joker", "Value": "OopsAll6s", "shopSlots": [4, 5, 6] },
            { "Antes": [2], "Type": "Joker", "Value": "OopsAll6s", "shopSlots": [6, 7, 8] }
          ]
        }
      ]
    },
    {
      "Type": "And",
      "Clauses": [
        { "Antes": [3], "Type": "smallBlindTag", "Value": "NegativeTag" },
        {
          "Type": "Or",
          "Mode": "Max",
          "Clauses": [
            { "Antes": [3], "Type": "Joker", "Value": "OopsAll6s", "shopSlots": [2, 3, 4] },
            { "Antes": [3], "Type": "Joker", "Value": "OopsAll6s", "shopSlots": [4, 5, 6] },
            { "Antes": [3], "Type": "Joker", "Value": "OopsAll6s", "shopSlots": [6, 7, 8] }
          ]
        }
      ]
    },
    {
      "Type": "And",
      "Clauses": [
        { "Antes": [4], "Type": "smallBlindTag", "Value": "NegativeTag" },
        {
          "Type": "Or",
          "Mode": "Max",
          "Clauses": [
            { "Antes": [4], "Type": "Joker", "Value": "OopsAll6s", "shopSlots": [2, 3, 4] },
            { "Antes": [4], "Type": "Joker", "Value": "OopsAll6s", "shopSlots": [4, 5, 6] },
            { "Antes": [4], "Type": "Joker", "Value": "OopsAll6s", "shopSlots": [6, 7, 8] }
          ]
        }
      ]
    },
    {
      "Type": "And",
      "Clauses": [
        { "Antes": [5], "Type": "smallBlindTag", "Value": "NegativeTag" },
        {
          "Type": "Or",
          "Mode": "Max",
          "Clauses": [
            { "Antes": [5], "Type": "Joker", "Value": "OopsAll6s", "shopSlots": [2, 3, 4] },
            { "Antes": [5], "Type": "Joker", "Value": "OopsAll6s", "shopSlots": [4, 5, 6] },
            { "Antes": [5], "Type": "Joker", "Value": "OopsAll6s", "shopSlots": [6, 7, 8] }
          ]
        }
      ]
    },
    {
      "Type": "And",
      "Clauses": [
        { "Antes": [6], "Type": "smallBlindTag", "Value": "NegativeTag" },
        {
          "Type": "Or",
          "Mode": "Max",
          "Clauses": [
            { "Antes": [6], "Type": "Joker", "Value": "OopsAll6s", "shopSlots": [2, 3, 4, 5] },
            { "Antes": [6], "Type": "Joker", "Value": "OopsAll6s", "shopSlots": [4, 5, 6, 7] },
            { "Antes": [6], "Type": "Joker", "Value": "OopsAll6s", "shopSlots": [6, 7, 8, 9] }
          ]
        }
      ]
    },
    {
      "Type": "And",
      "Clauses": [
        { "Antes": [7], "Type": "smallBlindTag", "Value": "NegativeTag" },
        {
          "Type": "Or",
          "Mode": "Max",
          "Clauses": [
            { "Antes": [7], "Type": "Joker", "Value": "OopsAll6s", "shopSlots": [2, 3, 4, 5, 6, 7] },
            { "Antes": [7], "Type": "Joker", "Value": "OopsAll6s", "shopSlots": [4, 5, 6, 7, 8, 9] },
            { "Antes": [7], "Type": "Joker", "Value": "OopsAll6s", "shopSlots": [6, 7, 8, 9, 10, 11] }
          ]
        }
      ]
    },
    {
      "Type": "And",
      "Clauses": [
        { "Antes": [8], "Type": "smallBlindTag", "Value": "NegativeTag" },
        {
          "Type": "Or",
          "Mode": "Max",
          "Clauses": [
            { "Antes": [8], "Type": "Joker", "Value": "OopsAll6s", "shopSlots": [2, 3, 4, 5, 6, 7] },
            { "Antes": [8], "Type": "Joker", "Value": "OopsAll6s", "shopSlots": [4, 5, 6, 7, 8, 9] },
            { "Antes": [8], "Type": "Joker", "Value": "OopsAll6s", "shopSlots": [6, 7, 8, 9, 10, 11] }
          ]
        }
      ]
    }
  ],
  "mustNot": []
}
