{
  "name": "Fortune Tell Her",
  "description": "Purple Seals Galore! Use them tarot cards baby!",
  "author": "pifreak",
  "dateCreated": "2025-08-24T05:46:12.6691000Z",
  "deck": "Yellow",
  "stake": "White",
  "must": [
    {
      "type": "Joker",
      "value": "oopsall6s",
      "antes": [2],
      "sources": {
        "packSlots": [0,1],
        "requireMega":true,
        "shopSlots": [0,1]
      }
    },
    {
      "type": "SpectralCard",
      "value": "Ankh",
      "antes": [1],
      "sources": {
        "packSlots": [1]
      }
    },
    {
      "type": "SoulJoker",
      "value": "Perkeo",
      "antes": [2]
    }
  ],
  "should": [
    {
     "type": "Joker",
      "value":"Blueprint",
      "antes": [1,2,3],
      "score": 10
    },
        {
     "type": "Joker",
      "value":"Brainstorm",
      "antes": [1,2,3],
      "score": 10
    },
    {
      "type": "Joker",
      "value":"LuckyCat",
      "antes": [2,3,4,5,6]
    },
    {
      "type": "PlayingCard",
      "seal": "Purple",
      "antes": [1,2,3,4]
    },
    {
      "type": "PlayingCard",
      "seal": "Purple",
      "antes": [1,2,3,4]
    },
    {
      "type": "SpectralCard",
      "value": "Medium",
      "antes": [1,2,3,4]
    },
    {
      "type": "Joker",
      "value": "Juggler",
      "edition": "Negative",
      "antes": [1,2,3,4], "score": 6
    },
    {
      "type": "Joker",
      "value": "Drunkard",
      "edition": "Negative",
      "antes": [1,2,3,4], "score": 6
    }
  ],
  "mustNot": []
}