{
  "name": "Masky",
  "description": "A good seed for: Midask Mask, Pareidolia, Vampire, Golden Ticket",
  "author": "tacodiva",
  "dateCreated": "2025-01-01T05:46:12.6691000Z",
  "must": [
    {
        "type": "Joker",
        "value": "MidasMask",
        "antes": [1]
    },
    {
        "type": "Joker",
        "value": "Vampire",
        "antes": [1,2]
    },
    {
        "type": "Joker",
        "value": "Pareidolia",
        "antes": [1,2,3]
    },
    {
        "type": "Joker",
        "value": "GoldenTicket",
        "antes": [3]
    },
    {
        "type": "SpectralCard",
        "value": "Ankh",
        "antes": [1,2]
    }
  ],
  "should": [
     {
        "type": "Joker",
        "value": "MidasMask",
        "antes": [1]
    },
    {
        "type": "Joker",
        "value": "Vampire",
        "antes": [1,2]
    },
    {
        "type": "Joker",
        "value": "Pareidolia",
        "antes": [1,2,3]
    },
    {
        "type": "Joker",
        "value": "GoldenTicket",
        "antes": [3]
    },
    {
        "type": "SpectralCard",
        "value": "Ankh",
        "antes": [1,2]
    }
  ],
  "mustNot": []
}