{
  "name": "Masky",
  "description": "A good seed for: Midask Mask, Pareidolia, Vampire, Golden Ticket",
  "author": "tacodiva",
  "dateCreated": "2025-01-01T05:46:12.6691000Z",
  "must": [
    {
        "type": "SoulJoker",
        "value": "Perkeo",
        "antes": [1,2]
    },
    {
      "type": "Joker",
      "value": "Showman",
      "antes": [1,2,3,4]
    }
  ],
  "should": [
    {
      "type": "Joker",
      "value": "Showman",
      "edition":"Negative",
      "antes": [1,2,3,4],
      "score": 5
    },
    {
        "type": "SoulJoker",
        "value": "any",
        "edition": "Negative",
        "antes": [1],
        "sources": {
          "packSlots": [1],
          "requireMega": true
        },
        "score": 9
    },
    {
        "type": "Joker",
        "value": "Blueprint",
        "antes": [1,2,3,4,5,6,7,8],
        "score": 1
    },
    {
        "type": "Joker",
        "value": "Brainstorm",
        "antes": [1,2,3,4,5,6,7,8],
        "score": 1
    },
    {
        "type": "Joker",
        "value": "Blueprint",
        "edition": "Negative",
        "antes": [1,2,3,4,5,6,7,8],
        "score": 10
    },
    {
        "type": "Joker",
        "value": "Brainstorm",
        "edition": "Negative",
        "antes": [1,2,3,4,5,6,7,8],
        "score": 10
    }
  ],
  "mustNot": []
}