{
  "name": "wat",
  "description": "",
  "author": "lolwatxD",
  "dateCreated": "2025-01-01T05:46:12.6691000Z",
  "must": [
    {
        "type": "SoulJoker",
        "value": "Any",
        "edition": "Negative",
        "antes": [1,2]
    }
  ],
  "should": [
    {
        "type": "SoulJoker",
        "value": "Any",
        "edition": "Negative",
        "antes": [1,2,3,4,5,6,7,8,9,10,11,12,13,14,15,16],
        "score": 100
    },
    {
        "type": "SoulJoker",
        "value": "AnyRare",
        "edition": "Negative",
        "antes": [1,2,3,4,5,6,7,8,9,10,11,12,13,14,15,16],
        "score": 200
    }
  ],
  "mustNot": []
}