{
  "name": "Photophotochadchadchad",
  "description": "Photophotochadchadchad before ante 4, or copy jokers",
  "author": "IS-100",
  "dateCreated": "2025-08-30T05:46:12.6691000Z",
  "must": [
    {
      "type": "voucher",
      "value": "SeedMoney",
      "antes": [1]
    },
    {
      "type": "voucher",
      "value": "MoneyTree",
      "antes": [2]
    },
    {
        "type": "joker",
        "value": "Bull",
        "sources": {
            "packSlots": [0,1],
            "shopSlots": [0,1,2,3]
        },
        "antes": [1,2,3]
    }
  ],
  "should": [
        {
        "type": "joker",
        "value": "ToTheMoon",
        "sources": {
            "packSlots": [0,1],
            "shopSlots": [0,1,2,3]
        },
        "antes": [1,2,3]
    }
    {
        "type": "joker",
        "value": "Photograph",
        "sources": {
            "packSlots": [0,1,2,3,4,5],
            "shopSlots": [1,2,3,4,5,6,7,8,9,10,11,12]
        },
        "antes": [2,3,4]
    },
    {
        "type": "joker",
        "value": "Blueprint",
        "sources": {
            "packSlots": [0,1,2,3,4,5],
            "shopSlots": [1,2,3,4,5,6,7,8,9,10,11,12]
        },
        "antes": [2,3,4]
    },
    {
        "type": "joker",
        "value": "Brainstorm",
        "sources": {
            "packSlots": [0,1,2,3,4,5],
            "shopSlots": [1,2,3,4,5,6,7,8,9,10,11,12]
        },
        "antes": [2,3,4]
    },
    {
        "type": "souljoker",
        "value": "Perkeo",
        "antes": [2,3,4],
        "score": 5
    },
    {
        "type": "souljoker",
        "value": "Yorick",
        "antes": [2,3,4],
        "score": 5
    },
    {
        "type": "SoulJoker",
        "value": "Chicot",
        "antes": [2,3,4],
        "score": 5
    },
    {
        "type": "SoulJoker",
        "value": "Canio",
        "antes": [2,3,4],
        "score": 5
    },
    {
        "type": "SoulJoker",
        "value": "Triboulet",
        "antes": [2,3,4],
        "score": 5
    }
  ],
  "must-not": [],
  "scoring": {
    "type": "sum"
  }
}