{
  "name": "MegaZerkeo",
  "description": "idol for the 10 of spades glitched decks",
  "author": "pifreak",
  "must": [
    {"type": "Voucher", "Value": "Hieroglyph", "antes": [1]},
    {"type": "SoulJoker", "Edition": "Negative", "Value": "Any", "antes": [0], "packSlots": [1,2,3]},
    {"type": "SoulJoker", "Edition": "Negative", "Value": "Any", "antes": [1], "packSlots": [1,2,3]}
  ],
  "should": [
    {"type": "Joker", "Values": ["Blueprint", "Brainstorm"], "antes": [0,1], "packSlots": [0]},
    {"score": 100, "type": "SoulJoker", "Value": "Perkeo", "antes": [0,1]},
    {"score": 100, "type": "Voucher", "Value": "Petroglyph", "antes": [2]},
    {"score": 100, "type": "Joker", "Value": "Showman", "antes": [1,2,3,4,5]},
    {"score": 100, "type": "Joker", "Value": "LuckyCat", "antes": [1,2,3,4,5]},

     {"score": 100,"type": "And","clauses": [{"type": "SmallBlindTag", "value": "NegativeTag", "antes": [2]},{"score": 100, "type": "Joker",  "Edition": "None", "value": "OopsAll6s", "antes": [2], "sources":{ "minShopSlot": 2, "maxShopSlot": 8}}]}
    ,{"score": 100,"type": "And","clauses": [{"type": "SmallBlindTag", "value": "NegativeTag", "antes": [3]},{"score": 100, "type": "Joker",  "Edition": "None", "value": "OopsAll6s", "antes": [3], "sources":{ "minShopSlot": 2, "maxShopSlot": 12}}]}
    ,{"score": 100,"type": "And","clauses": [{"type": "SmallBlindTag", "value": "NegativeTag", "antes": [4]},{"score": 100, "type": "Joker",  "Edition": "None", "value": "OopsAll6s", "antes": [4], "sources":{ "minShopSlot": 2, "maxShopSlot": 16}}]}
    ,{"score": 100,"type": "And","clauses": [{"type": "SmallBlindTag", "value": "NegativeTag", "antes": [5]},{"score": 100, "type": "Joker",  "Edition": "None", "value": "OopsAll6s", "antes": [5], "sources":{ "minShopSlot": 2, "maxShopSlot": 20}}]}
    ,{"score": 100,"type": "And","clauses": [{"type": "SmallBlindTag", "value": "NegativeTag", "antes": [6]},{"score": 100, "type": "Joker",  "Edition": "None", "value": "OopsAll6s", "antes": [6], "sources":{ "minShopSlot": 2, "maxShopSlot": 24}}]}
    ,{"score": 100,"type": "And","clauses": [{"type": "SmallBlindTag", "value": "NegativeTag", "antes": [7]},{"score": 100, "type": "Joker",  "Edition": "None", "value": "OopsAll6s", "antes": [7], "sources":{ "minShopSlot": 2, "maxShopSlot": 28}}]}
    ,{"score": 100,"type": "And","clauses": [{"type": "SmallBlindTag", "value": "NegativeTag", "antes": [8]},{"score": 100, "type": "Joker",  "Edition": "None", "value": "OopsAll6s", "antes": [8], "sources":{ "minShopSlot": 2, "maxShopSlot": 32}}]}

    ,{"score": 10,"type": "And","clauses": [{"type": "SmallBlindTag", "value": "NegativeTag", "antes": [2]},{"score": 10, "type": "Joker",  "Edition": "None", "values": ["Blueprint", "Brainstorm", "InvisibleJoker", "LuckyCat", "Showman"], "antes": [2], "sources":{ "minShopSlot": 2, "maxShopSlot": 8}}]}
    ,{"score": 10,"type": "And","clauses": [{"type": "SmallBlindTag", "value": "NegativeTag", "antes": [3]},{"score": 10, "type": "Joker",  "Edition": "None", "values": ["Blueprint", "Brainstorm", "InvisibleJoker", "LuckyCat", "Showman"], "antes": [3], "sources":{ "minShopSlot": 2, "maxShopSlot": 12}}]}
    ,{"score": 10,"type": "And","clauses": [{"type": "SmallBlindTag", "value": "NegativeTag", "antes": [4]},{"score": 10, "type": "Joker",  "Edition": "None", "values": ["Blueprint", "Brainstorm", "InvisibleJoker", "LuckyCat", "Showman"], "antes": [4], "sources":{ "minShopSlot": 2, "maxShopSlot": 16}}]}
    ,{"score": 10,"type": "And","clauses": [{"type": "SmallBlindTag", "value": "NegativeTag", "antes": [5]},{"score": 10, "type": "Joker",  "Edition": "None", "values": ["Blueprint", "Brainstorm", "InvisibleJoker", "LuckyCat", "Showman"], "antes": [5], "sources":{ "minShopSlot": 2, "maxShopSlot": 20}}]}
    ,{"score": 10,"type": "And","clauses": [{"type": "SmallBlindTag", "value": "NegativeTag", "antes": [6]},{"score": 10, "type": "Joker",  "Edition": "None", "values": ["Blueprint", "Brainstorm", "InvisibleJoker", "LuckyCat", "Showman"], "antes": [6], "sources":{ "minShopSlot": 2, "maxShopSlot": 24}}]}
    ,{"score": 10,"type": "And","clauses": [{"type": "SmallBlindTag", "value": "NegativeTag", "antes": [7]},{"score": 10, "type": "Joker",  "Edition": "None", "values": ["Blueprint", "Brainstorm", "InvisibleJoker", "LuckyCat", "Showman"], "antes": [7], "sources":{ "minShopSlot": 2, "maxShopSlot": 28}}]}
    ,{"score": 10,"type": "And","clauses": [{"type": "SmallBlindTag", "value": "NegativeTag", "antes": [8]},{"score": 10, "type": "Joker",  "Edition": "None", "values": ["Blueprint", "Brainstorm", "InvisibleJoker", "LuckyCat", "Showman"], "antes": [8], "sources":{ "minShopSlot": 2, "maxShopSlot": 32}}]}
    
    ,{"score": 100, "type": "Joker",  "Edition": "Negative", "value": "OopsAll6s", "antes": [1], "sources":{ "packSlots": [0,1,2,3], "minShopSlot": 0, "maxShopSlot": 4}}
    ,{"score": 100, "type": "Joker",  "Edition": "Negative", "value": "OopsAll6s", "antes": [2], "sources":{ "packSlots": [0,1,2,3,4,5], "minShopSlot": 0, "maxShopSlot": 8}}
    ,{"score": 100, "type": "Joker",  "Edition": "Negative", "value": "OopsAll6s", "antes": [3], "sources":{ "packSlots": [0,1,2,3,4,5], "minShopSlot": 0, "maxShopSlot": 18}}
    ,{"score": 100, "type": "Joker",  "Edition": "Negative", "value": "OopsAll6s", "antes": [4], "sources":{ "packSlots": [0,1,2,3,4,5], "minShopSlot": 0, "maxShopSlot": 24}}
    ,{"score": 100, "type": "Joker",  "Edition": "Negative", "value": "OopsAll6s", "antes": [5], "sources":{ "packSlots": [0,1,2,3,4,5], "minShopSlot": 0, "maxShopSlot": 48}}
    ,{"score": 100, "type": "Joker",  "Edition": "Negative", "value": "OopsAll6s", "antes": [6], "sources":{ "packSlots": [0,1,2,3,4,5], "minShopSlot": 0, "maxShopSlot": 64}}
    ,{"score": 100, "type": "Joker",  "Edition": "Negative", "value": "OopsAll6s", "antes": [7], "sources":{ "packSlots": [0,1,2,3,4,5], "minShopSlot": 0, "maxShopSlot": 128}}
    ,{"score": 100, "type": "Joker",  "Edition": "Negative", "value": "OopsAll6s", "antes": [8], "sources":{ "packSlots": [0,1,2,3,4,5], "minShopSlot": 0, "maxShopSlot": 256}}


    ,{"score": 100, "type": "Joker",  "Edition": "Negative", "value": "Blueprint", "antes": [1], "sources":{ "packSlots": [0,1,2,3], "minShopSlot": 0, "maxShopSlot": 4}}
    ,{"score": 100, "type": "Joker",  "Edition": "Negative", "value": "Blueprint", "antes": [2], "sources":{ "packSlots": [0,1,2,3,4,5], "minShopSlot": 0, "maxShopSlot": 8}}
    ,{"score": 100, "type": "Joker",  "Edition": "Negative", "value": "Blueprint", "antes": [3], "sources":{ "packSlots": [0,1,2,3,4,5], "minShopSlot": 0, "maxShopSlot": 18}}
    ,{"score": 100, "type": "Joker",  "Edition": "Negative", "value": "Blueprint", "antes": [4], "sources":{ "packSlots": [0,1,2,3,4,5], "minShopSlot": 0, "maxShopSlot": 24}}
    ,{"score": 100, "type": "Joker",  "Edition": "Negative", "value": "Blueprint", "antes": [5], "sources":{ "packSlots": [0,1,2,3,4,5], "minShopSlot": 0, "maxShopSlot": 48}}
    ,{"score": 100, "type": "Joker",  "Edition": "Negative", "value": "Blueprint", "antes": [6], "sources":{ "packSlots": [0,1,2,3,4,5], "minShopSlot": 0, "maxShopSlot": 64}}
    ,{"score": 100, "type": "Joker",  "Edition": "Negative", "value": "Blueprint", "antes": [7], "sources":{ "packSlots": [0,1,2,3,4,5], "minShopSlot": 0, "maxShopSlot": 128}}
    ,{"score": 100, "type": "Joker",  "Edition": "Negative", "value": "Blueprint", "antes": [8], "sources":{ "packSlots": [0,1,2,3,4,5], "minShopSlot": 0, "maxShopSlot": 256}}

  ],
  "mustNot": [],
  "deck": "Anaglyph",
  "stake": "White"
}