{
  "name": "Wee little Blueprint",
  "description": "Wee Joker with a couple Blueprints. Scored by synergy to Wee Joker",
  "author": "miaklwalker",
  "dateCreated": "2025-11-23T10:03:51.5874702Z",
  "deck": "anaglyph",
  "stake": "white",
  "must": [
    {
      "Type": "SmallBlindTag",
      "Value": "CouponTag",
      "Antes": [1]
    },
    {
      "type": "Joker",
      "Value": "Blueprint",
      "antes": [1],
      "shopSlots": [0, 1],
      "packSlots": [0]
    },
    {
      "type": "Joker",
      "Value": "Showman",
      "shopSlots": [0, 1],
      "antes": [1]
    },
    {
      "type": "SpectralCard",
      "Value": "Ankh",
      "antes": [1],
      "packSlots": [1]
    }
  ],
  "should": [
    {
      "type": "Joker",
      "Value": "Blueprint",
      "antes": [1,2,3,4],
      "shopSlots": [0, 1],
      "packSlots": [0]
    },
    {
      "type": "Joker",
      "Value": "Blueprint",
      "Edition": "Negative",
      "antes": [1,2,3,4],
      "shopSlots": [0, 1],
      "packSlots": [0]
    },
    {
      "Type": "And",
      "score": 100,
      "mode": "max",
      "Clauses": [
        {
          "type": "SmallBlindTag",
          "Value": "NegativeTag",
          "Antes": [2]
        },
        {
          "score": 1,
          "type": "Joker",
          "Values": [
            "Blueprint", "Baron"
          ],
          "edition": "Negative",
          "label": "Negative Wee Synergies",
          "antes": [2],
          "shopSlots": [2, 3]
        }
      ]
    },
    {
      "Type": "And",
      "score": 100,
      "mode": "max",
      "Clauses": [
        {
          "type": "SmallBlindTag",
          "Value": "NegativeTag",
          "Antes": [3]
        },
        {
          "score": 1,
          "type": "Joker",
          "Values": [
"Blueprint", "Baron"
          ],
          "edition": "Negative",
          "label": "Negative Wee Synergies",
          "antes": [3],
          "shopSlots": [2, 3]
        }
      ]
    },
    {
      "Type": "And",
      "score": 100,
      "mode": "max",
      "Clauses": [
        {
          "type": "SmallBlindTag",
          "Value": "NegativeTag",
          "Antes": [3]
        },
        {
          "score": 1,
          "type": "Joker",
          "Values": [
"Blueprint", "Baron"
          ],
          "edition": "Negative",
          "label": "Negative Wee Synergies",
          "antes": [3],
          "shopSlots": [2, 3]
        }
      ]
    },
    {
      "Type": "And",
      "score": 100,
      "mode": "max",
      "Clauses": [
        {
          "type": "SmallBlindTag",
          "Value": "NegativeTag",
          "Antes": [4]
        },
        {
          "score": 1,
          "type": "Joker",
          "Values": [
"Blueprint", "Baron"
          ],
          "edition": "Negative",
          "label": "Negative Wee Synergies",
          "antes": [4],
          "shopSlots": [2, 3]
        }
      ]
    },
    {
      "Type": "And",
      "score": 100,
      "mode": "max",
      "Clauses": [
        {
          "type": "SmallBlindTag",
          "Value": "NegativeTag",
          "Antes": [5]
        },
        {
          "score": 100,
          "type": "Joker",
          "Values": [
"Blueprint", "Baron"
          ],
          "edition": "Negative",
          "label": "Negative Wee Synergies",
          "antes": [5],
          "shopSlots": [2, 3]
        }
      ]
    },
    {
      "Type": "And",
      "score": 100,
      "mode": "max",
      "Clauses": [
        {
          "type": "SmallBlindTag",
          "Value": "NegativeTag",
          "Antes": [6]
        },
        {
          "score": 100,
          "type": "Joker",
          "Values": [
"Blueprint", "Baron"
          ],
          "edition": "Negative",
          "label": "Negative Wee Synergies",
          "antes": [6],
          "shopSlots": [2, 3, 4, 5]
        }
      ]
    },
    {
      "score": 100,
      "mode": "max",
      "Type": "And",
      "Clauses": [
        {
          "type": "SmallBlindTag",
          "Value": "NegativeTag",
          "Antes": [7]
        },
        {
          "score": 100,
          "type": "Joker",
          "Values": ["Blueprint"],
          "edition": "Negative",
          "label": "Negative Wee Synergies",
          "antes": [7],
          "shopSlots": [2, 3, 4, 5, 6, 7, 8]
        }
      ]
    },
    {
      "score": 100,
      "mode": "max",
      "Type": "And",
      "Clauses": [
        {
          "type": "SmallBlindTag",
          "Value": "NegativeTag",
          "Antes": [8]
        },
        {
          "score": 100,
          "type": "Joker",
          "Value": "Blueprint",
          "edition": "Negative",
          "label": "(tag) Negative Blueprint",
          "antes": [8],
          "shopSlots": [2, 3, 4, 5, 6, 7, 8, 9, 10, 11, 12]
        }
      ]
    }
  ],
  "mustNot": []
}
