{
  "name": "Perkeo Observatory with Copy Jokers",
  "description": "Telescope + Observatory vouchers with Perkeo, Showman, and copy jokers (Blueprint, Brainstorm, Invisible Joker)",
  "author": "pifreak",
  "dateCreated": "2025-01-28T00:00:00.000Z",
  "deck": "Plasma",
  "stake": "White",
  "must": [
    {
      "type": "voucher",
      "value": "Telescope",
      "label": "Telescope",
      "antes": [1, 2, 3, 4, 5, 6, 7]
    },
    {
      "type": "voucher", 
      "value": "Observatory",
      "label": "Observatory",
      "antes": [2, 3, 4, 5, 6, 7, 8]
    },
    {
      "type": "SoulJoker",
      "value": "Perkeo",
      "antes": [1],
      "sources":{
        "packSlots": [1]
      }
    },
    {
      "type": "Joker",
      "value": "Showman",
      "label": "Showman",
      "sources": {
        "shopSlots": [0, 1, 2, 3],
        "packSlots": [0, 1, 2, 3]
      },
      "antes": [1, 2, 3, 4]
    }
  ],
  "should": [
    {
      "type": "SpectralCard",
      "value": "Ectoplasm",
      "label": "Ectoplasm",
      "sources": {
        "packSlots": [0, 1, 2, 3, 4, 5]
      },
      "antes": [1, 2, 3, 4, 5, 6, 7, 8],
      "score": 1
    },
    {
      "type": "Joker",
      "value": "Blueprint",
      "label": "Blueprint",
      "sources": {
        "shopSlots": [0, 1, 2, 3, 4, 5, 6, 7, 8, 9, 10, 11, 12, 13, 14, 15],
        "packSlots": [0, 1, 2, 3, 4, 5]
      },
      "antes": [1, 2, 3, 4, 5, 6, 7, 8],
      "score": 100
    },
    {
      "type": "Joker",
      "value": "Brainstorm",
      "label": "Brainstorm",
      "sources": {
        "shopSlots": [0, 1, 2, 3, 4, 5, 6, 7, 8, 9, 10, 11, 12, 13, 14, 15],
        "packSlots": [0, 1, 2, 3, 4, 5]
      },
      "antes": [1, 2, 3, 4, 5, 6, 7, 8],
      "score": 100
    },
    {
      "type": "Joker",
      "value": "Blueprint",
      "edition": "Negative",
      "label": "Negative Blueprint",
      "sources": {
        "shopSlots": [0, 1, 2, 3, 4, 5, 6, 7, 8, 9, 10, 11, 12, 13, 14, 15],
        "packSlots": [0, 1, 2, 3, 4, 5]
      },
      "antes": [1, 2, 3, 4, 5, 6, 7, 8],
      "score": 100
    },
    {
      "type": "Joker",
      "value": "Brainstorm",
      "edition": "Negative",
      "label": "Negative Brainstorm",
      "sources": {
        "shopSlots": [0, 1, 2, 3, 4, 5, 6, 7, 8, 9, 10, 11, 12, 13, 14, 15],
        "packSlots": [0, 1, 2, 3, 4, 5]
      },
      "antes": [1, 2, 3, 4, 5, 6, 7, 8],
      "score": 100
    },
        {
      "type": "Joker",
      "value": "InvisibleJoker",
      "edition": "Negative",
      "label": "Negative Invisible Joker",
      "sources": {
        "shopSlots": [0, 1, 2, 3, 4, 5, 6, 7, 8, 9, 10, 11, 12, 13, 14, 15, 16, 17, 18, 19, 20, 21, 22, 23, 24, 25, 26, 27, 28, 29, 30, 31, 32, 33, 34],
        "packSlots": [0, 1, 2, 3, 4, 5]
      },
      "antes": [1, 2, 3, 4, 5, 6, 7, 8],
      "score": 100
    },
    {
      "type": "SoulJoker",
      "value": "Perkeo",
      "edition": "negative",
      "label": "Negative Perkeo",
      "antes": [1, 2, 3, 4, 5, 6, 7, 8],
      "score": 100
    },
    {
      "type": "SoulJoker",
      "value": "any",
      "edition": "Negative",
      "label": "Negative Any SoulJoker",
      "antes": [1, 2, 3, 4, 5, 6, 7, 8],
      "score": 10
    },
       {
      "type": "Joker",
      "value": "any",
      "edition": "Negative",
      "label": "Negative Any Joker",
      "sources": {
        "shopSlots": [0, 1, 2, 3, 4, 5],
        "packSlots": [0, 1, 2, 3, 4, 5]
      },
      "antes": [1, 2, 3, 4, 5, 6, 7, 8],
      "score": 1
    },
   {
      "type": "Joker",
      "value": "Showman",
      "edition": "Negative",
      "label": "Negative Showman",
      "sources": {
        "shopSlots": [0, 1, 2, 3, 4, 5, 6, 7, 8, 9, 10, 11, 12, 13, 14, 15],
        "packSlots": [0, 1, 2, 3, 4, 5]
      },
      "antes": [1, 2, 3, 4, 5, 6, 7, 8],
      "score": 10
    },
    {
      "type": "Joker",
      "value": "InvisibleJoker",
      "label": "Invisible Joker",
      "sources": {
        "shopSlots": [0, 1, 2, 3, 4, 5, 6, 7, 8, 9, 10, 11, 12, 13, 14, 15, 16, 17, 18, 19, 20, 21, 22, 23, 24, 25, 26, 27, 28, 29, 30, 31, 32, 33, 34],
        "packSlots": [0, 1, 2, 3, 4, 5]
      },
      "antes": [1, 2, 3, 4, 5, 6, 7, 8]
    }
  ],
  "mustNot": []
}