{
  "name": "MountainDewbie",
  "description": "Seltzer Ankh with Hiker and Splash",
  "author": "test",
  "deck": "ghost",
  "stake": "white",
  "must": [
    {
      "type": "joker",
      "value": "Splash",
      "antes": [1,2]
    },
    {
      "type": "joker",
      "value": "Hiker",
      "antes": [1]
    },
    {
      "type": "joker",
      "value": "MerryAndy",
      "antes": [1]
    }
  ],
  "should": [
    {
      "type": "joker",
      "value": "Seltzer",
      "antes": [1,2],
      "score": 1
    },
    {
      "type": "joker",
      "value": "Showman",
      "antes": [1,2,3]
    },
    {
      "type": "joker",
      "value": "Drunkard",
      "antes": [1,2,3]
    },
    {
      "type": "joker",
      "value": "Juggler",
      "antes": [1,2,3]
    },
    {
      "type": "joker",
      "value": "Showman",
      "antes": [1,2,3]
    },
    {
      "type": "joker",
      "value": "Seltzer",
      "antes": [1,2,3,4,5,6,7,8]
    },
    {
      "type": "Joker",
      "value": "HangingChad",
      "antes": [1,2,3,4,5,6,7,8]
    },
    {
      "type": "Joker",
      "value": "Blueprint",
      "antes": [1,2,3,4,5,6,7,8]
    },
    {
      "type": "joker",
      "value": "Hiker",
      "antes": [1,2,3,4,5,6,7,8]
    },
    {
      "type": "joker",
      "value": "Splash",
      "antes": [1,2,3,4,5,6,7,8]
    },
    {
      "type": "playingcard",
      "seal": "purple",
      "antes": [1,2,3,4,5,6,7,8],
      "score": 17
    }
  ],
  "mustNot": []
}