{
  "name": "Mudslide",
  "description": "A Deck-Stroy type seed. Pummel your deck using PErkeo with Immolate on Ghost deck. Get paid. What's not to love?",
  "author": "pifreak",
  "dateCreated": "2025-10-31T05:46:12.6691000Z",
  "deck": "Ghost",
  "stake": "White",
  "must": [
    {"type": "Tag", "Value": "CharmTag", "antes": [1]},
    {"type": "SoulJoker", "Value": "Perkeo", "antes": [1], "packSlots": [1,2]}
  ],
  "should": [
    {"type": "And", "Clauses":[
      {"type": "SmallBlindTag", "Value": "NegativeTag", "antes": [2]},
      {"type": "Or", "Mode": "Max", "Clauses":[
        {"type": "Joker", "Value": "Erosion", "antes": [2], "shopSlots": [0,1,2,3]},
        {"type": "Joker", "Value": "Splash",  "antes": [2], "shopSlots": [0,1,2,3]},
        {"type": "Joker", "Value": "Hiker",   "antes": [2], "shopSlots": [0,1,2,3]}
      ]}
    ]},

    {"type": "And", "Clauses":[
      {"type": "SmallBlindTag", "Value": "NegativeTag", "antes": [3]},
      {"type": "Or", "Mode": "Max", "Clauses":[
        {"type": "Joker", "Value": "Erosion", "antes": [3], "shopSlots": [0,1,2,3]},
        {"type": "Joker", "Value": "Splash",  "antes": [3], "shopSlots": [0,1,2,3]},
        {"type": "Joker", "Value": "Hiker",   "antes": [3], "shopSlots": [0,1,2,3]}
      ]}
    ]},

    {"type": "And", "Clauses":[
      {"type": "SmallBlindTag", "Value": "NegativeTag", "antes": [4]},
      {"type": "Or", "Mode": "Max", "Clauses":[
        {"type": "Joker", "Value": "Erosion", "antes": [4], "shopSlots": [0,1,2,3]},
        {"type": "Joker", "Value": "Splash",  "antes": [4], "shopSlots": [0,1,2,3]},
        {"type": "Joker", "Value": "Hiker",   "antes": [4], "shopSlots": [0,1,2,3]}
      ]}
    ]},

    {"Score": 100, "type": "SpectralCard", "Value": "Immolate", "antes": [1], "shopSlots": [0,1,2,3]},
    {"Score": 100, "type": "SpectralCard", "Value": "Immolate", "antes": [2], "shopSlots": [0,1,2,3]},
    {"Score": 100, "type": "SpectralCard", "Value": "Immolate", "antes": [3], "shopSlots": [0,1,2,3]},
    {"Score": 100, "type": "SpectralCard", "Value": "Immolate", "antes": [4], "shopSlots": [0,1,2,3]},
    {"Score": 100, "type": "SpectralCard", "Value": "Immolate", "antes": [5], "shopSlots": [0,1,2,3]}
  ],
  "mustNot": []
}
