{
    "name": "Mystery Ankh",
    "description": "Ankhable InvisibleJoker to start. What will happen?!",
    "author": "pifreak",
    "must": [
        
                {
            "type": "voucher",
            "value": "Hieroglyph",
            "Antes": [1,2]
        }
    ],
    "should": [

        {
            "type": "joker",
            "value": "HangingChad",
            "Antes": [2],
            "sources": {
                "shopSlots": [2,3]
            },
            "score": 1
        },
        {
            "type": "joker",
            "value": "Photograph",
            "Antes": [2],
            "sources": {
                "shopSlots": [2,3]
            },
            "score": 1
        },
        {
            "type": "joker",
            "value": "Blueprint",
            "Antes": [2],
            "sources": {
                "shopSlots": [2,3]
            },
            "score": 2
        },
                {
            "type": "joker",
            "value": "Brainstorm",
            "Antes": [2],
            "sources": {
                "shopSlots": [2,3]
            },
            "score": 2
        }
    ],
    "mustNot": [],
    "deck": "Red",
    "stake": "White"
}