{
    "name": "Mystery Ankh",
    "description": "Ankhable InvisibleJoker to start. What will happen?!",
    "author": "pifreak",
    "must": [
        {
            "type": "Joker", "Value": "InvisibleJoker", "antes": [1], "sources": {
                "packSlots": [0]
            }
        },
        {"Type": "SpectralCard", "Value": "Ankh", "antes": [1], "packSlots": [1]},
        {"Type": "Joker", "Edition": "Polychrome", "Value": "Any", "antes": [1,2,3]},
        {
            "type": "joker",
            "value": "showman",
            "Edition": "Polychrome",
            "Antes": [2,3]
        }
    ],
    "should": [

        {"Score": 3, "Type": "Joker", "Edition": "Polychrome", "Value": "Blueprint", "antes": [1,2,3,4,5,6,7,8]},
        {"Score": 3, "Type": "Joker", "Edition": "Polychrome", "Value": "Brainstorm", "antes": [1,2,3,4,5,6,7,8]},
        {"Score": 2, "Type": "Joker", "Edition": "Polychrome", "Value": "InvisibleJoker", "antes": [1,2,3,4,5,6,7,8]},

        {"Score": 2, "Type": "Joker", "Edition": "Polychrome", "Value": "AnyRare", "antes": [1,2,3,4,5,6,7,8]},
        {"Score":  2, "Type": "Joker", "Edition": "Polychrome", "Value": "AnyUncommon", "antes": [1,2,3,4,5,6,7,8]},
        {"Score":  2, "Type": "Joker", "Edition": "Polychrome", "Value": "AnyCommon", "antes": [1,2,3,4,5,6,7,8]},
        {"Score":  1, "Type": "Joker", "Edition": "Polychrome", "Value": "Any", "antes": [1,2,3,4,5,6,7,8]}
    ],
    "mustNot": [],
    "deck": "Red",
    "stake": "White"
}