{
  "name": "naninf",
  "description": "Created with visual filter builder",
  "dateCreated": "2025-08-15T00:37:30.630Z",
  "author": "pifreak",
  "must": [
   {
    "type": "souljoker",
    "value": "Perkeo",
    "edition": "Polychrome",
    "antes": [
        1
      ],
      "sources": {
        "packSlots": [
          1
        ]
      }
    }
  ],
  "should": [
    {
      "type": "SpectralCard",
      "value": "BlackHole",
      "antes": [
        1
      ],
      "sources": {
        "packSlots": [
          1
        ],
        "requireMega": true
      },
      "score": 2
    },
    {
      "type": "SpectralCard",
      "value": "Ankh",
      "antes": [
        1
      ],
      "sources": {
        "packSlots": [
          1
        ],
        "requireMega": true
      },
      "score": 8
    },
    {
      "type": "SpectralCard",
      "value": "BlackHole",
      "antes": [
        2,3,4,5,6,7,8
      ],
      "sources": {
        "packSlots": [
          0,1,2,3,4,5
        ]
      },
      "score": 1
    }
  ],
  "mustNot": [],
  "deck": "Ghost",
  "stake": "White"
}