{
  "name": "Faded Perkeo Canio Wham",
  "description": "",
  "author": "qcom",
  "dateCreated": "2025-08-19T05:46:12.6691000Z",
  "must": [
    {
        "type": "joker",
        "value": "Perkeo",
        "edition": "Negative",
        "antes": [0],
        "sources": {
           "packSlots": [0,1,2,3,4,5]
        }
    }
  ],
  "should": [
    {
        "type": "joker",
        "value": "any",
        "edition": "Negative",
        "antes": [1,2,3,4,5,6,7,8],
        "sources": {
           "packSlots": [0,1,2,3,4,5]
        }
    }
  ],
  "mustNot": []
}