{
  "name": "ObservBPSkipp",
  "description": "Tele Observ Perkeo Showman with lotsda copy jokers ?",
  "author": "pifreak",
  "dateCreated": "2025-10-01T05:46:12.6691000Z",
  "must": [
    {"score": 105, "type": "Joker", "Values": ["Brainstorm", "Blueprint", "InvisibleJoker"], "antes": [1], "packSlots": [0]},
    {"type": "SpectralCard", "Value": "Ankh", "Antes": [1], "sources": {"packSlots": [1]}},
    {"type": "SoulJoker", "Value": "Perkeo", "Antes": [1,2]},
    {"type": "Voucher", "value": "Telescope", "Antes": [1,2,3,4,5]},
    {"type": "Voucher", "value": "Observatory", "Antes": [2,3,4,5,6]}
  ],
  "should": [
     {"score": 100, "type": "SoulJoker", "edition": "Negative", "Value": "Any", "antes": [1,2,3,4,5,6,7,8,9,10,11,12,13,14,15,16,17,18,19,20]}
    ,{"score": 119,"type": "And","clauses": [{"type": "SmallBlindTag", "value": "NegativeTag", "antes": [2]},{"score": 10, "type": "Joker",  "Edition": "None", "values": ["Blueprint", "Brainstorm", "InvisibleJoker"], "antes": [2], "sources":{ "shopSlots": [2] }}]}
    ,{"score": 118,"type": "And","clauses": [{"type": "SmallBlindTag", "value": "NegativeTag", "antes": [3]},{"score": 10, "type": "Joker",  "Edition": "None", "values": ["Blueprint", "Brainstorm", "InvisibleJoker"], "antes": [3], "sources":{ "shopSlots": [2,4] }}]}
    ,{"score": 117,"type": "And","clauses": [{"type": "SmallBlindTag", "value": "NegativeTag", "antes": [4]},{"score": 10, "type": "Joker",  "Edition": "None", "values": ["Blueprint", "Brainstorm", "InvisibleJoker"], "antes": [4], "sources":{ "shopSlots": [2,4,6] }}]}
    ,{"score": 116,"type": "And","clauses": [{"type": "SmallBlindTag", "value": "NegativeTag", "antes": [5]},{"score": 10, "type": "Joker",  "Edition": "None", "values": ["Blueprint", "Brainstorm", "InvisibleJoker"], "antes": [5], "sources":{ "shopSlots": [2,4,6] }}]}
    ,{"score": 115,"type": "And","clauses": [{"type": "SmallBlindTag", "value": "NegativeTag", "antes": [6]},{"score": 10, "type": "Joker",  "Edition": "None", "values": ["Blueprint", "Brainstorm", "InvisibleJoker"], "antes": [6], "sources":{ "shopSlots": [2,4,6] }}]}
    ,{"score": 114,"type": "And","clauses": [{"type": "SmallBlindTag", "value": "NegativeTag", "antes": [7]},{"score": 10, "type": "Joker",  "Edition": "None", "values": ["Blueprint", "Brainstorm", "InvisibleJoker"], "antes": [7], "sources":{ "shopSlots": [2,4,6] }}]}
    ,{"score": 113,"type": "And","clauses": [{"type": "SmallBlindTag", "value": "NegativeTag", "antes": [8]},{"score": 10, "type": "Joker",  "Edition": "None", "values": ["Blueprint", "Brainstorm", "InvisibleJoker"], "antes": [8], "sources":{ "shopSlots": [2,4,6] }}]}
    ,{"score": 112,"type": "And","clauses": [{"type": "SmallBlindTag", "value": "NegativeTag", "antes": [9]},{"score": 10, "type": "Joker",  "Edition": "None", "values": ["Blueprint", "Brainstorm", "InvisibleJoker"], "antes": [9], "sources":{ "shopSlots": [2,4,6] }}]}
    ,{"score": 111,"type": "And","clauses": [{"type": "SmallBlindTag", "value": "NegativeTag", "antes": [10]},{"score": 10, "type": "Joker",  "Edition": "None", "values": ["Blueprint", "Brainstorm", "InvisibleJoker"], "antes": [10], "sources":{ "shopSlots": [2,4,6] }}]}
    ,{"score": 110,"type": "And","clauses": [{"type": "SmallBlindTag", "value": "NegativeTag", "antes": [11]},{"score": 10, "type": "Joker",  "Edition": "None", "values": ["Blueprint", "Brainstorm", "InvisibleJoker"], "antes": [11], "sources":{ "shopSlots": [2,4,6] }}]}
    ,{"score": 69,"type": "And","clauses": [{"type": "SmallBlindTag", "value": "NegativeTag", "antes": [12]},{"score": 10, "type": "Joker",  "Edition": "None", "values": ["Blueprint", "Brainstorm", "InvisibleJoker"], "antes": [12], "sources":{ "shopSlots": [2,4,6] }}]}
    ,{"score": 68,"type": "And","clauses": [{"type": "SmallBlindTag", "value": "NegativeTag", "antes": [13]},{"score": 10, "type": "Joker",  "Edition": "None", "values": ["Blueprint", "Brainstorm", "InvisibleJoker"], "antes": [13], "sources":{ "shopSlots": [2,4,6] }}]}
    ,{"score": 67,"type": "And","clauses": [{"type": "SmallBlindTag", "value": "NegativeTag", "antes": [14]},{"score": 10, "type": "Joker",  "Edition": "None", "values": ["Blueprint", "Brainstorm", "InvisibleJoker"], "antes": [14], "sources":{ "shopSlots": [2,4,6] }}]}
    ,{"score": 66,"type": "And","clauses": [{"type": "SmallBlindTag", "value": "NegativeTag", "antes": [15]},{"score": 10, "type": "Joker",  "Edition": "None", "values": ["Blueprint", "Brainstorm", "InvisibleJoker"], "antes": [15], "sources":{ "shopSlots": [2,4,6] }}]}
    ,{"score": 65,"type": "And","clauses": [{"type": "SmallBlindTag", "value": "NegativeTag", "antes": [16]},{"score": 10, "type": "Joker",  "Edition": "None", "values": ["Blueprint", "Brainstorm", "InvisibleJoker"], "antes": [16], "sources":{ "shopSlots": [2,4,6] }}]}
    ,{"score": 64,"type": "And","clauses": [{"type": "SmallBlindTag", "value": "NegativeTag", "antes": [17]},{"score": 10, "type": "Joker",  "Edition": "None", "values": ["Blueprint", "Brainstorm", "InvisibleJoker"], "antes": [17], "sources":{ "shopSlots": [2,4,6] }}]}
    ,{"score": 63,"type": "And","clauses": [{"type": "SmallBlindTag", "value": "NegativeTag", "antes": [18]},{"score": 10, "type": "Joker",  "Edition": "None", "values": ["Blueprint", "Brainstorm", "InvisibleJoker"], "antes": [18], "sources":{ "shopSlots": [2,4,6] }}]}
    ,{"score": 62,"type": "And","clauses": [{"type": "SmallBlindTag", "value": "NegativeTag", "antes": [19]},{"score": 10, "type": "Joker",  "Edition": "None", "values": ["Blueprint", "Brainstorm", "InvisibleJoker"], "antes": [19], "sources":{ "shopSlots": [2,4,6] }}]}
    ,{"score": 61,"type": "And","clauses": [{"type": "SmallBlindTag", "value": "NegativeTag", "antes": [20]},{"score": 10, "type": "Joker",  "Edition": "None", "values": ["Blueprint", "Brainstorm", "InvisibleJoker"], "antes": [20], "sources":{ "shopSlots": [2,4,6] }}]}
    
    ,{"score": 122, "type": "Joker",  "Edition": "Negative", "values": ["Blueprint", "Brainstorm", "InvisibleJoker"], "antes": [2], "sources":{ "packSlots": [0,1,2,3,4,5], "minShopSlot": 0, "maxShopSlot": 8}}
    ,{"score": 121, "type": "Joker",  "Edition": "Negative", "values": ["Blueprint", "Brainstorm", "InvisibleJoker"], "antes": [3], "sources":{ "packSlots": [0,1,2,3,4,5], "minShopSlot": 0, "maxShopSlot": 16}}
    ,{"score": 120, "type": "Joker",  "Edition": "Negative", "values": ["Blueprint", "Brainstorm", "InvisibleJoker"], "antes": [4], "sources":{ "packSlots": [0,1,2,3,4,5], "minShopSlot": 0, "maxShopSlot": 32}}
    ,{"score": 119, "type": "Joker",  "Edition": "Negative", "values": ["Blueprint", "Brainstorm", "InvisibleJoker"], "antes": [5], "sources":{ "packSlots": [0,1,2,3,4,5], "minShopSlot": 0, "maxShopSlot": 64}}
    ,{"score": 118, "type": "Joker",  "Edition": "Negative", "values": ["Blueprint", "Brainstorm", "InvisibleJoker"], "antes": [6], "sources":{ "packSlots": [0,1,2,3,4,5], "minShopSlot": 0, "maxShopSlot": 128}}
    ,{"score": 117, "type": "Joker",  "Edition": "Negative", "values": ["Blueprint", "Brainstorm", "InvisibleJoker"], "antes": [7], "sources":{ "packSlots": [0,1,2,3,4,5], "minShopSlot": 0, "maxShopSlot": 256}}
    ,{"score": 116, "type": "Joker",  "Edition": "Negative", "values": ["Blueprint", "Brainstorm", "InvisibleJoker"], "antes": [8], "sources":{ "packSlots": [0,1,2,3,4,5], "minShopSlot": 0, "maxShopSlot": 512}}
    ,{"score": 115, "type": "Joker",  "Edition": "Negative", "values": ["Blueprint", "Brainstorm", "InvisibleJoker"], "antes": [9], "sources":{ "packSlots": [0,1,2,3,4,5], "minShopSlot": 0, "maxShopSlot": 1000}}
    ,{"score": 114, "type": "Joker",  "Edition": "Negative", "values": ["Blueprint", "Brainstorm", "InvisibleJoker"], "antes": [10], "sources":{ "packSlots": [0,1,2,3,4,5], "minShopSlot": 0, "maxShopSlot": 1000}}
    ,{"score": 113, "type": "Joker",  "Edition": "Negative", "values": ["Blueprint", "Brainstorm", "InvisibleJoker"], "antes": [11], "sources":{ "packSlots": [0,1,2,3,4,5], "minShopSlot": 0, "maxShopSlot": 1000}}
    ,{"score": 112, "type": "Joker",  "Edition": "Negative", "values": ["Blueprint", "Brainstorm", "InvisibleJoker"], "antes": [12], "sources":{ "packSlots": [0,1,2,3,4,5], "minShopSlot": 0, "maxShopSlot": 1000}}
    ,{"score": 111, "type": "Joker",  "Edition": "Negative", "values": ["Blueprint", "Brainstorm", "InvisibleJoker"], "antes": [13], "sources":{ "packSlots": [0,1,2,3,4,5], "minShopSlot": 0, "maxShopSlot": 1000}}
    ,{"score": 110, "type": "Joker",  "Edition": "Negative", "values": ["Blueprint", "Brainstorm", "InvisibleJoker"], "antes": [14], "sources":{ "packSlots": [0,1,2,3,4,5], "minShopSlot": 0, "maxShopSlot": 1000}}
    ,{"score": 69, "type": "Joker",  "Edition": "Negative", "values": ["Blueprint", "Brainstorm", "InvisibleJoker"], "antes": [15], "sources":{ "packSlots": [0,1,2,3,4,5], "minShopSlot": 0, "maxShopSlot": 1000}}
    ,{"score": 68, "type": "Joker",  "Edition": "Negative", "values": ["Blueprint", "Brainstorm", "InvisibleJoker"], "antes": [16], "sources":{ "packSlots": [0,1,2,3,4,5], "minShopSlot": 0, "maxShopSlot": 1000}}
    ,{"score": 67, "type": "Joker",  "Edition": "Negative", "values": ["Blueprint", "Brainstorm", "InvisibleJoker"], "antes": [17], "sources":{ "packSlots": [0,1,2,3,4,5], "minShopSlot": 0, "maxShopSlot": 1000}}
    ,{"score": 66, "type": "Joker",  "Edition": "Negative", "values": ["Blueprint", "Brainstorm", "InvisibleJoker"], "antes": [18], "sources":{ "packSlots": [0,1,2,3,4,5], "minShopSlot": 0, "maxShopSlot": 1000}}
    ,{"score": 65, "type": "Joker",  "Edition": "Negative", "values": ["Blueprint", "Brainstorm", "InvisibleJoker"], "antes": [19], "sources":{ "packSlots": [0,1,2,3,4,5], "minShopSlot": 0, "maxShopSlot": 1000}}
    ,{"score": 64, "type": "Joker",  "Edition": "Negative", "values": ["Blueprint", "Brainstorm", "InvisibleJoker"], "antes": [20], "sources":{ "packSlots": [0,1,2,3,4,5], "minShopSlot": 0, "maxShopSlot": 1000}}
    ,{"score": 63, "type": "Joker",  "Edition": "Negative", "values": ["Blueprint", "Brainstorm", "InvisibleJoker"], "antes": [21], "sources":{ "packSlots": [0,1,2,3,4,5], "minShopSlot": 0, "maxShopSlot": 1000}}
    ,{"score": 62, "type": "Joker",  "Edition": "Negative", "values": ["Blueprint", "Brainstorm", "InvisibleJoker"], "antes": [22], "sources":{ "packSlots": [0,1,2,3,4,5], "minShopSlot": 0, "maxShopSlot": 1000}}
    ,{"score": 61, "type": "Joker",  "Edition": "Negative", "values": ["Blueprint", "Brainstorm", "InvisibleJoker"], "antes": [23], "sources":{ "packSlots": [0,1,2,3,4,5], "minShopSlot": 0, "maxShopSlot": 1000}}
    
  ],
  "mustNot": [],
  "deck": "Yellow",
  "stake": "Black"
}
