{
  "name": "Negative Trickeo-glyph",
  "description": "Negative perkeo ante 1, canio ante 8, both hieroglyph vouchers and magic trick before ante 8",
  "author": "qcom",
  "dateCreated": "2025-07-05T05:46:12.6691000Z",
  "must": [
    {
        "type": "Voucher",
        "value": "MagicTrick",
        "antes": [1,2,3,4,5,6,7,8]
    },
    {
        "type": "Voucher",
        "value": "Hieroglyph",
        "antes": [1,2,3,4,5,6,7,8]
    },
    {
        "type": "Voucher",
        "value": "Petroglyph",
        "antes": [2,3,4,5,6,7,8]
    },
    {
        "type": "SoulJoker",
        "value": "Canio",
        "antes": [8],
        "sources": {
            "packSlots": [0,1,2,3,4,5]
        }
    },
    {
        "type": "SoulJoker",
        "value": "Perkeo",
        "antes": [1,2,3]
    }
  ],
  "should": [
    {
        "type": "SoulJoker",
        "value": "Perkeo",
        "edition": "Negative",
        "antes": [1],
        "sources": {
            "packSlots": [1,2,3]
        }
    },
    {
        "type": "SoulJoker",
        "value": "Perkeo",
        "edition": "Negative",
        "antes": [2],
        "sources": {
            "packSlots": [0,1,2,3,4,5]
        }
    },
    {
        "type": "SoulJoker",
        "value": "Perkeo",
        "edition": "Negative",
        "antes": [3],
        "sources": {
            "packSlots": [0,1,2,3,4,5]
        }
    },
    {
        "type": "SoulJoker",
        "value": "Perkeo",
        "edition": "Negative",
        "antes": [4],
        "sources": {
            "packSlots": [0,1,2,3,4,5]
        }
    },
    {
        "type": "SoulJoker",
        "value": "Perkeo",
        "edition": "Negative",
        "antes": [5],
        "sources": {
            "packSlots": [0,1,2,3,4,5]
        }
    },
    {
        "type": "SoulJoker",
        "value": "Perkeo",
        "edition": "Negative",
        "antes": [6],
        "sources": {
            "packSlots": [0,1,2,3,4,5]
        }
    },
    {
        "type": "SoulJoker",
        "value": "Perkeo",
        "edition": "Negative",
        "antes": [7],
        "sources": {
            "packSlots": [0,1,2,3,4,5]
        }
    },
    {
        "type": "SoulJoker",
        "value": "Perkeo",
        "edition": "Negative",
        "antes": [8],
        "sources": {
            "packSlots": [0,1,2,3,4,5]
        }
    }
  ],
  "mustNot": []
}