{
  "name": "Neg Trickeoglyph",
  "description": "Negative perkeo ante 1, canio ante 8, both hieroglyph vouchers and magic trick before ante 8",
  "author": "qcom",
  "dateCreated": "2025-08-19T05:46:12.6691000Z",
  "must": [
    {
        "type": "Voucher",
        "value": "Hieroglyph",
        "antes": [1,2]
    },
    {
        "type": "Voucher",
        "value": "MagicTrick",
        "antes": [2,3,4,5]
    },
    {
        "type": "SoulJoker",
        "value": "Perkeo",
        "antes": [1],
        "sources": {
            "packSlots": [1,2,3]
        }
    }
  ],
  "should": [
    {
        "type": "Voucher",
        "value": "Petroglyph",
        "antes": [0,1,2,3,4,5,6,7,8]
    },
    {
        "type": "SoulJoker",
        "value": "Canio",
        "antes": [8],
        "sources": {
            "packSlots": [0,1,2,3,4,5]
        },
        "score": 100
    }

    
  ],
  "mustNot": []
}