{
  "name": "NegativeSkipCopy",
  "description": "finds copy jokers after negativetags",
  "author": "pifreak",
  "dateCreated": "2025-08-24T05:46:12.6691000Z",
  "must": [
    {
      "type": "SoulJoker",
      "value": "any",
      "edition": "Negative",
      "antes": [1],
      "sources": {
        "packSlots": [2,3]
      }
    },
    {
      "type": "SoulJoker",
      "value": "any",
      "antes": [2],
      "edition": "Negative"
    }
  ],
  "should": [
    {
      "type": "SoulJoker",
      "value": "any",
      "edition": "Negative",
      "antes": [1,2,3,4,5],
      "sources": {
        "packSlots": [0,1]
      }
    }
  ],
  "mustNot": []
}