{
  "name": "Percoulet",
  "description": "Perkeo A1, ankh A1 Triboulet after ankh (ideally A2-3)  Diet cola and negative tag around A12-15 and as many early invis as possible in the first 5-6 antes",
  "author": "Hamburbur (yummy)",
  "must": [
    {"type":  "Joker", "Value": "LuckyCat", "antes": [2,3,4], "Edition": "Negative"},
    {"type":  "Joker", "Value": "OopsAll6s", "antes": [1,2,3,4], "Edition": "Negative"}
  ],
  "should": [
    {"type": "TarotCard", "Value" : "TheMagician", "antes": [1]},
    {"type": "TarotCard", "Value" : "TheMagician", "antes": [2]},
    {"type": "StandardCard", "Enhancement": "Lucky", "antes": [1]},
    {"type": "StandardCard", "Enhancement": "Lucky", "antes": [2]},
    {"type": "StandardCard", "Seal": "Red", "antes": [1]},
    {"type": "StandardCard", "Seal": "Red", "antes": [2]},
    {"type": "StandardCard", "Enhancement": "Lucky", "Seal": "Red", "antes": [1,2,3,4,5,6,7,8]}
  ],
  "mustNot": [],
  "deck": "Ghost",
  "stake": "White"
}

