{
  "name": "NegativeOopsCat",
  "description": "Negative Oops and Negative Lucky Cat by Ante 2-3",
  "author": "eshed",
  "must": [
    {
      "type": "BigBlindTag",
      "values": ["DoubleTag"],
      "antes": [1]
    },
    {
      "type": "SmallBlindTag",
      "values": ["NegativeTag"],
      "antes": [2]
    },
    {
      "type": "Joker",
      "value": "OopsAll6s",
      "antes": [2],
      "sources": {
        "shopSlots": [2,3]
      }
    },
    {
      "type": "Joker",
      "value": "LuckyCat",
      "antes": [2],
      "sources": {
        "shopSlots": [2,3]
      }
    }
  ],
  "should": [
    {
      "type": "TarotCard",
      "value": "TheMagician",
      "antes": [1],
      "sources": {
        "shopSlots": [0,1],
        "packSlots": [0,1]
      },
      "score": 100
    },
    {
      "type": "PlayingCard",
      "enhancement": "lucky",
      "antes": [1],
      "sources": {
        "shopSlots": [0,1],
        "packSlots": [0,1]
      },
      "score": 100
    },
    {
      "type": "TarotCard",
      "value": "TheMagician",
      "antes": [3,4,5,6,7,8],
      "sources": {
        "shopSlots": [0,1,2,3,4,5,6],
        "packSlots": [0,1,2,3,4,5]
      },
      "score": 2
    },
    {
      "type": "PlayingCard",
      "enhancement": "lucky",
      "antes": [1],
      "sources": {
        "shopSlots": [0,1,2,3,4,5,6],
        "packSlots": [0,1,2,3,4,5]
      },
      "score": 1
    }
  ],
  "mustNot": [],
  "deck": "Red",
  "stake": "White"
}