{
  "name": "Perkeo Observatory",
  "description": "Perkeo with the Telescope and Observatory Vouchers.",
  "author": "tacodiva",
  "dateCreated": "2025-01-01T05:46:12.6691000Z",
  "must": [
    {
        "type": "Voucher",
        "value": "Telescope",
        "antes": [1,2,3,4,5]
    },
    {
        "type": "SoulJoker",
        "value": "Perkeo",
        "antes": [1,2,3,4,5]
    },
    {
        "type": "Joker",
        "value": "Showman",
        "antes": [1,2,3,4,5]
    }

  ],
  "should": [
     {
        "type": "Voucher",
        "value": "Telescope",
        "antes": [1,2,3]
    },
    {
        "type": "Voucher",
        "value": "Observatory",
        "antes": [2,3,4]
    },
    {
        "type": "SoulJoker",
        "value": "Perkeo",
        "edition": "Negative",
        "antes": [1,2]
    },
    {
        "type": "Joker",
        "value": "Showman",
        "antes": [1,2,3,4]
    },
    {
        "type": "Joker",
        "value": "Blueprint",
        "edition": "Negative",
        "Label": "Negative Blueprint",
        "antes": [1,2,3,4,5,6,7,8],
        "score": 10
    },
    {
        "type": "Joker",
        "value": "Brainstorm",
        "edition": "Negative",  
        "label": "Negative Brainstorm",
        "antes": [2,3,4,5,6,7,8],
        "score": 10
    },
    {
        "type": "Joker",
        "value": "InvisibleJoker",
        "edition": "Negative",
        "label": "Negative InvisibleJoker",
        "antes": [2,3,4,5,6,7,8],
        "sources": {
            "packSlots": [0,1,2,3,4,5],
            "shopSlots": [0,1,2,3,4,5,6,7,8,9,10,11,12,13,14,15,16,17,18,19]
        },
        "score": 10
    },
    {
        "type": "Joker",
        "value": "Blueprint",
        "antes": [2,3,4,5,6,7,8],
        "sources": {
            "packSlots": [0,1,2,3,4,5],
            "shopSlots": [0,1,2,3,4,5,6,7,8,9,10,11,12,13,14,15,16,17,18,19]
        },
        "score": 1
    },
    {
        "type": "Joker",
        "value": "Brainstorm",
        "antes": [2,3,4,5,6,7,8],
        "sources": {
            "packSlots": [0,1,2,3,4,5],
            "shopSlots": [0,1,2,3,4,5,6,7,8,9,10,11,12,13,14,15,16,17,18,19]
        },
        "score": 1
    },
    {
        "type": "Joker",
        "value": "InvisibleJoker",
        "antes": [2,3,4,5,6,7,8],
        "sources": {
            "packSlots": [0,1,2,3,4,5],
            "shopSlots": [0,1,2,3,4,5,6,7,8,9,10,11,12,13,14,15,16,17,18,19]
        },
        "score": 1
    },
    {
        "type": "SoulJoker",
        "value": "Any",
        "Label": "Any Legendary Joker",
        "antes": [1,2,3,4,5,6,7,8],
        "score": 10
    },
    {
        "type": "SoulJoker",
        "value": "Canio",
        "edition": "Negative",
        "Label": "Negative Canio",
        "antes": [1,2,3,4,5,6,7,8],
        "score": 10
    },
    {
        "type": "SoulJoker",
        "value": "Triboulet",
        "edition": "Negative",
        "Label": "Negative Triboulet",
        "antes": [1,2,3,4,5,6,7,8],
        "score": 10
    },
    {
        "type": "SoulJoker",
        "value": "Chicot",
        "edition": "Negative",
        "Label": "Negative Chicot",
        "antes": [1,2,3,4,5,6,7,8],
        "score": 10
    },
    {
        "type": "SoulJoker",
        "value": "Yorick",
        "edition": "Negative",
        "Label": "Negative Yorick",
        "antes": [1,2,3,4,5,6,7,8],
        "score": 10
    },
    {
        "type": "SoulJoker",
        "value": "Perkeo",
        "edition": "Negative",
        "Label": "Negative Perkeo",
        "antes": [1,2,3,4,5,6,7,8],
        "score": 10
    }
  ],
  "mustNot": []
}