{
  "name": "Negative Tag Finder",
  "description": "Require the ante 2small blind tag to be negative. scored on other tags being negative. and bonus points for double tags!",
  "author": "test",
  "deck": "ghost",
  "stake": "white",
  "must": [
    {"type": "smallBlindTag", "value": "negativeTag", "antes": [2]}
  ],
  "should": [
    {"score": 1, "type": "BigBlindTag", "value": "DoubleTag", "antes": [2]},
    {"score": 1, "type": "BigBlindTag", "value": "DoubleTag", "antes": [3]},
    {"score": 1, "type": "BigBlindTag", "value": "DoubleTag", "antes": [4]},
    {"score": 1, "type": "BigBlindTag", "value": "DoubleTag", "antes": [5]},
    {"score": 1, "type": "BigBlindTag", "value": "DoubleTag", "antes": [6]},
    {"score": 1, "type": "BigBlindTag", "value": "DoubleTag", "antes": [7]},
    {"score": 1, "type": "BigBlindTag", "value": "DoubleTag", "antes": [8]},
    {"score": 1, "type": "BigBlindTag", "value": "DoubleTag", "antes": [9]},
    {"score": 1, "type": "BigBlindTag", "value": "DoubleTag", "antes": [10]},

    {"score": 10, "type": "smallBlindTag", "value": "negativeTag", "antes": [2]},
    {"score": 10, "type": "smallBlindTag", "value": "negativeTag", "antes": [3]},
    {"score": 10, "type": "smallBlindTag", "value": "negativeTag", "antes": [4]},
    {"score": 10, "type": "smallBlindTag", "value": "negativeTag", "antes": [5]},
    {"score": 10, "type": "smallBlindTag", "value": "negativeTag", "antes": [6]},
    {"score": 10, "type": "smallBlindTag", "value": "negativeTag", "antes": [7]},
    {"score": 10, "type": "smallBlindTag", "value": "negativeTag", "antes": [8]},
    {"score": 10, "type": "smallBlindTag", "value": "negativeTag", "antes": [9]},
    {"score": 10, "type": "smallBlindTag", "value": "negativeTag", "antes": [10]}
  ],
  "mustNot": []
}