{
  "name": "Negative Legendaries",
  "description": "Find and score seeds based on Negative Edition LEgendary Jokers.",
  "author": "BlackJacket",
  "dateCreated": "2025-11-08T00:00:00.000Z",
  "deck": "Red",
  "stake": "White",
  "must": [
    {
      "antes": [1, 2],
      "type": "souljoker",
      "value": "Any",
      "edition": "Negative"
    }
  ],
  "should": [
    {
      "score": 10,
      "antes": [1],
      "type": "souljoker",
      "value": "Perkeo",
      "edition": "Negative",
      "label": "Negative Perkeo (Ante 1)"
    },
    {
      "score": 8,
      "antes": [1],
      "type": "souljoker",
      "value": "Triboulet",
      "edition": "Negative",
      "label": "Negative Triboulet (Ante 1)"
    },
    {
      "score": 100,
      "antes": [1, 2, 3, 4, 5, 6, 7, 8],
      "type": "souljoker",
      "value": "Any",
      "edition": "Negative",
      "label": "Total Negative Legendary Jokers Antes 1-8"
    },
    {
      "score": 2,
      "antes": [1],
      "type": "And",
      "label": "Charm Tag AND Negative Legendary Ante 1 first shop",
      "Clauses": [
        { "type": "SmallBlindTag", "value": "CharmTag", "antes": [1] },
        { "type": "souljoker", "value": "any", "antes": [1], "packSlots": [1] }
      ]
    },
    {
      "score": 3,
      "type": "Joker",
      "label": "Copy Jokers Ante 1-8",
      "values": ["Blueprint", "Brainstorm"],
      "antes": [1, 2, 3, 4, 5, 6, 7, 8]
    }
  ],
  "mustNot": []
}
