{
  "name": "Negchicots",
  "description": "Negatuive Chicot and Ankh and Invisible Joker",
  "author": "Thegreenbeermonkley",
  "dateCreated": "2025-10-07T05:46:12.6691000Z",
  "must": [
    {
      "type": "SoulJoker",
      "value": "Chicot",
      "Edition": "Negative",
      "antes": [1],
      "packSlots": [1]
    },
    {
      "type": "SpectralCard",
      "value": "Ankh",
      "antes": [1],
      "packSlots": [1,2,3]
    },
    {
      "type": "Joker",
      "value": "InvisibleJoker",
      "antes": [1,2]
    }
  ],
  "should": [
    {"score": 100, "type":"voucher", "value": "DirectorsCut", "Antes": [1,2,3,4,5,6,7]},
    {"score": 100, "type":"voucher", "value": "Retcon", "Antes": [1,2,3,4,5,6,7,8]},
    {
      "score": 10,
      "type": "SmallBlindTag",
      "value": "NegativeTag",
      "antes": [2,3,4,5,6,7,8]
    },
    {
      "score": 1,
      "type": "BigBlindTag",
      "value": "NegativeTag",
      "antes": [2,3,4,5,6,7,8]
    },
    {
      "score": 1,
      "type": "Tag",
      "value": "DoubleTag",
      "antes": [2,3,4,5,6,7,8]
    }
  ],

  "mustNot": [],
  "deck": "Plasma",
  "stake": "Black"
}