{
  "name": "Double Oops via Ankh",
  "description": "Get Oops! All 6s Joker, and Ankh Spectral Card from the first shop.",
  "author": "pifreak",
  "dateCreated": "2025-09-15T00:00:00Z",
  "deck": "Red",
  "Stake": "White",
  "must": [
    {
      "type": "SoulJoker",
      "value": "Any",
      "edition": "Negative",
      "antes": [1,2,3]
    }
  ],
  "should": [
    {
        "type": "Tag",
        "value": "CharmTag",
        "antes": [1]
    },
    {
      "type": "SoulJoker",
      "value": "Perkeo",
      "Edition": "Negative",
      "sources": {
        "packSlots": [1]
      },
      "antes": [1]
    }
  ],
  "mustNot": []
}