{
  "name": "NegOops",
  "description": "Negative Oops! All 6s for the luhckiest son of a...cat!",
  "author": "pifreak",
  "dateCreated": "2025-10-07T05:46:12.6691000Z",
  "must": [
    {
        "type": "Joker",
        "Value": "Showman",
        "antes": [1],
        "sources": {
            "shopSlots": [0,1]
        }
    }
  ],
  "should": [
    {
        "type": "Joker",
        "Value": "Showman",
        "edition": "Negative",
        "antes": [1],
        "sources": {
            "shopSlots": [0,1]
        }, "score": 10
    },
    {
        "type": "Joker",
        "Value": "OopsAll6s",
        "edition": "Negative",
        "antes": [1],
        "sources": {
            "shopSlots": [0,1]
        }, "score": 10
    },
    {
        "type": "Joker",
        "Value": "OopsAll6s",
        "edition": "Negative",
        "antes": [1],
        "sources": {
            "packSlots": [0]
        }, "score": 10
    },
    {
        "type": "Joker",
        "Value": "OopsAll6s",
        "edition": "Negative",
        "antes": [1],
        "sources": {
            "packSlots": [1]
        }, "score": 10
    },
    {
        "type": "Joker",
        "Value": "OopsAll6s",
        "edition": "Negative",
        "antes": [1,2,3,4], "score": 10
    },
        {
        "type": "Joker",
        "Value": "OopsAll6s",
        "edition": "Negative",
        "antes": [5,6,7,8], 
        "sources": {
            "minShopSlot": 0,
            "maxShopSlot": 140
        }, "score": 6
    },
    {
        "type": "And",
        "Clauses": [
            {"score": 1, "type": "Joker", "value": "OopsAll6s", "sources": {"shopSlots": [2,4,6]}, "antes": [2]},
            {"type": "SmallBlindTag", "Value": "NegativeTag", "antes": [2]}
        ], "score": 10
    },
    {
        "type": "And",
        "Clauses": [
            {"score": 1, "type": "Joker", "value": "OopsAll6s", "sources": {"shopSlots": [2,4,6]}, "antes": [3]},
            {"type": "SmallBlindTag", "Value": "NegativeTag", "antes": [3]}
        ], "score": 10
    },
    {
        "type": "And",
        "Clauses": [
            {"score": 1, "type": "Joker", "value": "OopsAll6s", "sources": {"shopSlots": [2,4,6]}, "antes": [4]},
            {"type": "SmallBlindTag", "Value": "NegativeTag", "antes": [4]}
        ], "score": 10
    },
    {
        "type": "And",
        "Clauses": [
            {"score": 1, "type": "Joker", "value": "OopsAll6s", "sources": {"shopSlots": [2,3,4,5,6,7,8,9,10,11,12]}, "antes": [5]},
            {"type": "SmallBlindTag", "Value": "NegativeTag", "antes": [5]}
        ], "score": 10
    },
    {
        "type": "And",
        "Clauses": [
            {"score": 1, "type": "Joker", "value": "OopsAll6s", "sources": {"shopSlots": [2,3,4,5,6,7,8,9,10,11,12,13,14]}, "antes": [6]},
            {"type": "SmallBlindTag", "Value": "NegativeTag", "antes": [6]}
        ], "score": 10
    },
    {
        "type": "And",
        "Clauses": [
            {"score": 1, "type": "Joker", "value": "OopsAll6s", "sources": {"shopSlots": [2,3,4,5,6,7,8,9,10,11,12,13,14,15,16]}, "antes": [7]},
            {"type": "SmallBlindTag", "Value": "NegativeTag", "antes": [7]}
        ], "score": 10
    },
        {
        "type": "And",
        "Clauses": [
            {"score": 1, "type": "Joker", "value": "OopsAll6s", "sources": {"shopSlots": [2,3,4,5,6,7,8,9,10,11,12,13,14,15,16,17,18]}, "antes": [8]},
            {"type": "SmallBlindTag", "Value": "NegativeTag", "antes": [8]}
        ], "score": 10
    },




    {
        "type": "And",
        "Clauses": [
            {"score": 1, "type": "Joker", "values": ["LuckyCat", "blueprint", "brainstorm"], "sources": {"shopSlots": [2,4,6]}, "antes": [2]},
            {"type": "SmallBlindTag", "Value": "NegativeTag", "antes": [2]}
        ], "score": 7
    },
    {
        "type": "And",
        "Clauses": [
            {"score": 1, "type": "Joker", "values": ["LuckyCat", "blueprint", "brainstorm"], "sources": {"shopSlots": [2,4,6]}, "antes": [3]},
            {"type": "SmallBlindTag", "Value": "NegativeTag", "antes": [3]}
        ], "score": 7
    },
    {
        "type": "And",
        "Clauses": [
            {"score": 1, "type": "Joker", "values": ["LuckyCat", "blueprint", "brainstorm"], "sources": {"shopSlots": [2,4,6]}, "antes": [4]},
            {"type": "SmallBlindTag", "Value": "NegativeTag", "antes": [4]}
        ], "score": 7
    },
    {
        "type": "And",
        "Clauses": [
            {"score": 1, "type": "Joker", "values": ["LuckyCat", "blueprint", "brainstorm"], "sources": {"shopSlots": [2,3,4,5,6,7,8,9,10,11,12]}, "antes": [5]},
            {"type": "SmallBlindTag", "Value": "NegativeTag", "antes": [5]}
        ], "score": 6
    },
    {
        "type": "And",
        "Clauses": [
            {"score": 1, "type": "Joker", "values": ["LuckyCat", "blueprint", "brainstorm"], "sources": {"shopSlots": [2,3,4,5,6,7,8,9,10,11,12,13,14,15,16,17,18]}, "antes": [6]},
            {"type": "SmallBlindTag", "Value": "NegativeTag", "antes": [6]}
        ], "score": 4
    },
    {
        "type": "And",
        "Clauses": [
            {"score": 1, "type": "Joker", "values": ["LuckyCat", "blueprint", "brainstorm"], "sources": {"shopSlots": [2,3,4,5,6,7,8,9,10,11,12,13,14,15,16,17,18]}, "antes": [7]},
            {"type": "SmallBlindTag", "Value": "NegativeTag", "antes": [7]}
        ], "score": 3
    }
  ],

  "mustNot": [],
  "deck": "Ghost",
  "stake": "Black"
}