{
  "name": "Negative Oops! All 6s Finder",
  "description": "Find Oops! All 6s like crazy",
  "author": "test",
  "deck": "Anaglyph",
  "stake": "White",
  "must": [
    { "type": "SmallBlindTag", "value": "NegativeTag", "antes": [6] },
    { "type": "SmallBlindTag", "value": "NegativeTag", "antes": [9,10,11,12,13,14,15,16] },
    { "type": "Joker", "value": "Showman", "antes": [2, 3, 4, 5] },
    { "type": "SoulJoker", "value": "Perkeo", "antes": [1, 2, 3, 4, 5, 6, 7, 8] }
  ],
  "should": [
    {
      "score": 100,
      "type": "Joker",
      "Edition": "Negative",
      "value": "OopsAll6s",
      "antes": [2, 3, 4, 5, 6, 7, 8],
      "packSlots": [0, 1, 2, 3, 4, 5],
      "shopSlots": [0, 1, 2, 3, 4, 5, 6, 7, 8, 9, 10, 11, 12, 13, 14, 15, 16]
    },
    {
      "score": 10,
      "type": "Joker",
      "value": "OopsAll6s",
      "antes": [2, 3, 4, 5, 6, 7, 8],
      "packSlots": [0, 1, 2, 3, 4, 5],
      "shopSlots": [0, 1, 2, 3, 4, 5, 6, 7, 8, 9, 10, 11]
    },
    {
      "score": 100,
      "type": "Joker",
      "value": "OopsAll6s",
      "antes": [3],
      "shopSlots": [2, 3, 4, 5, 6]
    }
  ],
  "mustNot": []
}
