{
  "name": "NegPerkeoNegAncient",
  "description": "finds Negative Perkeo and Negative Ancient Joker",
  "author": "Fishe",
  "dateCreated": "2025-09-04T05:46:12.6691000Z",
  "deck": "Ghost",
  "stake": "White",
  "must": [
    {
      "type": "SoulJoker",
      "value": "Perkeo",
      "antes": [1,2,3,4]
    },
    {
      "type": "Voucher",
      "value": "Telescope",
      "antes": [1,2,3,4]
    },
    {
      "type": "Voucher",
      "value": "Observatory",
      "antes": [2,3,4,5]
    },
    {
        "type": "SmallBlindTag",
        "value": "NegativeTag",
        "antes": [2,3]
    }
  ],
  "should": [
    
    {
      "type": "Joker",
      "value": "Blueprint",
      "antes": [2,3],
      "sources": {
        "ShopSlots": [2]
      }
    },
    {
      "type": "Joker",
      "value": "Brainstorm",
      "antes": [2,3],
      "sources": {
        "ShopSlots": [2]
      }
    },
        {
      "type": "Joker",
      "value": "Showman",
      "antes": [1,2,3,4]
    },
    {
      "type": "SoulJoker",
      "value": "Perkeo",
      "Edition":"Negative",
      "antes": [1,2,3,4]
    },
    {
      "type": "Joker",
      "value": "Blueprint",
      "Edition": "Negative",
      "antes": [4,5,6,7,8],
      "score": 1
    },
    {
      "type": "Joker",
      "value": "Brainstorm",
      "Edition": "Negative",
      "antes": [4,5,6,7,8],
      "score": 1
    },
    {
      "type": "Joker",
      "value": "Blueprint",
      "antes": [4,5,6,7,8],
      "score": 1
    },
    {
      "type": "Joker",
      "value": "Brainstorm",
      "Edition": "Negative",
      "antes": [4,5,6,7,8],
      "score": 1
    },
    {
      "type": "Joker",
      "value": "InvisibleJoker",
      "Edition": "Negative",
      "antes": [1,2,3,4,5,6,7,8],
      "score": 1
    }
    
  ],
  "mustNot": []
}