{
  "name": "LuckyAnte7",
  "description": "Test for any desired joker in the freebie anaglyph negative skip tag zone",
  "author": "test",
  "deck": "anaglyph",
  "stake": "white",
  "must": [
    {"type": "smallBlindTag", "value": "NegativeTag", "antes": [7]},
    {"type": "souljoker", "value": "Perkeo", "antes": [1,2,3]},
    {"type": "joker", "value": "Showman", "antes": [1,2,3,4,5,6]}
  ],
  "should": [

    {"type": "Joker", "score": 5, "edition": "none", "value": "Blueprint",  "antes": [7], "sources": {"shopSlots": [2,3,4,5,6,7]}},
    {"type": "Joker", "score": 5, "edition": "none", "value": "Brainstorm", "antes": [7], "sources": {"shopSlots": [2,3,4,5,6,7]}},
    {"type": "Joker", "score": 5, "edition": "none", "value": "OopsAll6s", "antes": [7], "sources": {"shopSlots": [2,3,4,5,6,7]}},
    {"type": "Joker", "score": 5, "edition": "none", "value": "InvisibleJoker", "antes": [7], "sources": {"shopSlots": [2,3,4,5,6,7]}},

    {"type": "Joker", "score": 1, "value": "Blueprint",  "antes": [8], "sources": {"shopSlots": [0]}},
    {"type": "Joker", "score": 1, "value": "Brainstorm", "antes": [8], "sources": {"shopSlots": [0]}},
    {"type": "Joker", "score": 2, "value": "OopsAll6s", "antes": [8], "sources": {"shopSlots": [0]}},

    {"type": "Joker", "score": 3, "Edition": "Negative", "value": "Blueprint",  "antes": [1,2,3,4,5], "sources": {"shopSlots": [0,1,2,3,4,5,6,7,8], "packSlots": [0,1,2,3,4,5]}},
    {"type": "Joker", "score": 3, "Edition": "Negative", "value": "Brainstorm", "antes": [1,2,3,4,5], "sources": {"shopSlots": [0,1,2,3,4,5,6,7,8], "packSlots": [0,1,2,3,4,5]}},
    {"type": "Joker", "score": 4, "Edition": "Negative", "value": "OopsAll6s", "antes":  [1,2,3,4,5], "sources": {"shopSlots": [0,1,2,3,4,5,6,7,8], "packSlots": [0,1,2,3,4,5]}},
    {"type": "Joker", "score": 3, "Edition": "Negative", "value": "InvisibleJoker", "antes":  [1,2,3,4,5], "sources": {"shopSlots": [0,1,2,3,4,5,6,7,8], "packSlots": [0,1,2,3,4,5]}},

    {"type": "Joker", "score": 2, "Edition": "Negative", "value": "Blueprint",  "antes": [6,7,8], "sources": {"shopSlots": [0,1,2,3,4,5,6,7,8,9,10,11,12,13,14,15,16,17,18,19,20,21,22,23,24,25,26,27,28,29,30], "packSlots": [0,1,2,3,4,5]}},
    {"type": "Joker", "score": 2, "Edition": "Negative", "value": "Brainstorm", "antes": [6,7,8], "sources": {"shopSlots": [0,1,2,3,4,5,6,7,8,9,10,11,12,13,14,15,16,17,18,19,20,21,22,23,24,25,26,27,28,29,30], "packSlots": [0,1,2,3,4,5]}},
    {"type": "Joker", "score": 6, "Edition": "Negative", "value": "OopsAll6s", "antes":  [6,7,8], "sources": {"shopSlots": [0,1,2,3,4,5,6,7,8,9,10,11,12,13,14,15,16,17,18,19,20,21,22,23,24,25,26,27,28,29,30], "packSlots": [0,1,2,3,4,5]}}

  ],
  "mustNot": []
}