{
  "name": "Nerkeotory",
  "description": "Negative Perkeo. Telescope, Observatory. Negative Copy Jokers as score!",
  "author": "pifreak",
  "must": [
    {
        "type": "smallBlindTag",
        "value": "NegativeTag",
        "antes": [6]
    },
    {
      "type": "Joker",
      "values": ["Blueprint", "Brainstorm", "InvisibleJoker"],
      "edition": "None",
      "antes": [3],
      "shopSlots": [2]
    },
    {
      "type": "Joker",
      "values": ["Blueprint", "Brainstorm", "InvisibleJoker"],
      "edition": "None",
      "antes": [3],
      "shopSlots": [3]
    },
    {
      "type": "Joker",
      "values": ["Blueprint", "Brainstorm", "InvisibleJoker"],
      "edition": "None",
      "antes": [3],
      "shopSlots": [4]
    }
  ],
  "should": [
    {
      "type": "SoulJoker",
      "value": "Perkeo",
      "edition": "Negative",
      "antes": [1,2,3,4,5],
      "score": 600
    },
    {
      "type": "Joker",
      "values": ["Blueprint", "Brainstorm", "InvisibleJoker"],
      "edition": "Negative",
      "antes": [1,2,3,4,5,6,7,8,9,10,11],
      "score": 100
    },
    {
      "type": "Joker",
      "value": "Blueprint",
      "edition": "None",
      "antes": [6],
      "shopSlots": [2,3,4,5,6,7,8,9],
      "score": 100
    },
    {
      "type": "Joker",
      "value": "Brainstorm",
      "edition": "None",
      "antes": [6],
      "shopSlots": [2,3,4,5,6,7,8,9],
      "score": 100
    },
    {
      "type": "Joker",
      "value": "InvisibleJoker",
      "edition": "None",
      "antes": [6],
      "shopSlots": [2,3,4,5,6,7,8,9],
      "score": 100
    }
  ],
  "mustNot": [],
  "deck": "Ghost",
  "stake": "White"
}