{
  "name": "Perkeo Observatory (Native Match)",
  "description": "Exact 1:1 match of native PerkeoObservatoryDesc - Telescope + Observatory + Perkeo",
  "author": "Claude Code", 
  "dateCreated": "2025-10-11T00:00:00.000Z",
  "deck": "Anaglyph",
  "stake": "White",
  "must": [
    {"Antes": [4,5], "type": "Joker",  "sources": {"shopSlots": [2]},  "values": ["Brainstorm", "Blueprint", "OopsAll6s", "Photograph", "HangingChad", "LuckyCat", "Mime", "Baron"]},
    {"Antes": [4,5], "type": "Joker",  "sources": {"shopSlots": [3]},  "values": ["Brainstorm", "Blueprint", "OopsAll6s", "Photograph", "HangingChad", "LuckyCat", "Mime", "Baron"]},
    {"Antes": [4,5], "type": "Joker",  "sources": {"shopSlots": [4]},  "values": ["Brainstorm", "Blueprint", "OopsAll6s", "Photograph", "HangingChad", "LuckyCat", "Mime", "Baron"]},
    {"Antes": [4,5], "type": "Joker",  "sources": {"shopSlots": [5]},  "values": ["Brainstorm", "Blueprint", "OopsAll6s", "Photograph", "HangingChad", "LuckyCat", "Mime", "Baron"]}
    
  ],
  "should": [
    {"score": 1, "Type": "Joker", "Value": "Showman", "antes": [1,2,3,4], "packSlots": [0,1,2,3,4,5], "shopSlots": [0,1,2,3,4,5]},
    {"score": 100, "type": "And", "Mode": "Max", "Clauses": [
      {"Antes": [4], "type": "SmallBlindTag", "value": "NegativeTag"},
      {"Antes": [4], "score": 100, "type": "Joker",  "sources": {"shopSlots": [2,3,4,5,6]},  "values": ["Brainstorm", "Blueprint", "OopsAll6s", "Photograph", "HangingChad", "LuckyCat", "Mime", "Baron"]},
      {"Antes": [4], "score": 100, "type": "Joker",  "sources": {"shopSlots": [4,5,6,7,8]},  "values": ["Brainstorm", "Blueprint", "Brainstorm", "Blueprint", "OopsAll6s", "Photograph", "HangingChad", "LuckyCat", "Mime", "Baron", "Photograph", "HangingChad", "LuckyCat", "Mime", "Baron"]}
    ]},
    {"score": 100, "type": "And", "Mode": "Max", "Clauses": [
      {"Antes": [5], "type": "SmallBlindTag", "value": "NegativeTag"},
      {"Antes": [5], "score": 100, "type": "Joker",  "sources": {"shopSlots": [2,3,4,5,6]},  "values": ["Brainstorm", "Blueprint", "OopsAll6s", "Photograph", "HangingChad", "LuckyCat", "Mime", "Baron"]},
      {"Antes": [5], "score": 100, "type": "Joker",  "sources": {"shopSlots": [4,5,6,7,8]},  "values": ["Brainstorm", "Blueprint", "OopsAll6s", "Photograph", "HangingChad", "LuckyCat", "Mime", "Baron"]}
    ]},
    {"score": 100, "type": "And", "Mode": "Max", "Clauses": [
      {"Antes": [6], "type": "SmallBlindTag", "value": "NegativeTag"},
      {"Antes": [6], "score": 100, "type": "Joker",  "sources": {"shopSlots": [2,3,4,5,6]},  "values": ["Brainstorm", "Blueprint", "OopsAll6s", "Photograph", "HangingChad", "LuckyCat", "Mime", "Baron"]},
      {"Antes": [6], "score": 100, "type": "Joker",  "sources": {"shopSlots": [4,5,6,7,8]},  "values": ["Brainstorm", "Blueprint", "OopsAll6s", "Photograph", "HangingChad", "LuckyCat", "Mime", "Baron"]}
    ]},
    {"score": 100, "type": "And", "Mode": "Max", "Clauses": [
      {"Antes": [7], "type": "SmallBlindTag", "value": "NegativeTag"},
      {"Antes": [7], "score": 100, "type": "Joker",  "sources": {"shopSlots": [2,3,4,5,6]},  "values": ["Brainstorm", "Blueprint", "OopsAll6s", "Photograph", "HangingChad", "LuckyCat", "Mime", "Baron"]},
      {"Antes": [7], "score": 100, "type": "Joker",  "sources": {"shopSlots": [4,5,6,7,8]},  "values": ["Brainstorm", "Blueprint", "OopsAll6s", "Photograph", "HangingChad", "LuckyCat", "Mime", "Baron"]}
    ]},
    {"score": 100, "type": "And", "Mode": "Max", "Clauses": [
      {"Antes": [8], "type": "SmallBlindTag", "value": "NegativeTag"},
      {"Antes": [8], "score": 100, "type": "Joker",  "sources": {"shopSlots": [2,3,4,5,6]},  "values": ["Brainstorm", "Blueprint", "OopsAll6s", "Photograph", "HangingChad", "LuckyCat", "Mime", "Baron"]},
      {"Antes": [8], "score": 100, "type": "Joker",  "sources": {"shopSlots": [4,5,6,7,8]},  "values": ["Brainstorm", "Blueprint", "OopsAll6s", "Photograph", "HangingChad", "LuckyCat", "Mime", "Baron"]}
    ]}
  ],
  "mustNot": []
}