{
  "name": "Perkeo Observatory (Native Match)",
  "description": "Exact 1:1 match of native PerkeoObservatoryDesc - Telescope + Observatory + Perkeo",
  "author": "Claude Code", 
  "dateCreated": "2025-10-11T00:00:00.000Z",
  "deck": "Ghost",
  "stake": "White",
  "must": [
    {"Type": "soulJoker", "Value": "Perkeo", "Antes": [1,2,3]},
    {"Type": "SpectralCard", "Value": "Ankh", "Antes": [1,2,3], "shopSlots": [0,1,2,3,4]},
    {"Type": "soulJoker", "Value": "Any", "Antes": [8,9,10]},
    {"min": 2, "Type": "soulJoker", "Value": "Perkeo", "Antes": [1,2,3,4,5,6,7,8,9,10]},
    {"antes": [8], "type": "SmallBlindTag", "value": "NegativeTag"}
  ],
  "should": [

      {"antes": [8],"score": 100, "type": "Joker",  "sources": {"shopSlots": [2,3,4,5,6,7,8,9,10,11,12]},  "values": ["HangingChad"]},
      {"antes": [8],"score": 99, "type": "Joker",  "sources": {"shopSlots": [3,4,5,6,7,8,9,10,11,12,13]},  "values": ["HangingChad"]},
      {"antes": [8],"score": 99, "type": "Joker",  "sources": {"shopSlots": [4,5,6,7,8,9,10,11,12,13,14]},  "values": ["HangingChad"]},
      {"antes": [8],"score": 99, "type": "Joker",  "sources": {"shopSlots": [5,6,7,8,9,10,11,12,13,14,15]},  "values": ["HangingChad"]},
      {"antes": [8],"score": 96, "type": "Joker",  "sources": {"shopSlots": [6,7,8,9,10,11,12,13,14,15,16]},  "values": ["HangingChad"]},
      {"antes": [8],"score": 96, "type": "Joker",  "sources": {"shopSlots": [7,8,9,10,11,12,13,14,15,16,17]},  "values": ["HangingChad"]},
      {"antes": [8],"score": 96, "type": "Joker",  "sources": {"shopSlots": [8,9,10,11,12,13,14,15,16,17,18]},  "values": ["HangingChad"]},
      {"antes": [8],"score": 96, "type": "Joker",  "sources": {"shopSlots": [9,10,11,12,13,14,15,16,17,18,19]},  "values": ["HangingChad"]},
      {"antes": [8],"score": 96, "type": "Joker",  "sources": {"shopSlots": [10,11,12,13,14,15,16,17,18,19,20]},  "values": ["HangingChad"]},
      {"antes": [8],"score": 96, "type": "Joker",  "sources": {"shopSlots": [11,12,13,14,15,16,17,18,19,20,21]},  "values": ["HangingChad"]},
      {"antes": [8],"score": 96, "type": "Joker",  "sources": {"shopSlots": [12,13,14,15,16,17,18,19,20,21,22]},  "values": ["HangingChad"]},
      {"antes": [8],"score": 91, "type": "Joker",  "sources": {"shopSlots": [13,14,15,16,17,18,19,20,21,22,23]},  "values": ["HangingChad"]},
      {"antes": [8],"score": 91, "type": "Joker",  "sources": {"shopSlots": [14,15,16,17,18,19,20,21,22,23,24]},  "values": ["HangingChad"]},
      {"antes": [8],"score": 91, "type": "Joker",  "sources": {"shopSlots": [15,16,17,18,19,20,21,22,23,24,25]},  "values": ["HangingChad"]},
      {"antes": [8],"score": 91, "type": "Joker",  "sources": {"shopSlots": [16,17,18,19,20,21,22,23,24,25,26]},  "values": ["HangingChad"]},
      {"antes": [8],"score": 91, "type": "Joker",  "sources": {"shopSlots": [17,18,19,20,21,22,23,24,25,26,27]},  "values": ["HangingChad"]},
      {"antes": [8],"score": 91, "type": "Joker",  "sources": {"shopSlots": [18,19,20,21,22,23,24,25,26,27,28]},  "values": ["HangingChad"]},
      {"antes": [8],"score": 91, "type": "Joker",  "sources": {"shopSlots": [19,20,21,22,23,24,25,26,27,28,29]},  "values": ["HangingChad"]},
      {"antes": [8],"score": 91, "type": "Joker",  "sources": {"shopSlots": [20,21,22,23,24,25,26,27,28,29,30]},  "values": ["HangingChad"]},
      {"antes": [8],"score": 91, "type": "Joker",  "sources": {"shopSlots": [21,22,23,24,25,26,27,28,29,30,31]},  "values": ["HangingChad"]},
      {"antes": [8],"score": 91, "type": "Joker",  "sources": {"shopSlots": [22,23,24,25,26,27,28,29,30,31,32]},  "values": ["HangingChad"]},
      {"antes": [8],"score": 91, "type": "Joker",  "sources": {"shopSlots": [23,24,25,26,27,28,29,30,31,32,33]},  "values": ["HangingChad"]},
      {"antes": [8],"score": 91, "type": "Joker",  "sources": {"shopSlots": [24,25,26,27,28,29,30,31,32,33,34]},  "values": ["HangingChad"]},
      {"antes": [8],"score": 91, "type": "Joker",  "sources": {"shopSlots": [25,26,27,28,29,30,31,32,33,34,35]},  "values": ["HangingChad"]},
      {"antes": [8],"score": 49, "type": "Joker",  "sources": {"shopSlots": [26,27,28,29,30,31,32,33,34,35,36]},  "values": ["HangingChad"]},
      {"antes": [8],"score": 49, "type": "Joker",  "sources": {"shopSlots": [27,28,29,30,31,32,33,34,35,36,37]},  "values": ["HangingChad"]},
      {"antes": [8],"score": 49, "type": "Joker",  "sources": {"shopSlots": [28,29,30,31,32,33,34,35,36,37,38]},  "values": ["HangingChad"]},
      {"antes": [8],"score": 49, "type": "Joker",  "sources": {"shopSlots": [29,30,31,32,33,34,35,36,37,38,39]},  "values": ["HangingChad"]},
      {"antes": [8],"score": 49, "type": "Joker",  "sources": {"shopSlots": [30,31,32,33,34,35,36,37,38,39,40]},  "values": ["HangingChad"]},
      {"antes": [8],"score": 49, "type": "Joker",  "sources": {"shopSlots": [31,32,33,34,35,36,37,38,39,40,41]},  "values": ["HangingChad"]}


  ],
  "mustNot": []
}