{
  "name": "Perkeo Observatory (Native Match)",
  "description": "Exact 1:1 match of native PerkeoObservatoryDesc - Telescope + Observatory + Perkeo",
  "author": "Claude Code",
  "dateCreated": "2025-10-11T00:00:00.000Z",
  "deck": "Anaglyph",
  "stake": "White",
  "must": [
    { "antes": [2], "type": "SmallBlindTag", "value": "NegativeTag" },
    { "Type": "Joker", "Values": ["HangingChad"], "antes": [2], "shopSlots": [2, 3] },
    { "Type": "Joker", "Values": ["Photograph"], "antes": [2], "shopSlots": [2, 3] },
    { "Type": "Souljoker", "Value": "Perkeo", "antes": [1, 2, 3, 4] }
  ],
  "should": [
    {
      "Type": "And",
      "Clauses": [
        { "Antes": [3], "type": "SmallBlindTag", "Value": "NegativeTag" },

        {
          "type": "Joker",
          "score": 1,
          "Antes": [3],
          "sources": { "shopSlots": [2, 3] },
          "values": ["Blueprint", "Brainstorm"]
        }
      ]
    },
    {
      "Type": "And",
      "Clauses": [
        { "Antes": [4], "type": "SmallBlindTag", "Value": "NegativeTag" },

        {
          "type": "Joker",
          "score": 1,
          "Antes": [4],
          "sources": { "shopSlots": [2, 3] },
          "values": ["Blueprint", "Brainstorm", "HangingChad"]
        }
      ]
    }
  ],
  "mustNot": []
}
