{
  "name": "omg",
  "description": "seed finder that makes you say omg",
  "author": "pifreak", 
  "dateCreated": "2025-09-17T00:00:00.000Z",
  "deck": "Red",
  "stake": "White",
  "must": [
    {
      "type": "SoulJoker",
      "value": "Perkeo",
      "antes": [1,2]
    }
  ],
  "should": [
     {
      "type": "Voucher",
      "value": "Telescope",
      "antes": [1,2]
    },
    {
      "type": "Voucher",
      "value": "Observatory",
      "antes": [2,3]
    },
    {
      "type": "SoulJoker",
      "value": "Perkeo",
      "antes": [1,2]
    }
  ],
  "mustNot": []
}