{
  "name": "Perkeo Observatory with Copy Jokers",
  "description": "Telescope + Observatory vouchers with Perkeo (via The Soul) and copy jokers (Showman, Blueprint, Brainstorm, Invisible Joker)",
  "author": "pifreak",
  "dateCreated": "2025-01-28T00:00:00.000Z",
  "deck": "Ghost",
  "stake": "White",
  "must": [
    {
      "type": "voucher", 
      "value": "Telescope",
      "label": "Telescope",
      "antes": [1, 2, 3, 4, 5]
    },
    {
      "type": "voucher", 
      "value": "Observatory",
      "label": "Observatory",
      "antes": [2, 3, 4, 5, 6]
    }
  ],
  "should": [
       {
      "type": "Joker",
      "value": "Supernova",
      "label": "Supernova",
      "sources": {
        "shopSlots": [0, 1]
      },
      "antes": [1],
      "score": 1
    }
  ],
  "mustNot": []
}