{
  "name": "NegativeSkipCopy",
  "description": "finds copy jokers after negativetags",
  "author": "pifreak",
  "dateCreated": "2025-08-24T05:46:12.6691000Z",
  "deck": "Red",
  "stake": "White",
  "must": [
    {
      "type": "SpectralCard",
      "value": "Ankh",
      "antes": [1],
      "sources": {
        "packSlots": [1]
      }
    }
    
  ],
  "should": [
    {
      "type": "SpectralCard",
      "value": "Ankh",
      "antes": [1],
      "sources": {
        "packSlots": [1]
      }
    }
  ],
  "mustNot": []
}