{
  "name": "ooo2",
  "description": "ooo2",
  "author": "pifreak",
  "dateCreated": "2025-08-16T05:46:12.6691000Z",
  "must": [
    {
        "type": "joker",
        "value": "OopsAll6s",
        "sources": {
            "shopSlots": [0,1]
        },
        "antes": [1]
    },
        {
        "type": "joker",
        "value": "luckycat",
        "edition": "Negative",
        "sources": {
            "packSlots": [2]
        },
        "antes": [1]
    }
    
  ],
  "should": [
    {
      "type": "TarotCard",
      "value": "TheMagician",
      "sources": {
        "packSlots": [1]
      },
    "antes": [1]
    },
    {
      "type": "PlayingCard",
      "Enhancement": "Lucky",
      "sources": {
        "packSlots": [1]
      },
    "antes": [1]
    }
  ],
  "must-not": [],
  "scoring": {
    "type": "sum"
  }
}