{
    "name": "NegativeSkipCopy",
    "description": "finds copy jokers after negativetags",
    "author": "pifreak",
    "dateCreated": "2025-08-24T05:46:12.6691000Z",
    "deck": "Ghost",
    "stake": "Black",
    "must": [
        {
            "type": "Joker",
            "value": "JokerStencil",
            "stickers": ["Eternal"],
            "antes": [
                1
            ]
        },
        {
            "type": "Joker",
            "value": "Showman",
            "edition": "Negative",
            "antes": [
                1,2
            ]
        }
    ],
    "should": [
                {
            "type": "SoulJoker",
            "value": "Perkeo",
            "antes": [
                1,2,3,4
            ],
            "score": 10
        },
        {
            "type": "Joker",
            "value": "JokerStencil",
            "stickers": ["Eternal"],
            "antes": [
                2,
                3,
                4,
                5,
                6,
                7,
                8
            ],
            "score": 10
        },
        {
            "type": "Joker",
            "value": "Blueprint",
            "antes": [
                2,
                3,
                4,
                5,
                6
            ],
            "score": 1
        },
        {
            "type": "Joker",
            "value": "Brainstorm",
            "antes": [
                2,
                3,
                4,
                5,
                6
            ],
            "score": 1
        }
    ],
    "mustNot": []
}