{
    "name": "Oops! All Same Joker",
    "description": "Requires a Showman with 2 of the same joker in the first shop in ante 1.",
    "author": "pifreak",
    "dateCreated": "2025-10-18T05:46:12.6691000Z",
    "must": [
        {
            "type": "Voucher",
            "Value": "Telescope",
            "Antes": [
                2,
                1,
                3,
                4,
                5,
                6,
                7
            ]
        },
        {
            "type": "Voucher",
            "Value": "Observatory",
            "Antes": [
                2,
                3,
                4,
                5,
                6,
                7,
                8
            ]
        },
        {
            "Type": "Joker",
            "value": "Showman",
            "antes": [
                1,
                2
            ],
            "packSlots": [
                0,1,2,3
            ],
            "shopSlots": [
                0,
                1,2,3
            ]
        },
        {
            "Type": "SoulJoker",
            "value": "Perkeo",
            "Edition": "Negative",
            "antes": [
                1
            ]
        }
    ],
    "should": [
        {
            "Type": "SoulJoker",
            "value": "Perkeo",
            "antes": [
                1,
                2,
                3,4
            ]
        },
        {
            "score": 2,
            "Type": "Joker",
            "values": [
                "InvisibleJoker",
                "OopsAll6s",
                "Blueprint",
                "Brainstorm",
                "TradingCard",
                "HangingChad",
                "Dusk",
                "DNA",
                "LuckyCat",
                "SockAndBuskin",
                "Mime",
                "Pareidolia",
                "GoldenTicket",
                "Vagabond",
                "MrBones"
            ],
            "Edition": "Negative",
            "packSlots": [
                0,
                1,
                2,
                3,
                4,
                5
            ],
            "antes": [
                2,
                3,
                4,
                5,
                6,
                7,
                8
            ]
        },
        {
            "Score": 2,
            "Type": "And",
            "Antes": [
                2,
                3,
                4
            ],
            "Clauses": [
                {
                    "Type": "SmallBlindTag",
                    "Value": "NegativeTag"
                },
                {
                    "Type": "Joker",
                    "values": [
                        "InvisibleJoker",
                        "OopsAll6s",
                        "Blueprint",
                        "Brainstorm"
                    ],
                    "shopSlots": [
                        2,
                        3,
                        4,
                        5
                    ]
                }
            ]
        },
        {
            "Score": 1,
            "Type": "And",
            "Antes": [
                2,3,4,
                5,
                6,
                7,
                8
            ],
            "Clauses": [
                {
                    "Type": "SmallBlindTag",
                    "Value": "NegativeTag"
                },
                {
                    "mode": "Max",
                    "Type": "Or",
                    "Clauses": [
                        {
                            "Type": "Joker",
                            "values": [
                                "InvisibleJoker",
                                "OopsAll6s",
                                "Blueprint",
                                "Brainstorm"
                            ],
                            "shopSlots": [
                                2,
                                3,
                                4,
                                5
                            ]
                        },
                        {
                            "Type": "Joker",
                            "values": [
                                "InvisibleJoker",
                                "OopsAll6s",
                                "Blueprint",
                                "Brainstorm"
                            ],
                            "shopSlots": [
                                5,
                                6,
                                7,
                                8
                            ]
                        },
                        {
                            "Type": "Joker",
                            "values": [
                                "InvisibleJoker",
                                "OopsAll6s",
                                "Blueprint",
                                "Brainstorm"
                            ],
                            "shopSlots": [
                                8,
                                9,
                                10,
                                11
                            ]
                        }
                    ]
                }
            ]
        }
    ],
    "mustNot": [],
    "deck": "Ghost",
    "stake": "Black"
}