{
  "name": "Perkeo + NEgSkip",
  "description": "Perkeo Observatory combined with NEgSkip requirements",
  "author": "workaround",
  "deck": "plasma",
  "stake": "white",
  "must": [
    {"type": "Voucher", "value": "Blank", "antes": [1,2,3,4,5,6,7,8]},
    {"type": "Voucher", "value": "Antimatter", "antes": [2,3,4,5,6,7,8,9]},
    {"type": "Joker", "value": "Showman","antes": [1,2,3,4],"sources": {"packSlots": [0,1,2,3], "shopSlots": [0,1,2,3,4]}}
  ],
  "should": [
    {
      "type": "Joker", "score": 1, "value": "Blueprint","antes": [1,2,3,4,5,6,7,8],
      "sources": {
        "shopSlots": [0,1,2,3,4,5,6,7,8,9,10,11,12,13,14,15,16,17,18,19,20,21,22,23,24,25,26,27,28,29,30,31],
        "packSlots": [0,1,2,3,4,5]
      }
    },
    {
      "type": "Joker", "score": 1, "value": "Brainstorm","antes": [1,2,3,4,5,6,7,8],
      "sources": {
        "shopSlots": [0,1,2,3,4,5,6,7,8,9,10,11,12,13,14,15,16,17,18,19,20,21,22,23,24,25,26,27,28,29,30,31],
        "packSlots": [0,1,2,3,4,5]
      }
    },
    {
      "type": "Joker", "score": 1, "value": "InvisibleJoker","antes": [1,2,3,4,5,6,7,8],
      "sources": {
        "shopSlots": [0,1,2,3,4,5,6,7,8,9,10,11,12,13,14,15,16,17,18,19,20,21,22,23,24,25,26,27,28,29,30,31],
        "packSlots": [0,1,2,3,4,5]
      }
    },

    {
      "type": "Joker", "edition": "Negative", "score": 10, "value": "Blueprint","antes": [1,2,3,4,5,6,7,8],
      "sources": {
        "shopSlots": [0,1,2,3,4,5,6,7,8,9,10,11,12,13,14,15,16,17,18,19,20,21,22,23,24,25,26,27,28,29,30,31],
        "packSlots": [0,1,2,3,4,5]
      }
    },
    {
      "type": "Joker", "edition": "Negative", "score": 10, "value": "Brainstorm","antes": [1,2,3,4,5,6,7,8],
      "sources": {
        "shopSlots": [0,1,2,3,4,5,6,7,8,9,10,11,12,13,14,15,16,17,18,19,20,21,22,23,24,25,26,27,28,29,30,31],
        "packSlots": [0,1,2,3,4,5]
      }
    },
    {
      "type": "Joker", "edition": "Negative", "score": 10, "value": "InvisibleJoker","antes": [1,2,3,4,5,6,7,8],
      "sources": {
        "shopSlots": [0,1,2,3,4,5,6,7,8,9,10,11,12,13,14,15,16,17,18,19,20,21,22,23,24,25,26,27,28,29,30,31],
        "packSlots": [0,1,2,3,4,5]
      }
    }
  ],
  "mustNot": []
}