{
  "name": "Oops",
  "description": "Just find lotsa Oops All 6s!",
  "author": "test",
  "must": [
    {
      "type": "SoulJoker",
      "value": "Perkeo",
      "antes": [1,2,3,4]
    }
  ],
  "should": [
    {
      "type": "Joker",
      "value": "OopsAll6s",
      "edition": "Negative",
      "antes": [6,7,8],
      "sources": {
        "shopSlots": [0,1,2,3,4,5,6,7,8,9,10,11,12,13,14,15,16,17,18,19,20,21,22,23,24,25,26,27,28,29,30,31,32,33,34,35,36,37,38,39,40,41,42,43,44,45,46,47,48,49]
      }
    },
    {
      "type": "Joker",
      "values": ["Blueprint", "Brainstorm", "InvisibleJoker"],
      "antes": [8],
            "sources": {
        "shopSlots": [0,1,2,3,4,5,6,7,8,9,10,11,12,13,14,15,16,17,18,19,20,21,22,23,24,25,26,27,28,29,30,31,32,33,34,35,36,37,38,39,40,41,42,43,44,45,46,47,48,49]
      }
    },
    {
      "type": "Joker",
      "value": "Any",
      "Edition": "Negative",
      "antes": [1,2,3,4,5,6,7,8],
      "sources": {
        "shopSlots": [0,1,2,3,4,5,6,7,8,9,10,11,12,13,14,15,16,17,18,19,20,21,22,23,24,25,26,27,28,29,30,31,32,33,34,35,36,37,38,39,40,41,42,43,44,45,46,47,48,49]
      }
    }
  ],
  "mustNot": [],
  "deck": "Ghost",
  "stake": "White"
}