{
  "name": "Double Oops via Ankh",
  "description": "Get Oops! All 6s Joker, and Ankh Spectral Card from the first shop.",
  "author": "pifreak",
  "dateCreated": "2025-09-15T00:00:00Z",
  "deck": "Anaglyph",
  "Stake": "White",
  "must": [
    {
      "type": "SmallBlindTag",
      "value": "DoubleTag",
      "antes": [1,2],
      "score": 2
    },
    {
      "type": "SmallBlindTag",
      "value": "NegativeTag",
      "antes": [3]
    }
  ],
  "should": [
    {
      "type": "Tag",
      "value": "NegativeTag",
      "antes": [2,3,4,5,6,7,8]
    },
    {
      "type": "SmallBlindTag",
      "value": "DoubleTag",
      "antes": [1,2],
      "score": 2
    },
    {
      "type": "BigBlindTag",
      "value": "DoubleTag",
      "antes": [1,2],
      "score": 2
    },
    {
      "type": "souljoker",
      "value": "Perkeo",
      "antes": [1,2,3,4,5,6,7,8],
      "score": 6
    },
    {
      "type": "souljoker",
      "value": "Perkeo",
      "antes": [1,2,3,4],
      "score": 9
    },
    {
      "type": "Joker",
      "values": ["OopsAll6s", "Blueprint", "InvisibleJoker", "LuckyCat", "Brainstorm", "HangingChad", "SockAndBuskin"],
      "antes": [3],
      "sources": {
        "shopSlots": [2,3,4,5]
      },
      "score": 10
    },
    {
      "type": "Joker",
      "value": "AnyUncommon",
      "antes": [3],
      "sources": {
        "shopSlots": [2,3,4,5]
      },
      "score": 1
    },
    {
      "type": "Joker",
      "value": "AnyRare",
      "antes": [3],
      "sources": {
        "shopSlots": [2,3,4,5]
      },
      "score": 1
    }
  ],
  "mustNot": []
}