{
  "name": "Double Oops via Ankh",
  "description": "Get Oops! All 6s Joker, and Ankh Spectral Card from the first shop.",
  "author": "pifreak",
  "dateCreated": "2025-09-15T00:00:00Z",
  "deck": "Anaglyph",
  "Stake": "White",
  "must": [
    {
      "type": "SmallBlindTag",
      "value": "NegativeTag",
      "antes": [4]
    }
  ],
  "should": [
    {
      "type": "Joker",
      "values": ["OopsAll6s", "Blueprint", "InvisibleJoker", "LuckyCat", "Brainstorm", "HangingChad", "SockAndBuskin"],
      "antes": [3],
      "sources": {
        "shopSlots": [2,3,4,5]
      },
      "score": 10
    }
  ],
  "mustNot": []
}