{
  "name": "OW My Fisticles",
  "description": "really goofy all stencle run where I want to be able to have a bunch of negative and holo joker stencles",
  "author": "pifreak",
  "dateCreated": "2025-10-31T05:46:12.6691000Z",
  "deck": "Red",
  "stake": "White",
  "must": [
    {"type": "SmallBlindTag", "Value": "DoubleTag", "antes": [1]},
    {"type": "SmallBlindTag", "Value": "DoubleTag", "antes": [2]},
    {"type": "BigBlindTag", "Value": "DoubleTag", "antes": [1]},
    {"type": "BigBlindTag", "Value": "DoubleTag", "antes": [2]},

    {"type": "SmallBlindTag", "Value": "NegativeTag", "antes": [3]},
    {"type"}
  ],
  "should": [
    {"score": 10, "type": "joker", "value": "DietCola","antes": [1,2,3,4]},
    {"score": 50, "type": "Joker", "Values": ["BusinessCard", "ReservedParking", "Mime", "Baron", "OopsAll6s", "Blueprint", "Brainstorm"],
        "Antes": [3], "shopSlots": [2,3,4,5,6,7,8]},

    {"score": 50, "type": "Joker", "Values": ["BusinessCard", "ReservedParking", "Mime", "Baron", "OopsAll6s", "Blueprint", "Brainstorm"],
        "Antes": [5], "shopSlots": [2,3,4,5,6,7,8]},

    {"score": 50, "type": "Joker", "Values": ["BusinessCard", "ReservedParking", "Mime", "Baron", "OopsAll6s", "Blueprint", "Brainstorm"],
        "Antes": [6], "shopSlots": [2,3,4,5,6,7,8]}
  ],
  "mustNot": []
}
