{
  "name": "ParkingThief",
  "description": "neg parking + neg dice with a burglar if possible, and any extras like a baron or wtv would be nice",
  "author": "Somber",
  "dateCreated": "2025-10-22T05:46:12.6691000Z",
  "deck": "Green",
  "stake": "White",
  "must": [
    {"Type": "SmallBlindTag", "Value": "CouponTag", "Antes": [1]},
    {"type": "Joker", "Edition": "Negative", "Value": "ReservedParking", "antes":[1], "shopSlots": [0,1], "packSlots": [0,1]},
    {"type": "Joker", "Edition": "Negative", "Value": "Burglar", "antes":[1], "shopSlots": [0,1], "packSlots": [1]}
  ],
  "should": [
    {"Score": 42, "Type": "SoulJoker", "Value": "Any", "Antes": [1,2,3,4]},

    {"Score": 42, "Type": "SoulJoker", "Value": "Perkeo", "Antes": [1,2,3,4,5,6,7]},
    {"Score": 42, "Type": "SoulJoker", "Value": "Canio", "Antes": [1,2,3,4,5,6,7]},
    {"Score": 42, "Type": "SoulJoker", "Value": "Triboulet", "Antes": [1,2,3,4,5,6,7]},
    {"Score": 42, "Type": "SoulJoker", "Value": "Yorick", "Antes": [1,2,3,4,5,6,7]},
    {"Score": 42, "Type": "SoulJoker", "Value": "Chicot", "Antes": [1,2,3,4,5,6,7]},

    {"Score": 334, "Type": "And", "Clauses":[
        {"Type": "SmallBlindTag", "Value": "NegativeTag", "Antes": [2]},
        {"type": "Joker", "Value": "OopsAll6s", "Antes": [2], "shopSlots": [2,4]}
    ]},
    {"Score": 333, "Type": "And", "Clauses":[
        {"Type": "SmallBlindTag", "Value": "NegativeTag", "Antes": [3]},
        {"type": "Joker", "Value": "OopsAll6s", "Antes": [3], "shopSlots": [2,4]}
    ]},
    {"Score": 333, "Type": "And", "Clauses":[
        {"Type": "SmallBlindTag", "Value": "NegativeTag", "Antes": [4]},
        {"type": "Joker", "Value": "OopsAll6s", "Antes": [4], "shopSlots": [2]}
    ]},
    {"Score": 7, "type": "StandardCard",  "Seal": "Red", "Edition": "Polychrome", "Antes": [1,2,3,4,5]},
    {"Score": 7, "type": "StandardCard",  "Seal": "Red", "Edition": "Polychrome", "Antes": [1,2,3,4,5]},
    {"Score": 5, "type": "StandardCard",  "Seal": "Red", "Antes": [1,2,3,4,5]},
    {"Score": 4, "type": "StandardCard",  "Seal": "Blue", "Antes": [1,2,3,4,5]},

    {"Score": 9, "type": "Joker",  "Value": "Blueprint", "Antes": [1,2,3]},
    {"Score": 9, "type": "Joker",  "Value": "Brainstorm", "Antes": [1,2,3]},
    {"Score": 9, "type": "Joker",  "Value": "Blueprint", "Antes": [4,5,6,7,8]},
    {"Score": 9, "type": "Joker",  "Value": "Brainstorm", "Antes": [4,5,6,7,8]},
    {"Score": 10, "type": "Joker", "Value": "OopsAll6s", "Antes": [1,2,3]},
    {"Score": 8, "type": "Joker",  "Value": "Showman", "Antes": [1,2,3]},
    {"Score": 10, "type": "Joker", "Value": "ReservedParking", "Antes": [1,2,3]},


    {"Score": 90, "type": "Joker", "Edition": "Negative", "Value": "Blueprint", "Antes": [1,2,3,4,5,6,7,8]},
    {"Score": 90, "type": "Joker", "Edition": "Negative", "Value": "Brainstorm", "Antes": [1,2,3,4,5,6,7,8]},
    {"Score": 333, "type": "Joker", "Edition": "Negative", "Value": "OopsAll6s", "Antes": [1,2,3,4,5,6]},
    {"Score": 80, "type": "Joker", "Edition": "Negative", "Value": "Showman", "Antes": [1,2,3,4,5,6]},
    {"Score": 100, "type": "Joker", "Edition": "Negative", "Value": "ReservedParking", "Antes": [1,2,3,4,5,6]}
  ],
  "mustNot": []
}