{
  "name": "Percoulet",
  "description": "Perkeo A1, ankh A1 Triboulet after ankh (ideally A2-3)  Diet cola and negative tag around A12-15 and as many early invis as possible in the first 5-6 antes",
  "author": "Hamburbur (yummy)",
  "must": [
    {"type": "smallBlindTag", "Value": "NegativeTag", "antes": [12,13,14,15]},
    {"type": "SoulJoker", "value": "Perkeo", "Antes":[1]},
    {"type": "SoulJoker", "value": "Triboulet", "Antes":[1,2,3,4,5]},
    {"type": "SpectralCard", "value": "Ankh", "Antes":[1], "sources": {"shopSlots": [0,1,2,3]}},
    {"type":  "Joker", "Value": "DietCola", "antes": [5,6,7,8,9,10,11,12]}
  ],
  "should": [
    {"score": 10, "type": "Joker", "value": "InvisibleJoker", "Antes": [1]},
    {"score": 10, "type": "Joker", "value": "InvisibleJoker", "Antes": [2]},
    {"score": 10, "type": "Joker", "value": "InvisibleJoker", "Antes": [3]},
    {"score": 10, "type": "Joker", "value": "InvisibleJoker", "Antes": [4]},
    {"score": 10, "type": "Joker", "value": "InvisibleJoker", "Antes": [5]},
    {"score": 100, "type": "SoulJoker", "value": "Triboulet", "Antes":[1,2,3,4,5]}
  ],
  "mustNot": [],
  "deck": "Ghost",
  "stake": "White"
}

