{
  "name": "PerkeoRevival",
  "description": "Ante 1 perkeo in charm + rare tag, 2 ante immonate in ghost deck temperance as well in that charm tag",
  "author": "Mr_Minecraft_Ash",
  "deck": "Ghost",
  "stake": "black",
  "must": [
      {"Type": "smallBlindTag", "value": "EtherealTag", "Antes": [8]},
      {"type": "SoulJoker", "Value": "Perkeo", "antes": [8], "packSlots": [0,1,2,3,4,5]},
      {"type": "SpectralCard", "Value": "Ankh", "antes": [8], "packSlots": [0,1,2,3,4,5]},
      {"min": 2, "type": "SoulJoker", "Value": "Perkeo", "antes": [1,2,3,4,5,6,7,8]}
  ],
  "should": [
    {"score": 44, "type": "SpectralCard", "Value": "Ankh", "Antes":  [1], "shopSlots": [0,1,2,3]},
    {"score": 44, "type": "SpectralCard", "Value": "Ankh", "Antes":  [2], "shopSlots": [0,1,2,3,4,5]},
    {"score": 44, "type": "SpectralCard", "Value": "Ankh", "Antes":  [3], "shopSlots": [0,1,2,3,4,5]},
    {"score": 100, "type": "SoulJoker", "Edition": "Negative", "Value": "Any", "antes": [2,3,4,5,6,7,8]},
    {"score": 100, "type": "SoulJoker", "Edition": "Negative", "Value": "Any", "antes": [9,10,11,12,13,14,15,16,17,18,19,20,21,22,23,24,25,26,27,28,29,30,31,32,33,34,35,36,37,38,39]},
    {"score": 100, "type": "Joker", "Edition": "Negative", "Values": ["Blueprint", "Brainstorm", "InvisibleJoker"], "antes": [9,10,11,12,13,14,15,16,17,18,19,20,21,22,23,24,25,26,27,28,29,30,31,32,33,34,35,36,37,38,39]},
    {"score": 100, "type": "Joker",  "Values": ["Blueprint", "Brainstorm"], "Antes": [1,2,3,4,5,6,7,8,9,10]},
    {"score": 100, "type": "Joker", "Edition": "Negative", "Values": ["Blueprint", "Brainstorm"], "Antes": [1,2,3,4,5,6,7,8,9,10]}
  ],
  "mustNot": []
}
