{
  "name": "Perkeo Observatory No Soul",
  "description": "Test without soul joker requirement",
  "author": "test",
  "dateCreated": "2025-01-28T00:00:00.000Z",
  "deck": "",
  "stake": "",
  "must": [
    {
      "type": "Voucher",
      "value": "Telescope",
      "antes": [1, 2, 3]
    }
  ],
  "should": [
    {
      "type": "Joker",
      "value": "Showman",
      "label": "Showman",
      "sources": {
        "shopSlots": [0, 1, 2, 3],
        "packSlots": [0, 1, 2, 3]
      },
      "antes": [1, 2, 3, 4]
    }
  ],
  "mustNot": []
}