{
  "name": "Perkeo Observatory",
  "description": "Perkeo with the Telescope and Observatory Vouchers.",
  "author": "tacodiva",
  "dateCreated": "2025-01-01T05:46:12.6691000Z",
  "must": [
    {
      "type": "Voucher",
      "value": "Telescope",
      "antes": [1, 2]
    },
    {
      "type": "Voucher",
      "value": "Observatory",
      "antes": [2, 3]
    },
    {
      "type": "souljoker",
      "value": "Perkeo",
      "antes": [1, 2, 3],
      "packSlots": [0, 1, 2, 3]
    }
  ],
  "should": [
    {
      "type": "souljoker",
      "value": "Perkeo",
      "Edition": "Negative",
      "antes": [1, 2, 3]
    },
    {
      "type": "Joker",
      "values": ["Blueprint", "Brainstorm"],
      "antes": [1, 2, 3]
    },
    {
      "type": "Joker",
      "values": ["Blueprint", "Brainstorm"],
      "Edition": "Negative",
      "antes": [1, 2, 3]
    }
  ],
  "mustNot": []
}
