{
  "name": "Perkeo Observatory (Vectorized)",
  "description": "Telescope + Observatory vouchers + Perkeo soul joker with The Soul in antes 1-5",
  "author": "Claude Code",
  "must": [
    {
      "type": "Voucher",
      "value": "Telescope", 
      "antes": [1, 2, 3, 4, 5]
    },
    {
      "type": "Voucher",
      "value": "Observatory",
      "antes": [1, 2, 3, 4, 5]
    },
    {
      "type": "SoulJoker",
      "value": "Perkeo",
      "antes": [1, 2, 3, 4, 5],
      "sources": {
        "packSlots": [0, 1, 2]
      }
    }
  ],
  "should": [
    {
      "type": "Joker",
      "value": "Blueprint",
      "antes": [1, 2, 3, 4, 5, 6, 7, 8]
    },
    {
      "type": "Joker", 
      "value": "Brainstorm",
      "antes": [1, 2, 3, 4, 5, 6, 7, 8]
    },
    {
      "type": "Joker",
      "value": "Blueprint",
      "edition": "Negative",
      "antes": [1, 2, 3, 4, 5, 6, 7, 8]
    },
    {
      "type": "Joker",
      "value": "Brainstorm", 
      "edition": "Negative",
      "antes": [1, 2, 3, 4, 5, 6, 7, 8]
    },
    {
      "type": "SoulJoker",
      "value": "Perkeo",
      "edition": "Negative", 
      "antes": [1, 2, 3],
      "sources": {
        "packSlots": [0, 1, 2]
      }
    }
  ],
  "mustNot": [],
  "deck": "Red",
  "stake": "White"
}