{
  "name": "Perkeo Observatory (Native Match)",
  "description": "Exact 1:1 match of native PerkeoObservatoryDesc - Telescope + Observatory + Perkeo",
  "author": "Claude Code", 
  "dateCreated": "2025-09-05T00:00:00.000Z",
  "deck": "Red",
  "stake": "White",
  "must": [
    {
      "type": "SoulJoker",
      "value": "Perkeo",
      "edition": "Negative",
      "antes": [0],
      "sources": {
        "packSlots": [0,1]  
      }
    },
    {
      "type": "Voucher",
      "value": "Hieroglyph",
      "antes": [1]
    },
    {
      "type": "Voucher",
      "value": "Telescope",
      "antes": [1,2]
    },
    {
      "type": "Voucher",
      "value": "Observatory",
      "antes": [2,3]
    }
  ],
  "should": [
    {
      "type": "Joker",
      "values": ["Blueprint", "Brainstorm", "InvisibleJoker"],
      "edition": "Negative",
      "antes": [1,2,3,4,5,6,7,8]
    }
  ],
  "mustNot": []
}