{
  "name": "Perkeo Observatory Scored",
  "description": "Perkeo with Telescope/Observatory, scored for additional items",
  "author": "pifreak",
  "dateCreated": "2025-08-27T00:00:00Z",
  "must": [
    {
        "type": "Voucher",
        "value": "Telescope",
        "antes": [1]
    },
    {
        "type": "Voucher",
        "value": "Observatory",
        "antes": [2]
    },
    {
        "type": "SoulJoker",
        "value": "Perkeo",
        "antes": [1,2]
    }
  ],
  "should": [
    {
        "type": "TarotCard",
        "value": "TheFool",
        "antes": [1,2,3],
        "score": 10
    },
    {
        "type": "SpectralCard",
        "value": "Soul",
        "antes": [1,2,3],
        "score": 25
    },
    {
        "type": "Joker",
        "value": "Blueprint",
        "antes": [1,2,3],
        "score": 50
    }
  ],
  "mustNot": []
}