{
  "name": "SUAS",
  "description": "2 Mr Bones and a PErkeo as fast as possible.",
  "author": "pifreak", 
  "dateCreated": "2025-10-26T00:00:00.000Z",
  "deck": "Ghost",
  "stake": "White",
  "must": [
    {"type"}
      {"type": "SoulJoker", "Value": "Perkeo", "antes": [1], "packSlots": [0,1]},
      {"type": "SoulJoker", "Value": "Perkeo", "antes": [2], "packSlots": [0,1]}
    ],
    "should": [
        {"type": "SoulJoker", "Value": "Perkeo", "antes": [1], "packSlots": [0,1]},
        {"type": "SoulJoker", "Value": "Perkeo", "antes": [2], "packSlots": [0,1]}
    ],
    "mustNot": []
}
