{
  "name": "Perkeo Observatory (Exact Native Match)",
  "description": "Exact 1:1 recreation of native PerkeoObservatoryDesc - Telescope + Observatory + Perkeo soul joker in antes 1-5",
  "author": "Claude Code",
  "dateCreated": "2025-01-28T00:00:00.000Z",
  "deck": "Red",
  "stake": "White",
  "must": [
    {
      "type": "Voucher",
      "value": "Telescope",
      "antes": [1, 2, 3, 4, 5]
    },
    {
      "type": "Voucher",
      "value": "Observatory", 
      "antes": [1, 2, 3, 4, 5]
    },
    {
      "type": "SoulJoker",
      "value": "Perkeo",
      "antes": [1, 2, 3, 4, 5],
      "sources": {
        "packSlots": [0, 1]
      }
    }
  ],
  "should": [],
  "mustNot": []
}