{
  "name": "Perkeo Observatory with Copy Jokers",
  "description": "Telescope + Observatory vouchers with Perkeo, Showman, and copy jokers (Blueprint, Brainstorm, Invisible Joker)",
  "author": "pifreak",
  "dateCreated": "2025-01-28T00:00:00.000Z",
  "deck": "Plasma",
  "stake": "White",
  "must": [
     {
      "type": "voucher",
      "value": "Telescope",
      "label": "Telescope",
      "antes": [1, 2, 3, 4]
    },
    {
      "type": "voucher", 
      "value": "Observatory",
      "label": "Observatory",
      "antes": [2, 3, 4, 5, 6]
    },
    {
      "type": "SoulJoker",
      "value": "Perkeo",
      "antes": [1, 2, 3, 4],
      "sources":{
        "packSlots": [0, 1, 2, 3]
      }
    },
    {
      "type": "Joker",
      "value": "Showman",
      "label": "Showman",
      "antes": [1, 2, 3, 4, 5]
    }
  ],
  "should": [
     {
      "type": "Joker",
      "value": "Blueprint",
      "label": "Blueprint",
      "sources": {
        "shopSlots": [0, 1, 2, 3, 4, 5, 6, 7, 8, 9, 10, 11, 12, 13, 14, 15],
        "packSlots": [0, 1, 2, 3, 4, 5]
      },
      "antes": [2, 3, 4, 5, 6, 7, 8],
      "score": 12
    },
    {
      "type": "Joker",
      "value": "Brainstorm",
      "label": "Brainstorm",
      "sources": {
        "shopSlots": [0, 1, 2, 3, 4, 5, 6, 7, 8, 9, 10, 11, 12, 13, 14, 15],
        "packSlots": [0, 1, 2, 3, 4, 5]
      },
      "antes": [2, 3, 4, 5, 6, 7, 8],
      "score": 11
    },
    {
      "type": "Joker",
      "value": "Blueprint",
      "edition": "Negative",
      "label": "Negative Blueprint",
      "sources": {
        "shopSlots": [0, 1, 2, 3, 4, 5, 6, 7, 8, 9, 10, 11, 12, 13, 14, 15],
        "packSlots": [0, 1, 2, 3, 4, 5]
      },
      "antes": [2, 3, 4, 5, 6, 7, 8],
      "score": 100
    },
    {
      "type": "Joker",
      "value": "Brainstorm",
      "edition": "Negative",
      "label": "Negative Brainstorm",
      "sources": {
        "shopSlots": [0, 1, 2, 3, 4, 5, 6, 7, 8, 9, 10, 11, 12, 13, 14, 15],
        "packSlots": [0, 1, 2, 3, 4, 5]
      },
      "antes": [2, 3, 4, 5, 6, 7, 8],
      "score": 100
    },
        {
      "type": "Joker",
      "value": "InvisibleJoker",
      "edition": "Negative",
      "label": "Negative Invisible Joker",
      "sources": {
        "shopSlots": [0, 1, 2, 3, 4, 5, 6, 7, 8, 9, 10, 11, 12, 13, 14, 15, 16, 17, 18, 19, 20, 21, 22, 23, 24, 25, 26, 27, 28, 29, 30, 31, 32, 33, 34],
        "packSlots": [0, 1, 2, 3, 4, 5]
      },
      "antes": [2, 3, 4, 5, 6, 7, 8],
      "score": 100
    },
    {
      "type": "SoulJoker",
      "value": "Perkeo",
      "edition": "negative",
      "label": "Negative Perkeo",
      "antes": [1, 2, 3, 4, 5, 6, 7, 8],
      "score": 100
    },
    {
      "type": "SoulJoker",
      "value": "any",
      "edition": "Negative",
      "label": "Negative Any SoulJoker",
      "antes": [1, 2, 3, 4, 5, 6, 7, 8],
      "score": 10
    },
       {
      "type": "Joker",
      "value": "any",
      "edition": "Negative",
      "label": "Negative Any Joker",
      "sources": {
        "shopSlots": [0, 1, 2, 3, 4, 5],
        "packSlots": [0, 1, 2, 3, 4, 5]
      },
      "antes": [2, 3, 4, 5, 6, 7, 8],
      "score": 1
    },
   {
      "type": "Joker",
      "value": "Showman",
      "edition": "Negative",
      "label": "Negative Showman",
      "sources": {
        "shopSlots": [0, 1, 2, 3, 4, 5, 6, 7, 8, 9, 10, 11, 12, 13, 14, 15, 16, 17, 18, 19, 20, 21, 22, 23, 24, 25, 26, 27, 28, 29, 30, 31],
        "packSlots": [0, 1, 2, 3, 4, 5]
      },
      "antes": [2, 3, 4, 5, 6, 7, 8],
      "score": 10
    },
    {
      "type": "Joker",
      "value": "InvisibleJoker",
      "label": "Invisible Joker",
      "sources": {
        "shopSlots": [0, 1, 2, 3, 4, 5, 6, 7, 8, 9, 10, 11, 12, 13, 14, 15, 16, 17, 18, 19, 20, 21, 22, 23, 24, 25, 26, 27, 28, 29, 30, 31],
        "packSlots": [0, 1, 2, 3, 4, 5]
      },
      "antes": [2, 3, 4, 5, 6, 7, 8]
    },
    {
      "type": "Joker",
      "value": "Blueprint",
      "edition": "Negative",
      "label": "Negative Blueprint (DEEP: 16-31)",
      "sources": {
        "shopSlots": [16, 17, 18, 19, 20, 21, 22, 23, 24, 25, 26, 27, 28, 29, 30, 31]
      },
      "antes": [6, 7, 8],
      "score": 100
    },
    {
      "type": "Joker",
      "value": "Brainstorm",
      "edition": "Negative",
      "label": "Negative Brainstorm (DEEP: 16-31)",
      "sources": {
        "shopSlots": [16, 17, 18, 19, 20, 21, 22, 23, 24, 25, 26, 27, 28, 29, 30, 31]
      },
      "antes": [6, 7, 8],
      "score": 100
    },
    {
      "type": "Joker",
      "value": "Blueprint",
      "edition": "Negative",
      "label": "Negative Blueprint (DEEP: 32-63)",
      "sources": {
        "shopSlots": [32, 33, 34, 35, 36, 37, 38, 39, 40, 41, 42, 43, 44, 45, 46, 47, 48, 49, 50, 51, 52, 53, 54, 55, 56, 57, 58, 59, 60, 61]
      },
      "antes": [6, 7, 8],
      "score": 88
    },
    {
      "type": "Joker",
      "value": "Brainstorm",
      "edition": "Negative",
      "label": "Negative Brainstorm (DEEP: 32-63)",
      "sources": {
        "shopSlots": [32, 33, 34, 35, 36, 37, 38, 39, 40, 41, 42, 43, 44, 45, 46, 47, 48, 49, 50, 51, 52, 53, 54, 55, 56, 57, 58, 59, 60, 61]
      },
      "antes": [6, 7, 8],
      "score": 88
    }
  ],
  "mustNot": []
}