{
  "name": "Perkolatio",
  "description": "Perkeo and Immolate on Ghost deck, with Canio and Pareidolia",
  "author": "pifreak",
  "deck": "Ghost",
  "stake": "White",
  "must": [
    {"type": "SmallBlindTag", "value": "NegativeTag", "antes": [4]},
    {"type": "Joker", "Edition": "NoEdition", "value": "Blueprint", "antes": [5], "shopSlots": [0,1]}
],
"should": [
    {"score": 1, "type": "Joker", "Edition": "NoEdition", "value": "Blueprint", "antes": [4], "shopSlots": [2,3,4,5]},
    {"score": 1, "type": "Joker", "Edition": "NoEdition", "value": "Blueprint", "antes": [4], "shopSlots": [6,7,8,9]},
    {"score": 1, "type": "Joker", "Edition": "NoEdition", "value": "Blueprint", "antes": [4], "shopSlots": [10,11,12,13]}
  ],
  "mustNot": []
}