{
  "name": "Plasmime",
  "description": "Ante 1 Skip Tag Perkeo, ",
  "author": "Speedblitz|#1photochadfan",
  "dateCreated": "2025-09-27T05:46:12.6691000Z",
  "must": [
    {
        "type": "SoulJoker",
        "Value": "Triboulet",
        "antes": [1,2,3,4,5]
    },
    {
        "type": "Joker",
        "Edition": "Negative",
        "Value": "Blueprint",
        "antes": [1,2,3,4,5]
    },
    {
        "type": "Joker",
        "Value": "OopsAll6s",
        "Edition": "Negative",
        "antes": [1,2,3,4,5]
    }
  ],
  "should": [
    {
        "type": "StandardCard",
        "Rank": "King",
        "Edition": "Polychrome",
        "Seal": "Red",
        "antes": [1,2,3,4,5]
    },
    {
        "type": "Joker",
        "Edition": "Negative",
        "Value": "Blueprint",
        "antes": [1,2,3,4,5]
    },
    {
        "type": "Joker",
        "Value": "LuckyCat",
        "antes": [1,2,3,4,5]
    },
    {
        "type": "Joker",
        "Value": "SockAndBuskin",
        "antes": [1,2,3,4,5]
    }
  ],

  "mustNot": [],
  "deck": "Plasma",
  "stake": "White"
}