{
  "name": "Chippington",
  "description": "Tons of chips for plasma deck",
  "author": "Crowbit",
  "dateCreated": "2025-10-05T05:46:12.6691000Z",
  "must": [
    {
        "type": "StandardCard",
        "Edition": "Polychrome",
        "Enhancement": "Stone",
        "Seal": "Red",
        "antes": [1]
    }
  ],
  "should": [
        {
        "type": "StandardCard",
        "Edition": "Polychrome",
        "Enhancement": "Stone",
        "Seal": "Red",
        "antes": [1,2,3,4,5,6,7,8]
    }
  ],

  "mustNot": [],
  "deck": "Plasma",
  "stake": "Black"
}