{
  "name": "Perkeo Observatory (Vectorized)",
  "description": "Telescope + Observatory vouchers + Perkeo soul joker with The Soul in antes 1-5",
  "author": "Claude Code",
  "must": [
    {
      "type": "Joker",
      "value": "Popcorn",
      "antes": [1]
    },
    {
      "type": "Joker",
      "value": "Showman",
      "antes": [1]
    }
  ],
  "should": [
    {
      "type": "SoulJoker",
      "value": "Perkeo",
      "antes": [1, 2, 3, 4, 5],
      "sources": {
        "packSlots": [0, 1, 2]
      }
    },
    {
      "type": "Joker",
      "value": "Popcorn",
      "antes": [1, 2, 3, 4, 5, 6, 7, 8]
    }
  ],
  "mustNot": [],
  "deck": "Red",
  "stake": "White"
}