{
  "name": "Rainbow Deck",
  "description": "Immolate your deck away usign the Perkeo and Immolate on Ghost Deck.",
  "author": "pifreak",
  "dateCreated": "2025-11-16T10:03:51.5874702Z",
  "deck": "Ghost",
  "stake": "white",
  "must": [
    {
      "type": "SoulJoker",
      "Value": "Perkeo",
      "Antes": [1],
      "packSlots": [1]
    },
    {
      "type": "SpectralCard",
      "Value": "Immolate",
      "Antes": [1],
      "shopSlots": [0, 1]
    },
    {
      "type": "Joker",
      "Values": ["Blueprint", "Brainstorm"],
      "Antes": [2, 3, 4, 5, 6]
    },
    {
      "type": "Joker",
      "Value": "DNA",
      "Antes": [2, 3, 4, 5, 6]
    }
  ],
  "should": [
    {
      "score": 2,
      "type": "TarotCard",
      "Value": "TheHangedMan",
      "Antes": [2, 3, 4]
    },
    {
      "score": 2,
      "type": "TarotCard",
      "Value": "Death",
      "Antes": [2, 3, 4]
    },
    {
      "score": 5,
      "type": "SpectralCard",
      "Value": "Immolate",
      "Antes": [1, 2, 3, 4]
    },
    {
      "score": 100,
      "type": "StandardCard",
      "Enhancement": "Stone",
      "Edition": "Polychrome",
      "antes": [2, 3, 4, 5, 6, 7, 8]
    },
    {
      "score": 109,
      "type": "StandardCard",
      "Enhancement": "Stone",
      "Edition": "Polychrome",
      "Seal": "Red",
      "antes": [2, 3, 4, 5, 6, 7, 8]
    },
    {
      "score": 101,
      "type": "StandardCard",
      "Enhancement": "Stone",
      "Edition": "Polychrome",
      "Seal": "Purple",
      "antes": [2, 3, 4, 5, 6, 7, 8]
    },
    {
      "score": 103,
      "type": "StandardCard",
      "Enhancement": "Stone",
      "Edition": "Polychrome",
      "Seal": "Blue",
      "antes": [2, 3, 4, 5, 6, 7, 8]
    }
  ],
  "mustNot": []
}
