{
    "name": "Rainbow",
    "description": "Find seeds with a hilarious amount of Polychrome anything!",
    "author": "pifreak",
    "must": [
        {"Type": "Joker", "Edition": "Polychrome", "value": "DNA", "antes": [1], "packSlots": [0]}
    ],
    "should": [
        {"score": 1, "Type": "SoulJoker", "Edition": "Polychrome", "Value": "Any", "antes": [1,2,3,4,5,6,7,8]},
        {"score": 1, "Type": "StandardCard", "Enhancement": "Stone", "Edition": "Polychrome", "antes": [1,2]},
        {"score": 1, "Type": "StandardCard", "Enhancement": "Stone", "Edition": "Polychrome", "antes": [1,2,3,4,5,6,7,8]},
        {"score": 1, "Type": "StandardCard", "Seal": "Red", "Enhancement": "Stone", "Edition": "Polychrome", "antes": [1,2,3,4,5,6,7,8]}
    ],
    "mustNot": [],
    "deck": "Red",
    "stake": "White"
}
