{
  "name": "Runner",
  "description": "Hi any chance of a negative or polychrome runner seed please?",
  "author": "jozbwfc",
  "must": [
    {"type": "Joker", "Edition": "Polychrome", "value": "Runner", "antes": [1], "packSlots": [0,1]},
],
"should": [
    {"score": 10, "type": "Joker", "value": "FourFingers", "antes": [1,2,3,4,5]},
    {"score": 10, "type": "Joker", "value": "Shortcut", "antes": [1,2,3,4,5]},
    {"score": 100, "type": "Joker", "Edition": "Negative", "value": "FourFingers", "antes": [1,2,3]},
    {"score": 100, "type": "Joker", "Edition": "Negative", "value": "Shortcut", "antes": [1,2,3]}
  ],
  "mustNot": [],
  "deck": "Plasma",
  "stake": "Black"
}