{
  "name": "neg bloodstone, neg dice, and BP or BS in the first 8 ante",
  "description": "neg bloodstone, neg dice, and BP or BS in the first 8 ante",
  "author": "SaharPanda",
  "dateCreated": "2025-09-27T06:21:15.3076655Z",
  "must": [
    {
      "type": "joker",
      "value": "Bloodstone",
      "edition": "Negative",
      "antes": [
        1
      ],
      "sources": {
        "packSlots": [
          0
        ]
      }
    },
    {
      "type": "joker",
      "value": "OopsAll6s",
      "edition": "Negative",
      "antes": [
        1
      ],
      "sources": {
        "packSlots": [
          1
        ]
      }
    }
  ],
  "should": [
    {
      "type": "joker",
      "value": "Blueprint",
      "antes": [
        1,
        2,
        3,
        4,
        5,
        6,
        7,
        8
      ],
      "sources": {
        "shopSlots": [
          0,
          1,
          2,
          3
        ],
        "packSlots": [
          0,
          1,
          2,
          3
        ]
      },
      "score": 1
    },
    {
      "type": "joker",
      "value": "Brainstorm",
      "antes": [
        1,
        2,
        3,
        4,
        5,
        6,
        7,
        8
      ],
      "sources": {
        "shopSlots": [
          0,
          1,
          2,
          3
        ],
        "packSlots": [
          0,
          1,
          2,
          3
        ]
      },
      "score": 1
    },
    {
      "type": "joker",
      "value": "InvisibleJoker",
      "antes": [
        1,
        2,
        3,
        4,
        5,
        6,
        7,
        8
      ],
      "sources": {
        "shopSlots": [
          0,
          1,
          2,
          3
        ],
        "packSlots": [
          0,
          1,
          2,
          3
        ]
      },
      "score": 1
    },
    {
      "type": "joker",
      "value": "Blueprint",
      "edition": "Negative",
      "antes": [
        1,
        2,
        3,
        4,
        5,
        6,
        7,
        8
      ],
      "sources": {
        "shopSlots": [
          0,
          1,
          2,
          3
        ],
        "packSlots": [
          0,
          1,
          2,
          3
        ]
      },
      "score": 1
    },
    {
      "type": "joker",
      "value": "Brainstorm",
      "edition": "Negative",
      "antes": [
        1,
        2,
        3,
        4,
        5,
        6,
        7,
        8
      ],
      "sources": {
        "shopSlots": [
          0,
          1,
          2,
          3
        ],
        "packSlots": [
          0,
          1,
          2,
          3
        ]
      },
      "score": 1
    }
  ],
  "mustNot": [],
  "deck": "Red",
  "stake": "White"
}