{
  "name": "Seals",
  "description": "So many seals baby",
  "author": "pifreak", 
  "dateCreated": "2025-10-13T00:00:00.000Z",
  "deck": "Green",
  "stake": "White",
  "must": [
    {"type": "Voucher", "value": "Hieroglyph", "antes": [1]},
    {"type": "Voucher", "value": "MagicTrick", "antes": [2,3,4]},
    {"type": "Voucher", "value": "Illusion", "antes": [3,4,5,6]},
    {"type": "Joker", "Value": "Blueprint", "Edition": "Negative", "antes": [0], "packSlots": [0,1]},
    {"type": "SoulJoker", "Value": "Perkeo", "Edition": "Negative", "antes": [1,2], "packSlots": [0,1,2,3]},
    {}
  ],
  "should": [
    {"type": "StandardCard", "Enhancement": "Glass", "Edition": "Polychrome", "Rank": "King", "Seal": "Red", "antes": [2,3,4,5,6,7,8], "packSlots": [0,1,2,3,4,5]},
    {"type": "Joker", "Edition": "Negative", "Values": ["HangingChad", "Photograph", "TradingCard", "Showman", "SockAndBuskin", "Astronomer", "Constellation"], "antes": [2,3,4,5,6,7,8], "packSlots": [0,1,2,3,4,5]},
    {"type": "Joker", "Value": "Showman", "antes": [0,1,2,3,4]},

    {"score": 100, "type": "Joker", "Edition": "Negative", "Value": "Showman", "antes": [1,2,3,4,5,6,7,8]},

    {"type": "And", "Clauses": [
      {"type": "SmallBlindTag", "Value": "NegativeTag", "antes": [2]},
      {"score": 100, "type": "Joker", "Values": ["OopsAll6s", "Burglar", "Blueprint", "Brainstorm"], "antes": [2], "sources": {"shopSlots": [2,3,4,5]}}
    ]},   
    
    {"type": "And", "Clauses": [
      {"type": "SmallBlindTag", "Value": "NegativeTag", "antes": [3]},
      {"score": 100, "type": "Joker", "Values": ["OopsAll6s", "Burglar", "Blueprint", "Brainstorm"], "antes": [3], "sources": {"shopSlots": [2,3,4,5]}}
    ]},

    {"type": "And", "Clauses": [
      {"type": "SmallBlindTag", "Value": "NegativeTag", "antes": [3]},
      {"score": 100, "type": "Joker", "Values": ["OopsAll6s", "Burglar", "Blueprint", "Brainstorm"], "antes": [3], "sources": {"shopSlots": [6,7,8,9]}}
    ]},
    
    {"type": "And", "Clauses": [
      {"type": "SmallBlindTag", "Value": "NegativeTag", "antes": [4]},
      {"score": 100, "type": "Joker", "Values": ["OopsAll6s", "Burglar", "Blueprint", "Brainstorm"], "antes": [4], "sources": {"shopSlots": [2,3,4,5]}}
    ]},
    
    {"type": "And", "Clauses": [
      {"type": "SmallBlindTag", "Value": "NegativeTag", "antes": [4]},
      {"score": 100, "type": "Joker", "Values": ["OopsAll6s", "Burglar", "Blueprint", "Brainstorm"], "antes": [4], "sources": {"shopSlots": [6,7,8,9]}}
    ]},
    
    {"type": "And", "Clauses": [
      {"type": "SmallBlindTag", "Value": "NegativeTag", "antes": [5]},
      {"score": 100, "type": "Joker", "Values": ["OopsAll6s", "Burglar", "Blueprint", "Brainstorm"], "antes": [5], "sources": {"shopSlots": [2,3,4,5]}}
    ]},
    
    {"type": "And", "Clauses": [
      {"type": "SmallBlindTag", "Value": "NegativeTag", "antes": [5]},
      {"score": 100, "type": "Joker", "Values": ["OopsAll6s", "Burglar", "Blueprint", "Brainstorm"], "antes": [5], "sources": {"shopSlots": [6,7,8,9]}}
    ]},
    
    {"type": "And", "Clauses": [
      {"type": "SmallBlindTag", "Value": "NegativeTag", "antes": [5]},
      {"score": 100, "type": "Joker", "Values": ["OopsAll6s", "Burglar", "Blueprint", "Brainstorm"], "antes": [5], "sources": {"shopSlots": [10,11,12,13]}}
    ]},
    
    {"type": "And", "Clauses": [
      {"type": "SmallBlindTag", "Value": "NegativeTag", "antes": [6]},
      {"score": 100, "type": "Joker", "Values": ["OopsAll6s", "Burglar", "Blueprint", "Brainstorm"], "antes": [6], "sources": {"shopSlots": [2,3,4,5]}}
    ]},
    
    {"type": "And", "Clauses": [
      {"type": "SmallBlindTag", "Value": "NegativeTag", "antes": [6]},
      {"score": 100, "type": "Joker", "Values": ["OopsAll6s", "Burglar", "Blueprint", "Brainstorm"], "antes": [6], "sources": {"shopSlots": [6,7,8,9]}}
    ]},
    
    {"type": "And", "Clauses": [
      {"type": "SmallBlindTag", "Value": "NegativeTag", "antes": [6]},
      {"score": 100, "type": "Joker", "Values": ["OopsAll6s", "Burglar", "Blueprint", "Brainstorm"], "antes": [6], "sources": {"shopSlots": [10,11,12,13]}}
    ]},
    
    {"type": "And", "Clauses": [
      {"type": "SmallBlindTag", "Value": "NegativeTag", "antes": [6]},
      {"score": 100, "type": "Joker", "Values": ["OopsAll6s", "Burglar", "Blueprint", "Brainstorm"], "antes": [6], "sources": {"shopSlots": [14,15,16,17]}}
    ]},
    
    {"type": "And", "Clauses": [
      {"type": "SmallBlindTag", "Value": "NegativeTag", "antes": [7]},
      {"score": 100, "type": "Joker", "Values": ["OopsAll6s", "Burglar", "Blueprint", "Brainstorm"], "antes": [7], "sources": {"shopSlots": [2,3,4,5]}}
    ]},
    
    {"type": "And", "Clauses": [
      {"type": "SmallBlindTag", "Value": "NegativeTag", "antes": [7]},
      {"score": 100, "type": "Joker", "Values": ["OopsAll6s", "Burglar", "Blueprint", "Brainstorm"], "antes": [7], "sources": {"shopSlots": [6,7,8,9]}}
    ]},
    
    {"type": "And", "Clauses": [
      {"type": "SmallBlindTag", "Value": "NegativeTag", "antes": [7]},
      {"score": 100, "type": "Joker", "Values": ["OopsAll6s", "Burglar", "Blueprint", "Brainstorm"], "antes": [7], "sources": {"shopSlots": [10,11,12,13]}}
    ]},
    
    {"type": "And", "Clauses": [
      {"type": "SmallBlindTag", "Value": "NegativeTag", "antes": [7]},
      {"score": 100, "type": "Joker", "Values": ["OopsAll6s", "Burglar", "Blueprint", "Brainstorm"], "antes": [7], "sources": {"shopSlots": [14,15,16,17]}}
    ]},
    
    {"type": "And", "Clauses": [
      {"type": "SmallBlindTag", "Value": "NegativeTag", "antes": [7]},
      {"score": 100, "type": "Joker", "Values": ["OopsAll6s", "Burglar", "Blueprint", "Brainstorm"], "antes": [7], "sources": {"shopSlots": [18,19,20,21]}}
    ]},
    
    {"type": "And", "Clauses": [
      {"type": "SmallBlindTag", "Value": "NegativeTag", "antes": [8]},
      {"score": 100, "type": "Joker", "Values": ["OopsAll6s", "Burglar", "Blueprint", "Brainstorm"], "antes": [8], "sources": {"shopSlots": [2,3,4,5]}}
    ]},
    
    {"type": "And", "Clauses": [
      {"type": "SmallBlindTag", "Value": "NegativeTag", "antes": [8]},
      {"score": 100, "type": "Joker", "Values": ["OopsAll6s", "Burglar", "Blueprint", "Brainstorm"], "antes": [8], "sources": {"shopSlots": [6,7,8,9]}}
    ]},
    
    {"type": "And", "Clauses": [
      {"type": "SmallBlindTag", "Value": "NegativeTag", "antes": [8]},
      {"score": 100, "type": "Joker", "Values": ["OopsAll6s", "Burglar", "Blueprint", "Brainstorm"], "antes": [8], "sources": {"shopSlots": [10,11,12,13]}}
    ]},
    
    {"type": "And", "Clauses": [
      {"type": "SmallBlindTag", "Value": "NegativeTag", "antes": [8]},
      {"score": 100, "type": "Joker", "Values": ["OopsAll6s", "Burglar", "Blueprint", "Brainstorm"], "antes": [8], "sources": {"shopSlots": [14,15,16,17]}}
    ]},
    
    {"type": "And", "Clauses": [
      {"type": "SmallBlindTag", "Value": "NegativeTag", "antes": [8]},
      {"score": 100, "type": "Joker", "Values": ["OopsAll6s", "Burglar", "Blueprint", "Brainstorm"], "antes": [8], "sources": {"shopSlots": [18,19,20,21]}}
    ]},
    
    {"type": "And", "Clauses": [
      {"type": "SmallBlindTag", "Value": "NegativeTag", "antes": [8]},
      {"score": 100, "type": "Joker", "Values": ["OopsAll6s", "Burglar", "Blueprint", "Brainstorm"], "antes": [8], "sources": {"shopSlots": [22,23,24,25]}}
    ]},

     {"type": "And", "Clauses": [
      {"type": "SmallBlindTag", "Value": "NegativeTag", "antes": [9]},
      {"score": 100, "type": "Joker", "Values": ["OopsAll6s", "Burglar", "Blueprint", "Brainstorm"], "antes": [9], "sources": {"shopSlots": [2,3,4,5]}}
    ]},

     {"type": "And", "Clauses": [
      {"type": "SmallBlindTag", "Value": "NegativeTag", "antes": [9]},
      {"score": 100, "type": "Joker", "Values": ["OopsAll6s", "Burglar", "Blueprint", "Brainstorm"], "antes": [9], "sources": {"shopSlots": [6,7,8,9]}}
    ]},
     {"type": "And", "Clauses": [
      {"type": "SmallBlindTag", "Value": "NegativeTag", "antes": [9]},
      {"score": 100, "type": "Joker", "Values": ["OopsAll6s", "Burglar", "Blueprint", "Brainstorm"], "antes": [9], "sources": {"shopSlots": [10,11,12,13]}}
    ]},
     {"type": "And", "Clauses": [
      {"type": "SmallBlindTag", "Value": "NegativeTag", "antes": [9]},
      {"score": 100, "type": "Joker", "Values": ["OopsAll6s", "Burglar", "Blueprint", "Brainstorm"], "antes": [9], "sources": {"shopSlots": [14,15,16,17]}}
    ]},
     {"type": "And", "Clauses": [
      {"type": "SmallBlindTag", "Value": "NegativeTag", "antes": [9]},
      {"score": 100, "type": "Joker", "Values": ["OopsAll6s", "Burglar", "Blueprint", "Brainstorm"], "antes": [9], "sources": {"shopSlots": [18,19,20,21]}}
    ]},
     {"type": "And", "Clauses": [
      {"type": "SmallBlindTag", "Value": "NegativeTag", "antes": [9]},
      {"score": 100, "type": "Joker", "Values": ["OopsAll6s", "Burglar", "Blueprint", "Brainstorm"], "antes": [9], "sources": {"shopSlots": [22,23,24,25]}}
    ]},

    {"type": "And", "Clauses": [
      {"type": "SmallBlindTag", "Value": "NegativeTag", "antes": [10]},
      {"score": 100, "type": "Joker", "Values": ["OopsAll6s", "Burglar", "Blueprint", "Brainstorm"], "antes": [10], "sources": {"shopSlots": [2,3,4,5]}}
    ]},

     {"type": "And", "Clauses": [
      {"type": "SmallBlindTag", "Value": "NegativeTag", "antes": [10]},
      {"score": 100, "type": "Joker", "Values": ["OopsAll6s", "Burglar", "Blueprint", "Brainstorm"], "antes": [10], "sources": {"shopSlots": [6,7,8,9]}}
    ]},
     {"type": "And", "Clauses": [
      {"type": "SmallBlindTag", "Value": "NegativeTag", "antes": [10]},
      {"score": 100, "type": "Joker", "Values": ["OopsAll6s", "Burglar", "Blueprint", "Brainstorm"], "antes": [10], "sources": {"shopSlots": [10,11,12,13]}}
    ]},
     {"type": "And", "Clauses": [
      {"type": "SmallBlindTag", "Value": "NegativeTag", "antes": [10]},
      {"score": 100, "type": "Joker", "Values": ["OopsAll6s", "Blueprint", "Brainstorm"], "antes": [10], "sources": {"shopSlots": [14,15,16,17]}}
    ]},
     {"type": "And", "Clauses": [
      {"type": "SmallBlindTag", "Value": "NegativeTag", "antes": [10]},
      {"score": 100, "type": "Joker", "Values": ["Blueprint", "Brainstorm"], "antes": [10], "sources": {"shopSlots": [18,19,20,21]}}
    ]},
    {"type": "And", "Clauses": [
      {"type": "SmallBlindTag", "Value": "NegativeTag", "antes": [10]},
      {"score": 100, "type": "Joker", "Values": ["Blueprint", "Brainstorm"], "antes": [10], "sources": {"shopSlots": [22,23,24,25]}}
    ]},

    {"type": "And", "Clauses": [
      {"type": "SmallBlindTag", "Value": "NegativeTag", "antes": [11]},
      {"score": 100, "type": "Joker", "Values": ["Blueprint", "Brainstorm"], "antes": [11], "sources": {"shopSlots": [2,3,4,5,6,7,8,9,10,11]}}
    ]},

    {"score": 100, "type": "Joker", "Edition": "Negative", "Values": ["Blueprint", "Brainstorm"], "antes": [2], "sources": {"minShopSlot": 0, "maxShopSlot": 10}},
    {"score": 100, "type": "Joker", "Edition": "Negative", "Values": ["Blueprint", "Brainstorm"], "antes": [3], "sources": {"minShopSlot": 0, "maxShopSlot": 25}},
    {"score": 100, "type": "Joker", "Edition": "Negative", "Values": ["Blueprint", "Brainstorm"], "antes": [4], "sources": {"minShopSlot": 0, "maxShopSlot": 50}},
    {"score": 100, "type": "Joker", "Edition": "Negative", "Values": ["Blueprint", "Brainstorm"], "antes": [5], "sources": {"minShopSlot": 0, "maxShopSlot": 100}},
    {"score": 100, "type": "Joker", "Edition": "Negative", "Values": ["Blueprint", "Brainstorm"], "antes": [6], "sources": {"minShopSlot": 0, "maxShopSlot": 200}},
    {"score": 100, "type": "Joker", "Edition": "Negative", "Values": ["Blueprint", "Brainstorm"], "antes": [7], "sources": {"minShopSlot": 0, "maxShopSlot": 250}},
    {"score": 100, "type": "Joker", "Edition": "Negative", "Values": ["Blueprint", "Brainstorm"], "antes": [8], "sources": {"minShopSlot": 0, "maxShopSlot": 500}},
    {"score": 100, "type": "Joker", "Edition": "Negative", "Values": ["Blueprint", "Brainstorm"], "antes": [9], "sources": {"minShopSlot": 0, "maxShopSlot": 750}},
    {"score": 55, "type": "Joker", "Edition": "Negative", "Values": ["Blueprint", "Brainstorm"], "antes": [11], "sources": {"minShopSlot": 0, "maxShopSlot": 1000}}



        



    
  ],
  "mustNot": []
}