{
  "name": "Sergio",
  "description": "Canio + Perkeo souls, Oops All 6s in ante 1, Ankh spectral",
  "author": "pifreak",
  "Deck": "Red",
  "Stake": "White",
  "must": [
    {
      "type": "SoulJoker",
      "Edition": "Negative",
      "antes": [1, 2, 3]
    },
    {
      "type": "SoulJoker",
      "value": "Canio",
      "antes": [1, 2, 3]
    },
    {
      "type": "Joker",
      "value": "OopsAll6s",
      "antes": [1],
      "sources": {
        "packSlots": [0, 1],
        "shopSlots": [0, 1, 2, 3]
      }
    }
  ],
  "should": [
    {
      "type": "Joker",
      "value": "OopsAll6s",
      "edition": "Negative",
      "antes": [1],
      "sources": {
        "packSlots": [0]
      }
    },
    {
      "type": "Joker",
      "value": "Blueprint",
      "edition": "Negative",
      "antes": [1],
      "sources": {
        "packSlots": [1]
      }
    },
    {
      "type": "Joker",
      "value": "Brainstorm",
      "edition": "Negative",
      "antes": [1],
      "sources": {
        "packSlots": [1]
      }
    },
    {
      "type": "SpectralCard",
      "value": "Ankh",
      "antes": [1],
      "sources": {
        "packSlots": [1, 2, 3]
      }
    },
    {
      "type": "SpectralCard",
      "value": "Ankh",
      "antes": [1],
      "sources": {
        "packSlots": [2]
      }
    },
    {
      "type": "SoulJoker",
      "value": "Canio",
      "edition": "Negative",
      "antes": [1, 2, 3, 4, 5, 6, 7, 8]
    },
    {
      "type": "SoulJoker",
      "value": "Perkeo",
      "edition": "Negative",
      "antes": [2, 3]
    }
  ],
  "mustNot": []
}
