{
  "name": "Shopping Spree",
  "description": "Hella Coupon Tags Yo. Some (FREE) money starter kit too of course!",
  "author": "pifreak", 
  "dateCreated": "2025-10-13T00:00:00.000Z",
  "deck": "Green",
  "stake": "White",
  "must": [
      {"type": "SoulJoker", "Value": "Perkeo", "Edition": "Negative", "antes": [1], "packSlots": [1]},
      {"type": "Joker", "Value": "Showman", "Edition": "Negative", "antes": [1], "packSlots": [0]}
],
"should": [
    {"type": "Joker", "Value": "Blueprint", "Edition": "Negative", "antes": [1,2,3,4,5,6,7,8]},
    {"type": "SoulJoker", "Value": "Perkeo", "Edition": "Negative", "antes": [1,2,3,4,5,6,7,8]}
  ],
  "mustNot": []
}