{
  "name": "SickStart",
  "description": "A sick as hell start",
  "author": "pifreak",
  "must": [
    {"type": "smallBlindTag", "value": "NegativeTag", "antes": [2,3,4,5,6,7,8]},
    {"type": "SoulJoker", "Value": "Perkeo", "antes": [1,2,3], "sources": {"packSlots": [0,1,2,3], "requireMega": true}},
    {"type": "Joker", "Value": "Showman", "antes": [1,2,3,4], "sources": {"packSlots": [0,1,2,3,4], "shopSlots": [0,1,2,3]}},
    {"type": "Voucher", "Value": "Telescope", "Antes": [1,2,3,4,5,6,7]},
    {"type": "Voucher", "Value": "Observatory", "Antes": [2,3,4,5,6,7,8]}
],
"should": [
    {"score": 9, "edition": "Negative", "type": "SoulJoker", "Value": "Perkeo", "antes": [1,2,3], "sources": {"packSlots": [0,1,2,3], "requireMega": true}},
    {"score": 9, "edition": "Negative", "type": "Joker", "Value": "Showman", "antes": [1,2], "sources": {"packSlots": [0], "shopSlots": [0,1,2,3]}},
    {"score": 10, "edition": "Negative", "type": "Joker", "Values": ["Blueprint", "Brainstorm", "InvisibleJoker"], "antes": [1,2,3,4,5,6,7,8], "sources": {"packSlots": [1], "requireMega": true}},

    {"score": 9, "type": "And", "clauses": [
        {"type": "smallBlindTag", "value": "NegativeTag", "antes": [2]},
        {"type": "Joker", "value": "Blueprint", "antes": [2], "sources": {"minShopSlot": 2, "maxShopSlot": 6}}
    ]},
    {"score": 9, "type": "And", "clauses": [
        {"type": "smallBlindTag", "value": "NegativeTag", "antes": [3]},
        {"type": "Joker", "value": "Blueprint", "antes": [3], "sources": {"minShopSlot": 2, "maxShopSlot": 8}}
    ]},
    {"score": 9, "type": "And", "clauses": [
        {"type": "smallBlindTag", "value": "NegativeTag", "antes": [4]},
        {"type": "Joker", "value": "Blueprint", "antes": [4], "sources": {"minShopSlot": 2, "maxShopSlot": 15}}
    ]},
    {"score": 9, "type": "And", "clauses": [
        {"type": "smallBlindTag", "value": "NegativeTag", "antes": [5]},
        {"type": "Joker", "value": "Blueprint", "antes": [5], "sources": {"minShopSlot": 2, "maxShopSlot": 16}}
    ]},
    {"score": 9, "type": "And", "clauses": [
        {"type": "smallBlindTag", "value": "NegativeTag", "antes": [6]},
        {"type": "Joker", "value": "Blueprint", "antes": [6], "sources": {"minShopSlot": 2, "maxShopSlot": 17}}
    ]},
    {"score": 9, "type": "And", "clauses": [
        {"type": "smallBlindTag", "value": "NegativeTag", "antes": [7]},
        {"type": "Joker", "value": "Blueprint", "antes": [7], "sources": {"minShopSlot": 2, "maxShopSlot": 18}}
    ]},
    {"score": 9, "type": "And", "clauses": [
        {"type": "smallBlindTag", "value": "NegativeTag", "antes": [8]},
        {"type": "Joker", "value": "Blueprint", "antes": [8], "sources": {"minShopSlot": 2, "maxShopSlot": 19}}
    ]},



    {"score": 7, "type": "And", "clauses": [
        {"type": "smallBlindTag", "value": "NegativeTag", "antes": [2]},
        {"type": "Joker", "value": "Brainstorm", "antes": [2], "sources": {"minShopSlot": 2, "maxShopSlot": 6}}
    ]},
    {"score": 7, "type": "And", "clauses": [
        {"type": "smallBlindTag", "value": "NegativeTag", "antes": [3]},
        {"type": "Joker", "value": "Brainstorm", "antes": [3], "sources": {"minShopSlot": 2, "maxShopSlot": 8}}
    ]},
    {"score": 7, "type": "And", "clauses": [
        {"type": "smallBlindTag", "value": "NegativeTag", "antes": [4]},
        {"type": "Joker", "value": "Brainstorm", "antes": [4], "sources": {"minShopSlot": 2, "maxShopSlot": 15}}
    ]},
    {"score": 7, "type": "And", "clauses": [
        {"type": "smallBlindTag", "value": "NegativeTag", "antes": [5]},
        {"type": "Joker", "value": "Brainstorm", "antes": [5], "sources": {"minShopSlot": 2, "maxShopSlot": 16}}
    ]},
    {"score": 7, "type": "And", "clauses": [
        {"type": "smallBlindTag", "value": "NegativeTag", "antes": [6]},
        {"type": "Joker", "value": "Brainstorm", "antes": [6], "sources": {"minShopSlot": 2, "maxShopSlot": 17}}
    ]},
    {"score": 7, "type": "And", "clauses": [
        {"type": "smallBlindTag", "value": "NegativeTag", "antes": [7]},
        {"type": "Joker", "value": "Brainstorm", "antes": [7], "sources": {"minShopSlot": 2, "maxShopSlot": 18}}
    ]},
    {"score": 7, "type": "And", "clauses": [
        {"type": "smallBlindTag", "value": "NegativeTag", "antes": [8]},
        {"type": "Joker", "value": "Brainstorm", "antes": [8], "sources": {"minShopSlot": 2, "maxShopSlot": 19}}
    ]},


    {"score": 10, "type": "And", "clauses": [
        {"type": "smallBlindTag", "value": "NegativeTag", "antes": [2]},
        {"type": "Joker", "value": "OopsAll6s", "antes": [2], "sources": {"minShopSlot": 2, "maxShopSlot": 6}}
    ]},
    {"score": 10, "type": "And", "clauses": [
        {"type": "smallBlindTag", "value": "NegativeTag", "antes": [3]},
        {"type": "Joker", "value": "OopsAll6s", "antes": [3], "sources": {"minShopSlot": 2, "maxShopSlot": 8}}
    ]},
    {"score": 10, "type": "And", "clauses": [
        {"type": "smallBlindTag", "value": "NegativeTag", "antes": [4]},
        {"type": "Joker", "value": "OopsAll6s", "antes": [4], "sources": {"minShopSlot": 2, "maxShopSlot": 15}}
    ]},
    {"score": 10, "type": "And", "clauses": [
        {"type": "smallBlindTag", "value": "NegativeTag", "antes": [5]},
        {"type": "Joker", "value": "OopsAll6s", "antes": [5], "sources": {"minShopSlot": 2, "maxShopSlot": 16}}
    ]},
    {"score": 10, "type": "And", "clauses": [
        {"type": "smallBlindTag", "value": "NegativeTag", "antes": [6]},
        {"type": "Joker", "value": "OopsAll6s", "antes": [6], "sources": {"minShopSlot": 2, "maxShopSlot": 17}}
    ]},
    {"score": 10, "type": "And", "clauses": [
        {"type": "smallBlindTag", "value": "NegativeTag", "antes": [7]},
        {"type": "Joker", "value": "OopsAll6s", "antes": [7], "sources": {"minShopSlot": 2, "maxShopSlot": 18}}
    ]},
    {"score": 10, "type": "And", "clauses": [
        {"type": "smallBlindTag", "value": "NegativeTag", "antes": [8]},
        {"type": "Joker", "value": "OopsAll6s", "antes": [8], "sources": {"minShopSlot": 2, "maxShopSlot": 19}}
    ]}
    
  ],
  "mustNot": [],
  "deck": "Ghost",
  "stake": "White"
}