{
  "name": "simple-neg-perkeo",
  "description": "Just find Negative Perkeo",
  "author": "test",
  "must": [
    {
      "type": "souljoker",
      "value": "Perkeo",
      "edition": "Negative",
      "antes": [1],
      "sources": {
        "packSlots": [1]
      }
    },
    {
      "type": "joker",
      "value": "OopsAll6s",
      "antes": [1],
      "sources": {
        "packSlots": [0]
      }
    },
    {
      "type": "spectralcard",
      "value": "ankh",
      "antes": [1],
      "requireMega": true
    }
  ],
  "should": [
    {
      "type": "souljoker",
      "value": "Perkeo",
      "edition": "Negative",
      "antes": [1,2,3,4,5,6,7,8]
    },
        {
      "type": "joker",
      "value": "Blueprint",
      "edition": "Negative",
      "antes": [1,2,3,4,5,6,7,8],
      "sources": {
        "packSlots": [0,1,2,3,4,5],
        "shopSlots": [0,1,2,3,4,5,6,7,8,9,10,11,12,13,14,15,16,17,18,19,20,21,22,23,24,25,26,27,28,29,30,31]
      }
    },
    {
      "type": "joker",
      "value": "Brainstorm",
      "edition": "Negative",
      "antes": [1,2,3,4,5,6,7,8],
      "sources": {
        "packSlots": [0,1,2,3,4,5],
        "shopSlots": [0,1,2,3,4,5,6,7,8,9,10,11,12,13,14,15,16,17,18,19,20,21,22,23,24,25,26,27,28,29,30,31]
      }
    }
    
  ],
  "mustNot": [],
  "deck": "Ghost",
  "stake": "White"
}