{
  "name": "Simple Voucher Test",
  "description": "Test Telescope + Observatory",
  "author": "Test", 
  "dateCreated": "2025-09-05T00:00:00.000Z",
  "deck": "Red",
  "stake": "White",
  "must": [
    {
      "type": "Voucher",
      "value": "Telescope",
      "antes": [1,2]
    },
    {
      "type": "Voucher",
      "value": "Observatory",
      "antes": [2,3]
    }
  ],
  "should": [
    {
      "type": "Voucher",
      "value": "Telescope",
      "antes": [1,2],
      "score": 1
    },
    {
      "type": "Voucher",
      "value": "Observatory",
      "antes": [2,3],
      "score": 1
    }
  ],
  "mustNot": []
}