{
  "name": "Wee Poly Hack",
  "description": "Wee Joker, Polychrome 2, Hack",
  "author": "AmethystSplinter",
  "dateCreated": "2025-10-24T05:46:12.6691000Z",
  "must": [
        {
        "type": "StandardCard",
        "Rank": "Two",
        "Edition": "Polychrome",
        "Enhancement": "Glass",
        "antes": [1,2,3,4,5,6,7,8]
    },
    {"type": "joker", "Value": "OopsAll6s", "antes":[1,2,3,4,5,6,7,8,9]},
    {"type": "joker", "Value": "Blueprint", "antes":[1,2,3,4,5,6,7,8,9]},
    {
        "type": "Joker",
        "value": "WeeJoker",
        "antes": [1]
    },
    {
        "type": "Joker",
        "value": "Hack",
        "antes": [1,2]
    },
    {
        "type": "StandardCard",
        "Rank": "Two",
        "Edition": "Polychrome",
        "antes": [1,2,3,4]
    }
  ],
  "should": [
    {"type": "joker", "Value": "OopsAll6s", "Edition": "Negative", "antes":[1,2,3,4,5,6,7,8,9]},
        {
        "type": "StandardCard",
        "Rank": "Two",
        "Edition": "Polychrome",
        "antes": [1]
    },
        {
        "type": "StandardCard",
        "Rank": "Two",
        "Edition": "Polychrome",
        "antes": [2]
    },
        {
        "type": "StandardCard",
        "Rank": "Two",
        "Edition": "Polychrome",
        "antes": [3]
    },
        {
        "type": "StandardCard",
        "Rank": "Two",
        "Edition": "Polychrome",
        "antes": [4]
    },
    {
        "type": "StandardCard",
        "Rank": "Two",
        "Edition": "Polychrome",
        "Enhancement": "Lucky",
        "antes": [1,2,3,4,5,6,7,8]
    },
    {
        "type": "StandardCard",
        "Rank": "Two",
        "Edition": "Polychrome",
        "Enhancement": "Glass",
        "antes": [1,2,3,4,5,6,7,8]
    },
    {
        "type": "StandardCard",
        "Rank": "Two",
        "Edition": "Polychrome",
        "Seal": "Red",
        "antes": [1,2,3,4,5,6,7,8]
    }
  ],
  "mustNot": []
}