{
    "name": "SkipTagAnte2BlueprintAnte2",
    "description": "BNegative Skip Tag Ante 2 lands on a Blueprint",
    "author": "pifreak",
    "must": [
        {
            "type": "smallblindtag",
            "value": "negativetag",
            "Antes": [2]
        },
        {
            "type": "souljoker",
            "value": "perkeo",
            "Antes": [3,4,5]
        },
        {
            "type": "joker",
            "value": "showman",
            "Antes": [2],
            "sources": {
                "shopSlots": [0,1],
                "packSlots": [0,1]
            }
        }
    ],
    "should": [
        {
            "type": "joker",
            "value": "HangingChad",
            "Antes": [2],
            "sources": {
                "shopSlots": [2,3]
            },
            "score": 1
        },
        {
            "type": "joker",
            "value": "Photograph",
            "Antes": [2],
            "sources": {
                "shopSlots": [2,3]
            },
            "score": 1
        },
        {
            "type": "joker",
            "value": "Blueprint",
            "Antes": [2],
            "sources": {
                "shopSlots": [2,3]
            },
            "score": 2
        },
                {
            "type": "joker",
            "value": "Brainstorm",
            "Antes": [2],
            "sources": {
                "shopSlots": [2,3]
            },
            "score": 2
        }
    ],
    "mustNot": [],
    "deck": "Red",
    "stake": "White"
}