{
  "name": "AncientJoker Ripper",
  "description": "could you find a seed that gives you an ancient joker and some copiers with an ankh and a dusk to retrigger",
  "author": "Sneed",
  "dateCreated": "2025-08-16T05:46:12.6691000Z",
  "must": [
    {
        "type":"SmallBlindTag",
        "value": "CouponTag"
    },
    {
        "type": "joker",
        "value": "Dusk",
        "antes": [1],
        "sources": {
            "shopSlots": [0,1],
            "packSlots": [0]
        }
    },
    {
      "type": "spectralcard",
      "value": "ankh",
      "sources": {
        "packSlots": [1],
        "requireMega": true
      },
      "antes": [1]
    }
  ],
  "should": [
    {
        "type": "joker",
        "value": "AncientJoker",
        "antes": [1],
        "sources": {
            "shopSlots": [0,1],
            "packSlots": [0]
        },
        "score": 100
    },
    {
        "type": "joker",
        "value": "AncientJoker",
        "antes": [2,3],
        "sources": {
            "shopSlots": [0,1,2,3],
            "packSlots": [0,1,2,3,4,5]
        },
        "score": 100
    }
  ],
  "mustNot": [],
  "scoring": {
    "type": "sum"
  }
}