{
  "name": "Perkeo Observatory (Native Match)",
  "description": "Exact 1:1 match of native PerkeoObservatoryDesc - Telescope + Observatory + Perkeo",
  "author": "Claude Code", 
  "dateCreated": "2025-10-11T00:00:00.000Z",
  "deck": "Ghost",
  "stake": "White",
  "must": [
    {"type": "souljoker", "value": "perkeo", "antes": [1,2]},
    {"type": "spectralcard", "value": "ankh", "antes": [1,2], "shopSlots": [0,1,2,3,4,5]},
    {"type": "joker", "value": "dietcola", "antes": [1,2,3,4,5,6]},
    {"type": "joker", "value": "Showman", "antes": [1,2,3,4,5,6]}

  ],
  "should": [
     {"type": "joker", "value": "dietcola", "antes": [1,2,3,4,5,6,7,8]}
    ,{"type": "spectralcard", "value": "ankh", "antes": [1,2,3,4,5,6,7,8], "sources": {"shopSlots": [0,1,2,3,4,5,6,7,8,9,10]}}
    ,{"score": 10, "type": "Joker",  "sources": {"shopSlots":  [  2, 3, 4, 5, 6, 7]},       "values": ["Seltzer", "TurtleBean", "DietCola", "Pareidolia", "ReservedParking", "BusinessCard", "Baron", "Mime", "Juggler", "Drunkard", "Brainstorm", "LuckyCat", "OopsAll6s", "SockAndBuskin", "Photograph", "TheIdol", "TradingCard", "Splash", "BusinessCard", "DNA", "ChaosTheClown", "CreditCard", "RoughGem", "Dusk", "Cloud9", "Blueprint"], "antes": [7]}
    ,{"score": 10, "type": "Joker",  "sources": {"shopSlots":  [  7, 8, 9,10,11,12]},       "values": ["Seltzer", "TurtleBean", "DietCola", "Pareidolia", "ReservedParking", "BusinessCard", "Baron", "Mime", "Juggler", "Drunkard", "Brainstorm", "LuckyCat", "OopsAll6s", "SockAndBuskin", "Photograph", "TheIdol", "TradingCard", "Splash", "BusinessCard", "DNA", "ChaosTheClown", "CreditCard", "RoughGem", "Dusk", "Cloud9", "Blueprint"], "antes": [7]}
    ,{"score": 10, "type": "Joker",  "sources": {"shopSlots":  [ 12,13,14,15,16,17]},       "values": ["Seltzer", "TurtleBean", "DietCola", "Pareidolia", "ReservedParking", "BusinessCard", "Baron", "Mime", "Juggler", "Drunkard", "Brainstorm", "LuckyCat", "OopsAll6s", "SockAndBuskin", "Photograph", "TheIdol", "TradingCard", "Splash", "BusinessCard", "DNA", "ChaosTheClown", "CreditCard", "RoughGem", "Dusk", "Cloud9", "Blueprint"], "antes": [7]}
    ,{"score": 10, "type": "Joker",  "sources": {"shopSlots":  [ 17,18,19,20,21,22]},       "values": ["Seltzer", "TurtleBean", "DietCola", "Pareidolia", "ReservedParking", "BusinessCard", "Baron", "Mime", "Juggler", "Drunkard", "Brainstorm", "LuckyCat", "OopsAll6s", "SockAndBuskin", "Photograph", "TheIdol", "TradingCard", "Splash", "BusinessCard", "DNA", "ChaosTheClown", "CreditCard", "RoughGem", "Dusk", "Cloud9", "Blueprint"], "antes": [7]}
    ,{"score": 10, "type": "Joker",  "sources": {"shopSlots":  [ 23,24,25,26,27,28]},       "values": ["Seltzer", "TurtleBean", "DietCola", "Pareidolia", "ReservedParking", "BusinessCard", "Baron", "Mime", "Juggler", "Drunkard", "Brainstorm", "LuckyCat", "OopsAll6s", "SockAndBuskin", "Photograph", "TheIdol", "TradingCard", "Splash", "BusinessCard", "DNA", "ChaosTheClown", "CreditCard", "RoughGem", "Dusk", "Cloud9", "Blueprint"], "antes": [7]}
    ,{"score": 10, "type": "Joker",  "sources": {"shopSlots":  [ 28,29,30,31,32,33]},       "values": ["Seltzer", "TurtleBean", "DietCola", "Pareidolia", "ReservedParking", "BusinessCard", "Baron", "Mime", "Juggler", "Drunkard", "Brainstorm", "LuckyCat", "OopsAll6s", "SockAndBuskin", "Photograph", "TheIdol", "TradingCard", "Splash", "BusinessCard", "DNA", "ChaosTheClown", "CreditCard", "RoughGem", "Dusk", "Cloud9", "Blueprint"], "antes": [7]}
    ,{"score": 10, "type": "Joker",  "sources": {"shopSlots":  [ 33,34,35,36,37,38]},       "values": ["Seltzer", "TurtleBean", "DietCola", "Pareidolia", "ReservedParking", "BusinessCard", "Baron", "Mime", "Juggler", "Drunkard", "Brainstorm", "LuckyCat", "OopsAll6s", "SockAndBuskin", "Photograph", "TheIdol", "TradingCard", "Splash", "BusinessCard", "DNA", "ChaosTheClown", "CreditCard", "RoughGem", "Dusk", "Cloud9", "Blueprint"], "antes": [7]}
    ,{"score": 10, "type": "Joker",  "sources": {"shopSlots":  [ 38,39,40,41,42,43]},       "values": ["Seltzer", "TurtleBean", "DietCola", "Pareidolia", "ReservedParking", "BusinessCard", "Baron", "Mime", "Juggler", "Drunkard", "Brainstorm", "LuckyCat", "OopsAll6s", "SockAndBuskin", "Photograph", "TheIdol", "TradingCard", "Splash", "BusinessCard", "DNA", "ChaosTheClown", "CreditCard", "RoughGem", "Dusk", "Cloud9", "Blueprint"], "antes": [7]}
    ,{"score": 10, "type": "Joker",  "sources": {"shopSlots":  [ 43,44,45,46,47,48]},       "values": ["Seltzer", "TurtleBean", "DietCola", "Pareidolia", "ReservedParking", "BusinessCard", "Baron", "Mime", "Juggler", "Drunkard", "Brainstorm", "LuckyCat", "OopsAll6s", "SockAndBuskin", "Photograph", "TheIdol", "TradingCard", "Splash", "BusinessCard", "DNA", "ChaosTheClown", "CreditCard", "RoughGem", "Dusk", "Cloud9", "Blueprint"], "antes": [7]}
    ,{"score": 10, "type": "Joker",  "sources": {"shopSlots":  [ 48,49,50,51,52,53]},       "values": ["Seltzer", "TurtleBean", "DietCola", "Pareidolia", "ReservedParking", "BusinessCard", "Baron", "Mime", "Juggler", "Drunkard", "Brainstorm", "LuckyCat", "OopsAll6s", "SockAndBuskin", "Photograph", "TheIdol", "TradingCard", "Splash", "BusinessCard", "DNA", "ChaosTheClown", "CreditCard", "RoughGem", "Dusk", "Cloud9", "Blueprint"], "antes": [7]}
    ,{"score": 10, "type": "Joker",  "sources": {"shopSlots":  [ 53,54,55,56,57,58]},       "values": ["Seltzer", "TurtleBean", "DietCola", "Pareidolia", "ReservedParking", "BusinessCard", "Baron", "Mime", "Juggler", "Drunkard", "Brainstorm", "LuckyCat", "OopsAll6s", "SockAndBuskin", "Photograph", "TheIdol", "TradingCard", "Splash", "BusinessCard", "DNA", "ChaosTheClown", "CreditCard", "RoughGem", "Dusk", "Cloud9", "Blueprint"], "antes": [7]}
    ,{"score": 10, "type": "Joker",  "sources": {"shopSlots":  [ 58,59,60,61,62,63]},       "values": ["Seltzer", "TurtleBean", "DietCola", "Pareidolia", "ReservedParking", "BusinessCard", "Baron", "Mime", "Juggler", "Drunkard", "Brainstorm", "LuckyCat", "OopsAll6s", "SockAndBuskin", "Photograph", "TheIdol", "TradingCard", "Splash", "BusinessCard", "DNA", "ChaosTheClown", "CreditCard", "RoughGem", "Dusk", "Cloud9", "Blueprint"], "antes": [7]}
    
    ,{"score": 0, "type": "Joker", "Value": "AnyUncommon"}

    ,{"score": 69, "type": "Joker",  "sources": {"shopSlots":  [  2, 3, 4, 5, 6, 7]},       "values": ["Brainstorm","Blueprint"], "antes": [7]}
    ,{"score": 69, "type": "Joker",  "sources": {"shopSlots":  [  7, 8, 9,10,11,12]},       "values": ["Brainstorm","Blueprint"], "antes": [7]}
    ,{"score": 69, "type": "Joker",  "sources": {"shopSlots":  [ 12,13,14,15,16,17]},       "values": ["Brainstorm","Blueprint"], "antes": [7]}
    ,{"score": 69, "type": "Joker",  "sources": {"shopSlots":  [ 17,18,19,20,21,22]},       "values": ["Brainstorm","Blueprint"], "antes": [7]}
    ,{"score": 69, "type": "Joker",  "sources": {"shopSlots":  [ 23,24,25,26,27,28]},       "values": ["Brainstorm","Blueprint"], "antes": [7]}
    ,{"score": 69, "type": "Joker",  "sources": {"shopSlots":  [ 28,29,30,31,32,33]},       "values": ["Brainstorm","Blueprint"], "antes": [7]}
    ,{"score": 69, "type": "Joker",  "sources": {"shopSlots":  [ 33,34,35,36,37,38]},       "values": ["Brainstorm","Blueprint"], "antes": [7]}
    ,{"score": 69, "type": "Joker",  "sources": {"shopSlots":  [ 38,39,40,41,42,43]},       "values": ["Brainstorm","Blueprint"], "antes": [7]}
    ,{"score": 69, "type": "Joker",  "sources": {"shopSlots":  [ 43,44,45,46,47,48]},       "values": ["Brainstorm","Blueprint"], "antes": [7]}
    ,{"score": 69, "type": "Joker",  "sources": {"shopSlots":  [ 48,49,50,51,52,53]},       "values": ["Brainstorm","Blueprint"], "antes": [7]}
    ,{"score": 69, "type": "Joker",  "sources": {"shopSlots":  [ 53,54,55,56,57,58]},       "values": ["Brainstorm","Blueprint"], "antes": [7]}
    ,{"score": 69, "type": "Joker",  "sources": {"shopSlots":  [ 58,59,60,61,62,63]},       "values": ["Brainstorm","Blueprint"], "antes": [7]}

    ,{"score": 0, "type": "Joker", "Value": "AnyCommon"}


    ,{"score": 42, "type": "Joker",  "sources": {"shopSlots":  [  2, 3, 4, 5, 6, 7]},       "value": "OopsAll6s", "antes": [7]}
    ,{"score": 42, "type": "Joker",  "sources": {"shopSlots":  [  7, 8, 9,10,11,12]},       "value": "OopsAll6s", "antes": [7]}
    ,{"score": 42, "type": "Joker",  "sources": {"shopSlots":  [ 12,13,14,15,16,17]},       "value": "OopsAll6s", "antes": [7]}
    ,{"score": 42, "type": "Joker",  "sources": {"shopSlots":  [ 17,18,19,20,21,22]},       "value": "OopsAll6s", "antes": [7]}
    ,{"score": 42, "type": "Joker",  "sources": {"shopSlots":  [ 23,24,25,26,27,28]},       "value": "OopsAll6s", "antes": [7]}
    ,{"score": 42, "type": "Joker",  "sources": {"shopSlots":  [ 28,29,30,31,32,33]},       "value": "OopsAll6s", "antes": [7]}
    ,{"score": 42, "type": "Joker",  "sources": {"shopSlots":  [ 33,34,35,36,37,38]},       "value": "OopsAll6s", "antes": [7]}
    ,{"score": 42, "type": "Joker",  "sources": {"shopSlots":  [ 38,39,40,41,42,43]},       "value": "OopsAll6s", "antes": [7]}
    ,{"score": 42, "type": "Joker",  "sources": {"shopSlots":  [ 43,44,45,46,47,48]},       "value": "OopsAll6s", "antes": [7]}
    ,{"score": 42, "type": "Joker",  "sources": {"shopSlots":  [ 48,49,50,51,52,53]},       "value": "OopsAll6s", "antes": [7]}
    ,{"score": 42, "type": "Joker",  "sources": {"shopSlots":  [ 53,54,55,56,57,58]},       "value": "OopsAll6s", "antes": [7]}
    ,{"score": 42, "type": "Joker",  "sources": {"shopSlots":  [ 58,59,60,61,62,63]},       "value": "OopsAll6s", "antes": [7]}
    ,{"score": 42, "type": "Joker",  "sources": {"shopSlots":  [ 63,64,65,66,67,68]},       "value": "OopsAll6s", "antes": [7]}
    ,{"score": 42, "type": "Joker",  "sources": {"shopSlots":  [ 68,69,60,71,72,73]},       "value": "OopsAll6s", "antes": [7]}
    ,{"score": 42, "type": "Joker",  "sources": {"shopSlots":  [ 73,74,75,76,77,78]},       "value": "OopsAll6s", "antes": [7]}
 ]
}