{
  "name": "Souly",
  "description": "pifreaklovesyou!",
  "author": "pifreak",
  "must": [
    {
      "type": "souljoker",
      "value": "perkeo",
      "edition": "Negative",
      "antes": [1,2,3]
    },
    {
        "type": "SpectralCard",
        "value": "Cryptid",
        "antes": [1,2,3,4,5,6],
        "sources": {
            "shopSlots": [0,1,2,3,4,5,6,7,8,9]
        }
    }
  ],
  "should": [
    {
        "type": "Joker",
        "values": ["Blueprint", "Brainstorm", "Photograph", "HangingChad"],
        "edition": "Negative",
        "antes": [1,2,3,4,5,6,7,8]
    },
    {
        "type": "Joker",
        "values": ["Blueprint", "Brainstorm", "Photograph", "HangingChad"],
        "antes": [2,3,8],
        "sources": {
            "shopSlots": [2,3]
        }
    }
  ],
  "mustNot": [],
  "deck": "Ghost",
  "stake": "White"
}