{
  "name": "SPERC",
  "description": "A shit load of spectral cards, nothing to see here!",
  "author": "pifreak",
  "dateCreated": "2025-11-03T05:46:12.6691000Z",
  "must": [
    {"type": "SoulJoker", "Value": "Perkeo", "Antes": [1], "packSlots": [1]},
    {"type": "TarotCard", "Value": "TheFool", "Antes": [1], "packSlots": [1]},
    {"type": "Joker", "Value": "ChaosTheClown", "Antes": [2,3,4], "packSlots": [0]},

    {"type": "Tag", "value": "CharmTag", "Antes": [1]},
    {"type": "Tag", "value": "CouponTag", "Antes": [1]},

    {"type": "SmallBlindTag", "value": "NegativeTag", "Antes": [2,3,4,5,6,7,8,9,10]},
    {"type": "SpectralCard", "Value": "Any", "Antes": [2], "shopSlots": [0,1,2,3,4,5,6,7,8,9,10]},
    {"type": "SpectralCard", "Value": "Any", "Antes": [3,4,5], "shopSlots": [0,1,2,3,4,5,6,7,8,9,10]},
    {"type": "SpectralCard", "Value": "Any", "Antes": [6,7,8], "shopSlots": [0,1,2,3,4,5,6,7,8,9,10]}
  ],
  "should": [
      {"type": "SpectralCard", "Value": "Any", "Antes": [1,2,3,4,5,6,7,8], "shopSlots": [0,1,2,3,4,5,6,7,8,9,10]}
  ],

  "mustNot": [],
  "deck": "Ghost",
  "stake": "Black"
}