{
  "name": "Speccccccctrals",
  "description": "Spectral Cards.",
  "author": "pifreak",
  "dateCreated": "2025-11-12T10:03:51.5874702Z",
  "deck": "ghost",
  "stake": "White",
  "must": [
    { "Type": "SmallBlindTag", "Value": "NegativeTag", "Antes": [9, 10, 11, 12] },
    { "type": "SoulJoker", "value": "Perkeo", "Antes": [1, 2] },
    { "type": "SoulJoker", "value": "Any", "Antes": [9, 10, 11, 12, 13] },
    { "min": 2, "type": "SoulJoker", "value": "Perkeo", "Antes": [1, 2, 3, 4, 5, 6, 7, 8, 9, 10, 11, 12, 13] },
    { "type": "Joker", "Value": "DietCola", "Antes": [1, 2, 3, 4, 5, 6, 7, 8, 9] },
    {
      "type": "spectralcard",
      "value": "Ankh",
      "Antes": [1, 2],
      "shopSlots": [0, 1, 2, 3]
    }
  ],

  "should": [
    {
      "Type": "And",
      "Clauses": [
        { "Antes": [9], "type": "SmallBlindTag", "Value": "NegativeTag" },
        {
          "Type": "Or",
          "Score": 100,
          "Mode": "Max",
          "Antes": [9],
          "Clauses": [
            {
              "Type": "Joker",
              "Values": [
                "Blueprint",
                "Brainstorm",
                "DNA",
                "Hologram",
                "Baron",
                "Mime",
                "HangingChad",
                "SockAndBuskin",
                "Troubadour",
                "Juggler",
                "Drunkard"
              ],
              "sources": {
                "minShopSlot": 2,
                "maxShopSlot": 8
              }
            }
          ]
        }
      ]
    },

    {
      "Type": "And",
      "Clauses": [
        { "Antes": [10], "type": "SmallBlindTag", "Value": "NegativeTag" },
        {
          "Type": "Or",
          "Score": 100,
          "Mode": "Max",
          "Antes": [10],
          "Clauses": [
            {
              "Type": "Joker",
              "Values": [
                "Blueprint",
                "Brainstorm",
                "DNA",
                "Hologram",
                "Baron",
                "Mime",
                "HangingChad",
                "SockAndBuskin",
                "Troubadour",
                "Juggler",
                "Drunkard"
              ],
              "sources": {
                "minShopSlot": 2,
                "maxShopSlot": 8
              }
            },
            {
              "Type": "Joker",
              "Values": [
                "Blueprint",
                "Brainstorm",
                "DNA",
                "Hologram",
                "Baron",
                "Mime",
                "HangingChad",
                "SockAndBuskin",
                "Troubadour",
                "Juggler",
                "Drunkard"
              ],
              "sources": {
                "minShopSlot": 8,
                "maxShopSlot": 16
              }
            }
          ]
        }
      ]
    },

    {
      "Type": "And",
      "Clauses": [
        { "Antes": [11], "type": "SmallBlindTag", "Value": "NegativeTag" },
        {
          "Type": "Or",
          "Score": 100,
          "Mode": "Max",
          "Antes": [11],
          "Clauses": [
            {
              "Type": "Joker",
              "Values": [
                "Blueprint",
                "Brainstorm",
                "DNA",
                "Hologram",
                "Baron",
                "Mime",
                "HangingChad",
                "SockAndBuskin",
                "Troubadour",
                "Juggler",
                "Drunkard"
              ],
              "sources": {
                "minShopSlot": 2,
                "maxShopSlot": 8
              }
            },
            {
              "Type": "Joker",
              "Values": [
                "Blueprint",
                "Brainstorm",
                "DNA",
                "Hologram",
                "Baron",
                "Mime",
                "HangingChad",
                "SockAndBuskin",
                "Troubadour",
                "Juggler",
                "Drunkard"
              ],
              "sources": {
                "minShopSlot": 8,
                "maxShopSlot": 16
              }
            }
          ]
        }
      ]
    },

    {
      "Type": "And",
      "Clauses": [
        { "Antes": [12], "type": "SmallBlindTag", "Value": "NegativeTag" },
        {
          "Type": "Or",
          "Score": 100,
          "Mode": "Max",
          "Antes": [12],
          "Clauses": [
            {
              "Type": "Joker",
              "Values": [
                "Blueprint",
                "Brainstorm",
                "DNA",
                "Hologram",
                "Baron",
                "Mime",
                "HangingChad",
                "SockAndBuskin",
                "Troubadour",
                "Juggler",
                "Drunkard"
              ],
              "sources": {
                "minShopSlot": 2,
                "maxShopSlot": 8
              }
            },
            {
              "Type": "Joker",
              "Values": [
                "Blueprint",
                "Brainstorm",
                "DNA",
                "Hologram",
                "Baron",
                "Mime",
                "HangingChad",
                "SockAndBuskin",
                "Troubadour",
                "Juggler",
                "Drunkard"
              ],
              "sources": {
                "minShopSlot": 8,
                "maxShopSlot": 16
              }
            }
          ]
        }
      ]
    }
  ],
  "mustNot": []
}
