{
  "name": "WeirdEarlyNegativeSkips",
  "description": "Ante 2 and 3 for Showman / Copy / Oops negatives?",
  "author": "pifreak",
  "dateCreated": "2025-11-05T05:46:12.6691000Z",
  "must": [
    {"Type": "SmallBlindTag", "Value": "NegativeTag", "Antes": [2]},
    {"Type": "SmallBlindTag", "Value": "NegativeTag", "Antes": [3]},

    {"Type": "Joker",  "value": "Showman", "antes": [2], "shopSlots": [2]},
    {"Type": "Joker",  "values": ["Blueprint", "Brainstorm", "OopsAll6s"], "antes": [3], "shopSlots": [2,3,4,5]}
  ],
  "should": [
    {"Type": "SmallBlindTag", "Value": "NegativeTag", "Antes": [2,3,4,5,6,7,8]},
    {"Type": "SmallBlindTag", "Value": "NegativeTag", "Antes": [10,11,12,13,14,15,16]},
   {"score": 255, "Type": "SoulJoker", "Edition": "Negative", "value": "Perkeo"},
   {"score": 80, "Type": "SoulJoker", "value": "Perkeo"},
   {"score": 1, "Type": "Joker", "Value": "DietCola", "antes": [1], "shopSlots": [0,1], "packSlots": [0]},
   {"score": 2, "type": "SpectralCard", "Value": "Ankh", "antes": [1], "packSlots": [1]},
   {"score": 2, "Type": "Tag", "Value": "DoubleTag", "Antes": [1]},
   {"Type": "Joker",  "values": ["Blueprint", "Brainstorm", "OopsAll6s"], "antes": [3], "shopSlots": [2,3,4,5]},
   {"Type": "Or", "Mode": "Max", "Clauses": [
      {"Score": 10, "Type": "Joker", "values": ["OopsAll6s", "Blueprint", "Brainstorm", "InvisibleJoker"], "antes": [2], "shopSlots": [2,3,4]},
      {"Score": 10, "Type": "Joker", "values": ["OopsAll6s", "Blueprint", "Brainstorm", "InvisibleJoker"], "antes": [2], "shopSlots": [4,5,6]}
   ]},
   {"Type": "Or", "Mode": "Max", "Clauses": [
      {"Score": 10, "Type": "Joker", "values": ["OopsAll6s", "Blueprint", "Brainstorm", "InvisibleJoker"], "antes": [3], "shopSlots": [2,3,4]},
      {"Score": 10, "Type": "Joker", "values": ["OopsAll6s", "Blueprint", "Brainstorm", "InvisibleJoker"], "antes": [3], "shopSlots": [4,5,6]}
   ]},
   {"Score": 190, "Type": "Joker", "Edition": "Negative", "values": ["Blueprint", "Brainstorm", "InvisibleJoker"]},
   {"Score": 33, "Type": "Joker", "values": ["Blueprint", "Brainstorm", "InvisibleJoker"]}
  ],

  "mustNot": [],
  "deck": "Anaglyph",
  "stake": "White"
}
