{
  "name": "Sprinkles",
  "description": "I felt really goofy play this filter high af lmao",
  "author": "pifreak",
  "dateCreated": "2025-10-23T00:00:00Z",
  "deck": "Green",
  "Stake": "White",
  "must": [
    {"Type": "SoulJoker", "Value": "Perkeo", "Antes": [1,2,3,4]},
    {"Type": "Joker", "Values": ["Blueprint", "Brainstorm"], "antes": [1], "packSlots": [0,1]},
    {"Type": "spectralCard", "Value": "Ankh", "antes": [1], "packSlots": [1,2,3]},
    {"Type": "Joker", "Value": "Burglar", "antes": [1,2], "shopSlots": [2,3], "packSlots": [2,3]},
    {"Type": "SmallBlindTag", "Value": "NegativeTag", "antes": [6,7]},
    {"Type": "Joker", "Value": "Showman", "antes": [2,3,4,5]}
  ],
  "should": [
    {"Type": "SmallBlindTag", "Value": "NegativeTag", "antes": [6]},
    {"Type": "SmallBlindTag", "Value": "NegativeTag", "antes": [7]},
    {"Type": "TarotCard", "Value": "TheMagician", "antes": [1,2,3,4,5]},
    {"Type": "Joker", "Value": "GoldenTicker", "antes": [2,3,4,5]}
    
  ],
  "mustNot": []
}