{
  "name": "Stencil Crazy",
  "description": "really goofy all stencle run where I want to be able to have a bunch of negative and holo joker stencles",
  "author": "Mr.Waka",
  "dateCreated": "2025-10-31T05:46:12.6691000Z",
  "deck": "Red",
  "stake": "Black",
  "must": [
    {"type": "souljoker", "Value": "Perkeo", "Edition": "Negative", "Antes": [1], "packSlots": [1], "requireMega": true},
    {"type": "Joker", "value": "Showman", "antes":[2], "shopSlots": [0,1]},
    {"type":"smallBlindTag", "value": "NegativeTag", "antes": [2]}
  ],
  "should": [
    {"type": "Joker", "value": "JokerStencil", "antes": [6], "shopSlots": [2,3,4,5,6,7,8]},
    {"score": 77,"type": "SpectralCard", "value": "Ankh", "antes":[1], "packSlots":[1]},
    {"score": 99,"type": "SpectralCard", "value": "Ankh", "antes":[1], "packSlots":[1], "RequireMega": true},
    {"score": 30,"type": "SoulJoker", "value": "Perkeo", "antes":[1], "packSlots":[1], "RequireMega": true},
    {"score": 90, "type": "SpectralCard", "value": "Ankh", "antes":[2,3]},
    {"score": 19, "type": "SpectralCard", "value": "Ankh", "antes":[4,5]},
    {"score": 9, "type": "SpectralCard", "value": "Ankh", "antes":[6,7,8]},
    {"score": 88, "type": "Joker", "value": "JokerStencil", "Stickers": ["eternal"], "antes":[2,3,4,5]},
    {"score": 101, "type": "Joker", "Edition": "Negative", "value": "JokerStencil", "antes":[1,2,3,4,5,6]},
    {"score": 110, "type": "Joker", "Edition": "Negative", "value": "JokerStencil", "antes":[7,8,9,10,11,12]},
    {"score": 102, "type": "Joker", "Edition": "Negative", "Stickers": ["Eternal"], "value": "JokerStencil", "antes":[1,2,3,4,5]},
    {"score": 75, "type": "Joker", "Edition": "Holographic", "value": "JokerStencil", "antes":[1,2]},
    {"score": 75, "type": "Joker", "Edition": "Polychrome", "value": "JokerStencil", "antes":[1,2,3,4,5]}
  ],
  "mustNot": []
}
