{
  "name": "Stencil Crazy",
  "description": "really goofy all stencle run where I want to be able to have a bunch of negative and holo joker stencles",
  "author": "Mr.Waka",
  "dateCreated": "2025-10-31T05:46:12.6691000Z",
  "deck": "Red",
  "stake": "Black",
  "must": [
    {"type": "joker", "value": "JokerStencil",
        "edition": "Negative",
        "stickers": ["Eternal"],
        "antes": [1],
        "packSlots": [0]
    },
    {"type": "SpectralCard", "value": "Ankh", "antes":[1], "packSlots":[1]}
  ],
  "should": [
    {"score": 79, "type": "Joker", "value": "Showman", "antes":[1,2,3,4]},
    {"score": 1, "type": "Joker", "value": "Showman", "antes":[1]},
    {"score": 1, "type": "Joker", "value": "Showman", "antes":[2]},
    {"score": 1, "type": "Joker", "value": "Showman", "antes":[3]},
    {"score": 1, "type": "Joker", "value": "Showman", "antes":[4]},
    {"score": 66, "type": "SpectralCard", "value": "Ankh", "antes":[1], "packSlots":[2]},
    {"score": 66, "type": "SpectralCard", "value": "Ankh", "antes":[1], "packSlots":[3]},
    {"score": 66, "type": "SpectralCard", "value": "Ankh", "antes":[2], "packSlots":[0,1,2,3,4,5]},
    {"score": 66, "type": "SpectralCard", "value": "Ankh", "antes":[3], "packSlots":[0,1,2,3,4,5]},
    {"score": 66, "type": "SpectralCard", "value": "Ankh", "antes":[4], "packSlots":[0,1,2,3,4,5]},
    {"score": 66, "type": "SpectralCard", "value": "Ankh", "antes":[5], "packSlots":[0,1,2,3,4,5]},
    {"score": 78, "type": "joker", "value": "JokerStencil",
        "stickers": ["Eternal"],
        "Edition": "Negative",
        "antes": [2,3,4,5],
        "packSlots": [0,1],
        "shopSlots": [0,1]
    },
    {"score": 58, "type": "joker", "value": "JokerStencil",
        "stickers": ["Eternal"],
        "Edition": "Negative",
        "antes": [6,7,8,9],
        "packSlots": [0,1],
        "shopSlots": [0,1]
    },
    
    {"score": 250, "type": "SpectralCard", "value": "Ankh", "antes":[1], "packSlots":[1]},

    {"score": 90, "type": "SpectralCard", "value": "Ankh", "antes":[2,3]},
    {"score": 99, "type": "SpectralCard", "value": "Ankh", "antes":[4,5]},
    {"score": 9, "type": "SpectralCard", "value": "Ankh", "antes":[6,7,8]},
    {"score": 88, "type": "Joker", "value": "JokerStencil", "Stickers": ["eternal"], "antes":[2,3,4,5]},
    {"score": 101, "type": "Joker", "Edition": "Negative", "value": "JokerStencil", "antes":[1,2,3,4,5,6]},
    {"score": 110, "type": "Joker", "Edition": "Negative", "value": "JokerStencil", "antes":[7,8,9,10,11,12]},
    {"score": 102, "type": "Joker", "Edition": "Negative", "Stickers": ["Eternal"], "value": "JokerStencil", "antes":[1,2,3,4,5,6,7,8]},
    {"score": 75, "type": "Joker", "Edition": "Holographic", "value": "JokerStencil", "antes":[1,2]},
    {"score": 75, "type": "Joker", "Edition": "Polychrome", "value": "JokerStencil", "antes":[1,2,3,4,5]}
  ],
  "mustNot": []
}
