{
  "name": "Stickerpox",
  "description": "Infecting your Deck with Seals on Standard Cards! ",
  "author": "pifreak",
  "dateCreated": "2025-11-21T10:03:51.5874702Z",
  "deck": "Ghost",
  "stake": "white",
  "must": [
    {
      "type": "Joker",
      "Values": ["Blueprint", "Brainstorm"],
      "antes": [1,2,3]
    },
    {
      "type": "Joker",
      "Value": "Certificate",
      "antes": [1,2]
    },
    {
      "type": "Joker",
      "Value": "Hologram",
      "antes": [1,2,3]
    },
    {"type": "souljoker", "value": "perkeo", "antes": [1,2,3,4,5]}
  ],
  "should": [
    
    {"score": 5, "type": "souljoker", "value": "any", "antes": [1,2,3,4]},
    {"score": 7, "type": "souljoker", "value": "any", "Edition": "negative", "antes": [1,2,3,4]},
    {
      "score": 3,
      "type": "Joker",
      "Value": "Blueprint",
      "antes": [1, 2],
      "packSlots": [0, 1, 2, 3]
    },
    {
      "score": 2,
      "type": "Joker",
      "Value": "Brainstorm",
      "antes": [1, 2],
      "packSlots": [0, 1, 2, 3]
    },
    {
      "score": 3,
      "type": "StandardCard",
      "Seal": "Blue",
      "antes": [2, 3, 4, 5, 6, 7, 8]
    },
    {
      "score": 9,
      "type": "StandardCard",
      "Seal": "Red",
      "antes": [2, 3, 4, 5, 6, 7, 8]
    },
    {
      "score": 10,
      "type": "StandardCard",
      "Seal": "Purple",
      "antes": [2, 3, 4, 5, 6, 7, 8]
    },
    {
      "score": 8,
      "type": "StandardCard",
      "Seal": "Gold",
      "antes": [2, 3, 4, 5, 6, 7, 8]
    }
  ],
  "mustNot": []
}
