{
  "name": "SUAS",
  "description": "2 Mr Bones and a Perkeo as fast as possible.",
  "author": "ShadowBulb",
  "dateCreated": "2025-11-08T00:00:00.000Z",
  "deck": "Anaglyph",
  "stake": "White",
  "must": [
    { "type": "Boss", "Value": "TheHook", "Antes": [1] },
    { "type": "Voucher", "Value": "Hieroglyph", "Antes": [1] },
    { "type": "Voucher", "Value": "Petroglyph", "Antes": [1] },
    { "type": "Joker", "Value": "MrBones", "Antes": [0, 1], "shopSlots": [0, 1], "packSlots": [0] },

    { "type": "Joker", "Value": "MrBones", "Antes": [0, 1], "shopSlots": [0, 1] },
    { "type": "Joker", "Value": "Burglar", "Antes": [1] }
  ],
  "should": [
    { "type": "joker", "value": "MrBones", "Edition": "Holographic", "antes": [1] },
    {
      "type": "Joker",
      "Values": ["ReservedParking", "HangingChad", "Blueprint", "BusinessCard"],
      "Antes": [1]
    },
    { "type": "Joker", "Value": "Showman", "Antes": [1] }
  ],
  "mustNot": []
}
