{
  "name": "SUAS-pi",
  "description": "2 Mr Bones and a Perkeo as fast as possible.",
  "author": "ShadowBulb", 
  "dateCreated": "2025-10-27T00:00:00.000Z",
  "deck": "Anaglyph",
  "stake": "White",
  "must": [
      {"type": "SpectralCard", "Value": "Ankh", "antes": [1], "packSlots": [1,2,3]},
      {"type": "Joker", "value": "MrBones", "antes": [1], "packSlots": [0,2,3], "shopSlots": [0,1,2,3]}
    ],
    "should": [
        {"score": 100, "label": "MerryAndy", "type": "Joker", "value": "MerryAndy", "antes": [1]},
        {"score": 90, "label": "GiftCard", "type": "Joker", "value": "GiftCard", "antes": [1]},
        {"score": 88, "label": "Egg", "type": "Joker", "value": "Egg", "antes": [1]},
        {"score": 60, "label": "Immolate", "type": "SpectralCard", "Value": "Immolate", "antes": [1]},
        {"score": 10, "label": "Temperance", "type": "TarotCard", "Value": "Temperance", "antes": [1]},
        {"score": 10, "label": "Temperance", "type": "TarotCard", "Value": "TheHermit", "antes": [1]},
        {"score": 10, "label": "TheFool", "type": "TarotCard", "Value": "TheFool", "antes": [1]},

        {"score": 100, "label": "MerryAndy", "type": "Joker", "value": "MerryAndy", "antes": [2]},
        {"score": 90, "label": "GiftCard", "type": "Joker", "value": "GiftCard", "antes": [2]},
        {"score": 88, "label": "Egg", "type": "Joker", "value": "Egg", "antes": [2]},
        {"score": 60, "label": "Immolate", "type": "SpectralCard", "Value": "Immolate", "antes": [1]},
        {"score": 10, "label": "Temperance", "type": "TarotCard", "Value": "Temperance", "antes": [1]},
        {"score": 10, "label": "Temperance", "type": "TarotCard", "Value": "TheHermit", "antes": [1]},
        {"score": 10, "label": "TheFool", "type": "TarotCard", "Value": "TheFool", "antes": [1]}
    ],
    "mustNot": []
}
