{
  "name": "SUAS-goofy",
  "description": "2 Mr Bones and a Perkeo as fast as possible.",
  "author": "ShadowBulb", 
  "dateCreated": "2025-10-27T00:00:00.000Z",
  "deck": "Anaglyph",
  "stake": "White",
  "must": [
      {"type": "Joker", "value": "Showman", "antes": [1]},
      {"min": 2, "type": "Joker", "value": "MrBones", "antes": [1,2]}
    ],
    "should": [
        {"score": 1, "type": "Joker", "value": "GiftCard", "antes": [1,2,3], "shopSlots": [0,1,2,3,4,5], "packSlots": [0,1,2,3]},
        {"score": 1, "type": "Joker", "value": "Egg", "antes": [1,2,3], "shopSlots": [0,1,2,3,4,5],  "packSlots": [0,1,2,3]},
        {"score": 1, "type": "Joker", "value": "MerryAndy", "antes": [1,2,3], "shopSlots": [0,1,2,3,4,5],  "packSlots": [0,1,2,3]},

        {"type": "spectralcard", "value": "immolate", "antes": [1]},
        {"score": 10, "type": "Joker", "value": "GiftCard", "antes": [1], "shopSlots": [0,1,2,3,4,5], "packSlots": [0,1,2,3]},
        {"score": 10, "type": "Joker", "value": "Egg", "antes": [1], "shopSlots": [0,1,2,3,4,5],  "packSlots": [0,1,2,3]},
        {"score": 10, "type": "Joker", "value": "MerryAndy", "antes": [1], "shopSlots": [0,1,2,3,4,5],  "packSlots": [0,1,2,3]},

        {"score": 2, "type": "Joker", "value": "GiftCard", "antes": [2], "shopSlots": [0,1,2,3,4,5], "packSlots": [0,1,2,3]},
        {"score": 2, "type": "Joker", "value": "Egg", "antes": [2], "shopSlots": [0,1,2,3,4,5],  "packSlots": [0,1,2,3]},
        {"score": 2, "type": "Joker", "value": "MerryAndy", "antes": [2], "shopSlots": [0,1,2,3,4,5],  "packSlots": [0,1,2,3]},

        {"score": 1, "type": "Joker", "value": "GiftCard", "antes": [3], "shopSlots": [0,1,2,3,4,5], "packSlots": [0,1,2,3]},
        {"score": 1, "type": "Joker", "value": "Egg", "antes": [3], "shopSlots": [0,1,2,3,4,5],  "packSlots": [0,1,2,3]},
        {"score": 1, "type": "Joker", "value": "MerryAndy", "antes": [3], "shopSlots": [0,1,2,3,4,5],  "packSlots": [0,1,2,3]},

        {"score": 6, "type": "Joker", "values": ["MerryAndy", "Egg", "CreditCard", "GiftCard", "Showman", "Blueprint", "Brainstorm", "Drunkard"], "antes": [1], "edition": "Negative"},
        {"score": 6, "type": "Joker", "value": "AnyUncommon", "antes": [1,2,3], "edition": "Negative"}
    ],
    "mustNot": []
}
