{
  "name": "SUAS",
  "description": "2 Mr Bones and a Perkeo as fast as possible.",
  "author": "ShadowBulb", 
  "dateCreated": "2025-10-27T00:00:00.000Z",
  "deck": "Anaglyph",
  "stake": "White",
  "must": [
      {"type": "SoulJoker", "Value": "Perkeo", "antes": [2], "packSlots": [0,1]},
      {"type": "Joker", "Value": "MrBones", "Antes": [1], "shopSlots": [0,1], "packSlots": [0]}
    ],
    "should": [
        {"score": 100, "type": "SpectralCard", "Value": "Ankh", "Antes": [1], "packSlots": [1], "requireMega": true},

        {"score": 100, "type": "And", "Clauses": [
            {"type": "Joker", "Value": "MrBones", "Antes": [1], "packSlots": [0]},
            {"type": "Joker", "Value": "MrBones", "Antes": [1], "shopSlots": [0,1]},
            {"type": "Joker", "Value": "Showman", "Antes": [1], "shopSlots": [0,1]}
        ]},

        {"score": 10, "type": "Joker", "Value": "MerryAndy", "Antes": [1]},
        {"score": 8, "type": "Joker", "Value": "MerryAndy", "Antes": [2]},
        {"score": 2, "type": "Joker", "Value": "MerryAndy", "Antes": [3]},
        {"score": 1, "type": "Joker", "Value": "MerryAndy", "Antes": [4]},
        
        {"score": 10, "type": "Joker", "Value": "Egg", "Antes": [1]},
        {"score": 8, "type": "Joker", "Value": "Egg", "Antes": [2]},
        {"score": 2, "type": "Joker", "Value": "Egg", "Antes": [3]},
        {"score": 1, "type": "Joker", "Value": "Egg", "Antes": [4]}

    ],
    "mustNot": []
}
