{
  "name": "Suit Yourself",
  "description": "Wildcard Smeared Ancient Joker? Matador for money. Antes 1-4 are the suit-disabling bosses!",
  "author": "pifreak",
  "dateCreated": "2025-11-22T10:03:51.5874702Z",
  "deck": "anaglyph",
  "stake": "white",
  "must": [
    {
      "type": "Joker",
      "Value": "Matador",
      "antes": [1],
      "shopSlots": [0, 1],
      "packSlots": [0]
    }
  ],
  "should": [
    {
      "type": "SpectralCard",
      "Value": "Ankh",
      "antes": [1],
      "packSlots": [1],
      "score": 10
    },
    {
      "score": 10,
      "type": "Joker",
      "Value": "Showman",
      "antes": [1],
      "shopSlots": [0, 1]
    },
    {
      "type": "Joker",
      "Value": "Matador",
      "antes": [1]
    },
    {
      "type": "Joker",
      "Value": "Matador",
      "antes": [2],
      "shopSlots": [2, 3, 4, 5]
    }
  ],
  "mustNot": []
}
