{
  "name": "SuperOops67",
  "description": "NegativeTag + ShopSlot Oops",
  "author": "pifreak",
  "dateCreated": "2025-12-02T05:46:12.6691000Z",
  "must": [         
    {"type": "SmallBlindTag", "values": ["NegativeTag", "DoubleTag"], "antes": [6]},
    {"type": "BligBlindTag", "value": "NegativeTag", "antes": [6]},
    {"type": "SmallBlindTag", "value": "NegativeTag", "antes": [7]},
    {"type": "Joker", "value": "Showman", "antes": [7], "shopSlots": [0,1]},
    {"type": "Joker", "value": "OopsAll6s", "antes": [7], "shopSlots": [0,1]}
  ],
  "should": [
    {"type": "Tag", "value": "DoubleTag", "antes": [5]},
    {"type": "Joker", "value": "OopsAll6s", "antes": [5], "shopSlots": [2]}
  ],

  "mustNot": [],
  "deck": "Ghost",
  "stake": "Black"
}