{
  "name": "SuperOops67",
  "description": "NegativeTag + ShopSlot Oops",
  "author": "pifreak",
  "dateCreated": "2025-12-02T05:46:12.6691000Z",
  "must": [         
    {"type": "Tag", "value": "NegativeTag", "antes": [6]},
    {"type": "SmallBlindTag", "value": "NegativeTag", "antes": [7]},
    {"type": "Joker", "value": "OopsAll6s",  "antes": [7], "shopSlots": [0,1,2,3]},
    {"type": "Joker", "value": "Showman",  "antes": [1,2,3,4,5], "shopSlots": [0,1,2,3], "packSlots": [0,1,2,3]}
  ],
  "should": [
    {"score": 100, "type": "Joker", "value": "OopsAll6s", "antes": [7], "shopSlots": [0,1,2,3,4,5]},
    {"score": 100, "type": "Joker", "value": "OopsAll6s", "antes": [8], "shopSlots": [0,1]},
    {"score": 100, "type": "Joker", "value": "InvisibleJoker", "antes": [7], "shopSlots": [0,1,2,3,4,5]},
    {"score": 100, "type": "Joker", "value": "InvisibleJoker", "antes": [8], "shopSlots": [0,1]},
    
    {"score": 8, "type": "Joker", "value": "Blueprint", "antes": [7], "shopSlots": [0,1,2,3,4,5]},
    {"score": 7, "type": "Joker", "value": "Brainstorm", "antes": [7], "shopSlots": [0,1,2,3,4,5]},
    {"score": 7, "type": "Joker", "value": "LuckyCat", "antes": [7], "shopSlots": [0,1,2,3,4,5]},

    {"score": 50, "type": "Joker", "edition": "Negative", "value": "OopsAll6s", "antes": [1,2,3,4,5,6,7,8,9]},
    {"score": 59, "type": "soulJoker", "edition": "Negative", "value": "Perkeo", "antes": [1,2,3,4,5,6,7,8,9]}
  ],

  "mustNot": [],
  "deck": "Ghost",
  "stake": "Black"
}