{
  "name": "Ectoplasm Maximum Bean",
  "description": "Blueprint/Brainstorm + Perkeo + Ankh/Ectoplasm + Turtle Bean for maximum hand size reduction",
  "author": "pifreak & Blecko",
  "deck": "ghost",
  "stake": "white",
  "must": [
    {
      "type": "Boss",
      "score": 5,
      "value": "crimsonheart",
      "antes": [8]
    },
    {
      "type": "Joker",
      "value": "TurtleBean",
      "antes": [1,2,3,4,5,6,7,8]
    },
    {
      "type": "souljoker",
      "value": "Perkeo",
      "antes": [1,2,3,4,5,6,7,8]
    },
    {
      "type": "Joker",
      "value": "Burglar",
      "antes": [1,2,3,4,5,6,7,8]
    },
    {
      "type": "Joker",
      "value": "Blueprint",
      "antes": [1,2,3,4,5,6,7,8]
    }
  ],
  "should": [
    {
      "type": "Joker",
      "score": 10,
      "value": "Brainstorm",
      "antes": [1,2,3,4,5,6,7,8]
    },
    {
      "type": "Joker",
      "score": 5,
      "value": "Blueprint",
      "antes": [1,2,3,4,5,6,7,8]
    },
    {
      "type": "spectralcard",
      "score": 8,
      "value": "ankh",
      "antes": [1,2,3,4,5,6,7,8]
    },
    {
      "type": "spectralcard",
      "score": 8,
      "value": "ectoplasm",
      "antes": [1,2,3,4,5,6,7,8]
    },
    {
      "type": "Voucher",
      "score": 3,
      "value": "PaintBrush",
      "antes": [3,4,5],
      "comment": "Paint Brush for +1 hand size"
    },
    {
      "type": "Voucher",
      "score": 3,
      "value": "Palette",
      "antes": [4,5,6,7,8]
    },

    {
      "type": "Voucher",
      "score": 4,
      "value": "DirectorsCut",
      "antes": [1,2,3,4,5,6]
    },
    {
      "type": "Voucher",
      "score": 4,
      "value": "Retcon",
      "antes": [2,3,4,5,6,7,8]
    },
    {
      "type": "Joker",
      "score": 20,
      "value": "TurtleBean",
      "antes": [1,2,3,4,5,6,7,8]
    },
    {
      "type": "Joker",
      "edition": "Negative",
      "score": 15,
      "value": "Blueprint",
      "antes": [1,2,3,4,5,6,7,8],
      "comment": "Negative Blueprint for extra slot"
    },
    {
      "type": "Joker",
      "edition": "Negative",
      "score": 15,
      "value": "Brainstorm",
      "antes": [1,2,3,4,5,6,7,8],
      "comment": "Negative Brainstorm for extra slot"
    },
    {
      "type": "Joker",
      "score": 3,
      "value": "Showman",
      "antes": [1,2,3,4]
    }
  ],
  "mustNot": []
}