
+Seed,TotalScore,brainstorm,luckycat,TheMagician
8VMMGAC1,1,0,0,0
9GC8IAC1,1,0,0,0
KA9AMAC1,1,0,0,0
FWKGNAC1,1,0,0,0
WGYSUAC1,1,0,0,0
3E1Z5BC1,1,0,0,0
GRL36BC1,1,0,0,0
R9LHPBC1,2,0,0,1
Q1AIWBC1,1,0,0,0
GNJ22CC1,2,0,1,0
3JZNACC1,1,0,0,0
7EI6OCC1,1,0,0,0
CGRMWCC1,1,0,0,0
72365DC1,1,0,0,0
EZNSNDC1,1,0,0,0
Q51JAEC1,3,0,1,1
BGMKAEC1,2,0,1,0
6883CEC1,1,0,0,0
HRG2FEC1,1,0,0,0
HLJ6NEC1,1,0,0,0
86MZJFC1,1,0,0,0
AHS6KFC1,1,0,0,0
NEEPPFC1,2,0,1,0
6EP3SFC1,1,0,0,0
9AGWWFC1,1,0,0,0
DOA22GC1,1,0,0,0
U9T2HGC1,1,0,0,0
595LLGC1,1,0,0,0
E9KXMGC1,1,0,0,0
1L1SQGC1,1,0,0,0
4967BHC1,1,0,0,0
PITCUHC1,1,0,0,0
Z3WJ5JC1,1,0,0,0
UENVAKC1,1,0,0,0
UOC4DKC1,1,0,0,0
AHPWGKC1,1,0,0,0
YAR5SKC1,1,0,0,0
DTHX1LC1,1,0,0,0
V8LB3LC1,2,0,1,0
TMRSRLC1,1,0,0,0
MQZS1MC1,1,0,0,0
3LX34MC1,1,0,0,0
BEUJ8MC1,1,0,0,0
IHXWCMC1,1,0,0,0
S7OIWMC1,1,0,0,0
F93U2NC1,1,0,0,0
VD1YMNC1,1,0,0,0
NSTJZNC1,1,0,0,0
BGFXDOC1,1,0,0,0
EOCMEOC1,1,0,0,0
RP4RPOC1,1,0,0,0
3SZEQOC1,2,0,1,0
NN8ZUOC1,1,0,0,0
ONREXOC1,2,0,0,1
XHBSAPC1,1,0,0,0
GJL6BPC1,3,0,0,2
8XL3QPC1,2,0,1,0
MF81OQC1,1,0,0,0
JLJVNRC1,1,0,0,0
VDCZNRC1,1,0,0,0
5BHAORC1,1,0,0,0
N34VORC1,1,0,0,0
W1KTCSC1,1,0,0,0
II4HLSC1,1,0,0,0
5QNOQSC1,1,0,0,0
73TQTSC1,3,0,2,0
JBKIVSC1,1,0,0,0
XLB5XSC1,1,0,0,0
FCGYZSC1,1,0,0,0
XI4X1TC1,2,0,0,1
M3DD6TC1,2,0,1,0
H8D99TC1,1,0,0,0
PRQLCTC1,1,0,0,0
CACCHTC1,1,0,0,0
SZJXUTC1,2,0,0,1
OXLB5UC1,1,0,0,0
ELP87UC1,1,0,0,0
NF2XHUC1,1,0,0,0
JH86JUC1,2,0,1,0
IHZ6CVC1,1,0,0,0
BLVEXVC1,1,0,0,0
ZB752WC1,1,0,0,0
G1CP9WC1,1,0,0,0
BEDQEWC1,1,0,0,0
DHC7GWC1,1,0,0,0
V9YCUWC1,1,0,0,0
4863VWC1,1,0,0,0
CEGQYWC1,1,0,0,0
XCN88XC1,1,0,0,0
3OFKGXC1,1,0,0,0
XM4SMXC1,2,0,0,1
ZNIAXYC1,1,0,0,0
GS8BCZC1,1,0,0,0
E3N4FZC1,1,0,0,0
FWFCPZC1,1,0,0,0
6GMI31D1,1,0,0,0
74BRC1D1,2,0,1,0
EKXGO1D1,1,0,0,0
VKQLP1D1,1,0,0,0
U9O462D1,1,0,0,0
2JWDN2D1,1,0,0,0
2F69O2D1,1,0,0,0
15KET2D1,1,0,0,0
W5LTW2D1,1,0,0,0
A17BZ2D1,1,0,0,0
J47D44D1,2,0,0,1
UTUDD4D1,1,0,0,0
LEBIE4D1,1,0,0,0
I7BBF4D1,2,0,1,0
FJAGO4D1,1,0,0,0
FX5IP4D1,1,0,0,0
ESINW4D1,1,0,0,0
7FGEP5D1,1,0,0,0
WK34R5D1,1,0,0,0
HALH76D1,1,0,0,0
CELYN6D1,1,0,0,0
C14TP6D1,1,0,0,0
UEE667D1,1,0,0,0
YLZ887D1,1,0,0,0
DE1Y38D1,1,0,0,0
D1ER58D1,1,0,0,0
RUXQR8D1,1,0,0,0
NQGYU8D1,1,0,0,0
2NKA19D1,1,0,0,0
FC8R49D1,1,0,0,0
3VEQS9D1,1,0,0,0
XWCQ5AD1,1,0,0,0
NF1W8AD1,1,0,0,0
M4ITLAD1,1,0,0,0
VBH91BD1,2,0,1,0
HZUD8BD1,1,0,0,0
CUTSBBD1,1,0,0,0
VMF8NBD1,1,0,0,0
4P819CD1,1,0,0,0
D1X9ECD1,1,0,0,0
NE2SGCD1,2,0,0,1
JVYLNCD1,1,0,0,0
IO3COCD1,1,0,0,0
ZP59TCD1,2,0,1,0
Y4WSYCD1,2,0,1,0
T1XT1DD1,1,0,0,0
DY392DD1,1,0,0,0
ISMW7DD1,1,0,0,0
T63B8DD1,1,0,0,0
SZST8DD1,1,0,0,0
AB8TDDD1,1,0,0,0
LWTVDDD1,1,0,0,0
AEB6EDD1,1,0,0,0
NEVHLDD1,3,0,2,0
HB66VDD1,1,0,0,0
V9I1BED1,1,0,0,0
HU41FED1,2,0,0,1
O45XLED1,1,0,0,0
TINQMED1,1,0,0,0
78ADOED1,1,0,0,0
1OCHDFD1,1,0,0,0
JHB5JFD1,1,0,0,0
85P5XFD1,1,0,0,0
VMVDZFD1,1,0,0,0
Z5X9XGD1,1,0,0,0
JP7L2HD1,1,0,0,0
CH3Y9HD1,1,0,0,0
WCJ6GHD1,1,0,0,0
WMTPQHD1,1,0,0,0
GNYGTHD1,1,0,0,0
M6WFIID1,1,0,0,0
CGNIPID1,1,0,0,0
8RRQHJD1,1,0,0,0
8RFHMJD1,1,0,0,0
BOLGYJD1,1,0,0,0
VNEWZJD1,1,0,0,0
DWRL2KD1,2,0,0,1
MNPAAKD1,1,0,0,0
VYJHCKD1,1,0,0,0
WRWRDKD1,1,0,0,0
NPX4JKD1,1,0,0,0
GZZDXKD1,1,0,0,0
XMMJ1LD1,2,0,0,1
OW7G5LD1,1,0,0,0
GNHBALD1,1,0,0,0
UXCTBLD1,1,0,0,0
7B99DLD1,1,0,0,0
QDDPHLD1,1,0,0,0
TWYKOLD1,2,0,0,1
49W6RLD1,1,0,0,0
NSO8TLD1,1,0,0,0
FD63ULD1,1,0,0,0
ZEICULD1,1,0,0,0
IWV83MD1,1,0,0,0
D86KSMD1,1,0,0,0
3J2WZMD1,2,0,1,0
R5SZDND1,3,0,2,0
O6S1FND1,2,0,0,1
SFQEFND1,1,0,0,0
JTIOPND1,2,0,0,1
7YJO4PD1,1,0,0,0
GSW4HPD1,1,0,0,0
D3ZQNPD1,1,0,0,0
P9VROPD1,1,0,0,0
MKTI7QD1,1,0,0,0
KCZL7QD1,1,0,0,0
X8TQ7QD1,1,0,0,0
L436JQD1,1,0,0,0
KVHUNQD1,1,0,0,0
HLAFYQD1,1,0,0,0
S2SY2RD1,1,0,0,0
4QBX4RD1,1,0,0,0
MUHZTRD1,1,0,0,0
OSO75SD1,2,0,0,1
C1SM3TD1,2,0,0,1
YHB17TD1,1,0,0,0
R2GKBTD1,1,0,0,0
CNLUETD1,1,0,0,0
X1ORGTD1,1,0,0,0
WNL3ZTD1,2,0,0,1
WMUHAUD1,1,0,0,0
EZU2IUD1,1,0,0,0
X5R8YUD1,1,0,0,0
6DIGBVD1,2,0,0,1