{
  "name": "SuperTribs",
  "description": "2s and Aces with Strength Tarot, Wee Joker, and Hacks!",
  "author": "Loogoos",
  "dateCreated": "2025-08-31T10:03:51.5874702Z",
  "must": [
    {
      "type": "SoulJoker",
      "value": "Triboulet",
      "antes": [1],
      "sources": {
        "packSlots": [1],
        "requireMega": true
      }
    }
  ],
  "should": [
     {
      "type": "SoulJoker",
      "value": "Triboulet",
      "edition": "Negative",
      "antes": [1],
      "sources": {
        "packSlots": [1],
        "requireMega": true
      },
      "score": 100
    },
        {
      "type": "SpectralCard",
      "value": "Ankh",
      "antes": [1],
      "sources": {
        "packSlots": [1],
        "requireMega": true
      },
      "score": 100
    },
    {
      "type": "Joker",
      "value": "Brainstorm",
      "antes": [2,3,4,5,6],
      "score": 10
    },
    {
      "type": "Joker",
      "value": "Blueprint",
      "antes": [2,3,4,5,6,7],
      "score": 10
    },
     {
      "type": "Joker",
      "value": "SockAndBuskin",
      "antes": [1,2,3,4,5,6,7],
      "score": 10
    },

    {
      "type": "Joker",
      "value": "Brainstorm",
      "antes": [2,3,4,5,6],
      "score": 88,
      "edition": "Negative"
    },
    {
      "type": "Joker",
      "value": "Blueprint",
      "antes": [2,3,4,5,6,7],
      "score": 88,
      "edition": "Negative"
    },
     {
      "type": "Joker",
      "value": "SockAndBuskin",
      "antes": [1,2,3,4,5,6,7],
      "score": 88,
      "edition": "Negative"
    }
  ],
  "mustNot": [],
  "deck": "Ghost",
  "stake": "White"
}