{
  "name": "Chiccccolet",
  "description": "Infinite luck on Space Joker",
  "author": "pifreak",
  "must": [
    {"type": "joker", "value": "Showman", "antes": [1], "shopSlots": [0,1], "packSlots": [0,1]},
    {"type": "joker", "values": ["Blueprint", "Brainstorm", "InvisibleJoker", "OopsAll6s", "HangingChad", "Photograph"], "Edition": "Negative", "antes": [2], "packSlots": [1], "RequireMega": true}
],
"should": [
    {"score": 1, "type": "joker", "value": "Any", "Edition": "Negative"},
    {"score": 10, "type": "joker", "values": ["Blueprint", "Brainstorm", "InvisibleJoker", "OopsAll6s", "HangingChad", "Photograph"], "Edition": "Negative", "antes": [2], "shopSlots": [0,1]}
  ],
  "mustNot": [],
  "deck": "Ghost",
  "stake": "White"
}