{
  "name": "Ante Zero Perkeo",
  "description": "Find Negative Perkeo in Ante 0 or 1",
  "author": "pifreak",
  "dateCreated": "2025-09-27T05:46:12.6691000Z",
  "must": [
    {"type": "Voucher", "Value": "Hieroglyph", "antes": [1]},
    {"type": "SoulJoker", "Edition": "Negative", "value": "Any", "antes": [0], "packSlots": [1,2,3]}
  ],
  "should": [
      {"score": 1, "type": "Joker", "Edition": "Negative", "value": "Any", "antes": [0,2], "sources": {
        "packSlots": [0,1],
        "shopSlots": [0,1]
      }},
       {"score": 1, "type": "Joker", "Edition": "Negative", "value": "Any", "antes": [0,2], "sources": {
        "packSlots": [0,1],
        "shopSlots": [0,1]
      }}
],
  "mustNot": [],
  "deck": "Ghost",
  "stake": "Black"
}