{
  "name": "TestRedCards",
  "description": "Test OR clause for Red Seal Polychrome face cards",
  "must": [
    {"type": "Or", "clauses":[
        {"seal": "Red", "type": "StandardCard", "Rank": "King", "Edition": "Polychrome", "antes": [1,2], "packSlots": [0,1,2,3,4,5]},
        {"seal": "Red", "type": "StandardCard", "Rank": "Queen", "Edition": "Polychrome", "antes": [1,2], "packSlots": [0,1,2,3,4,5]},
        {"seal": "Red", "type": "StandardCard", "Rank": "Jack", "Edition": "Polychrome", "antes": [1,2], "packSlots": [0,1,2,3,4,5]}
    ]}
  ],
  "should": [],
  "mustNot": [],
  "deck": "Red",
  "stake": "White"
}