{
  "name": "Mask Off",
  "description": "Blueprint, burned, paredolia, Midas, vampire, brainstorm, reserved parking",
  "author": "Athuny",
  "dateCreated": "2025-10-01T05:46:12.6691000Z",
  "must": [
    {"type": "SmallBlindTag", "Value": "CouponTag", "Antes": [1]},
    {"type": "Joker", "values": ["Blueprint", "Brainstorm"],
        "antes": [1], "packSlots": [0,1], "shopSlots": [0,1]},
    {"type": "Joker", "Value": "MidasMask",
        "antes": [1], "packSlots": [0,1], "shopSlots": [0,1]},
    {"type": "Joker", "Edition": "Negative",
          "Values": ["MidasMask", "Vampire", "Pareidolia"],
          "antes": [1,2,3,4,5,6], "packSlots": [0,1,2,3,4,5], "shopSlots": [0,1,2,3,4]},

    
],
  "should": [
        {"type": "Joker", "Valu": "Splash",
        "antes": [2,3], "packSlots": [0,1,2,3,4,5], "shopSlots": [0,1,2,3,4,5]},
    {"type": "Joker", "Value": "FacelessJoker",
        "antes": [2,3], "packSlots": [0,1,2,3,4,5], "shopSlots": [0,1,2,3,4,5]},
    {"score": 100, "type": "Joker", "Edition": "Negative",
          "Values": ["MidasMask", "Vampire", "Pareidolia"],
          "antes": [1,2,3,4,5,6], "packSlots": [0,1,2,3,4,5], "shopSlots": [0,1,2,3,4]},
    {"score": 24, "type": "Joker", "Edition": "Negative",
          "Values": ["Blueprint", "BurntJoker", "Brainstorm", "MidasMask", "Vampire", "Pareidolia", "Splash", "SockAndBuskin", "HangingChad", "Photograph", "Mime"],
          "antes": [1,2,3,4,5,6], "packSlots": [0,1,2,3,4,5], "shopSlots": [0,1,2,3,4]},
    {"score": 10, "type": "Joker", "Edition": "Negative",
          "Values": ["Blueprint", "BurntJoker", "Brainstorm", "MidasMask", "Vampire", "Pareidolia", "Splash", "SockAndBuskin", "HangingChad", "Photograph", "Mime"],
          "antes": [1,2,3,4,5,6], "packSlots": [0,1,2,3,4,5], "shopSlots": [0,1,2,3,4]},
    {"type": "Voucher", "Value": "Blank", "Antes": [2,3,4,5]},
    {"type": "Voucher", "Value": "Antimatter", "Antes": [3,4,5,6,7]},
    {"score": 1, "type": "Joker", "Value": "Blueprint", "antes": [1,2,3,4,5,6], "packSlots": [0,1,2,3,4,5], "shopSlots": [0,1,2,3,4]},
    {"score": 3, "type": "Joker", "Value": "BurntJoker", "antes": [1,2,3,4,5,6], "packSlots": [0,1,2,3,4,5], "shopSlots": [0,1,2,3,4]},
    {"score": 1, "type": "Joker", "Value": "Pareidolia", "antes": [1,2,3,4,5,6], "packSlots": [0,1,2,3,4,5], "shopSlots": [0,1,2,3,4]},
    {"score": 10, "type": "Joker", "Value": "MidasMask", "antes": [1,2,3], "packSlots": [0,1,2,3,4,5], "shopSlots": [0,1,2,3,4,5]},
    {"score": 10, "type": "Joker", "Value": "Vampire", "antes": [1,2,3], "packSlots": [0,1,2,3,4,5], "shopSlots": [0,1,2,3,4,5,6,7]},
    {"score": 10, "type": "Joker", "Value": "Brainstorm", "antes": [1,2,3,4,5,6], "packSlots": [0,1,2,3,4,5], "shopSlots": [0,1,2,3,4,5,6,7]},
    {"score": 3, "type": "Joker", "Value": "Mime", "antes": [1,2,3,4,5,6], "packSlots": [0,1,2,3,4,5], "shopSlots": [0,1,2,3,4]},
    {"score": 66, "type": "SoulJoker", "Value": "Any", "antes": [1,2,3,4,5]},
    {"score": 120, "type": "SoulJoker", "Edition": "Negative", "Value": "Any", "antes": [1,2,3,4,5]}
   ],
  "mustNot": [],
  "deck": "Ghost",
  "stake": "Black"
}