{
  "name": "Trickeoglyph",
  "description": "Negative Perkeo ante 1, Canio ante 8, both hieroglyph vouchers and magic trick before ante 8",
  "author": "qcom",
  "dateCreated": "2025-07-05T05:46:12.6691000Z",
  "must": [
    {
        "type": "Voucher",
        "value": "MagicTrick",
        "antes": [2,3,4]
    },
    {
        "type": "Voucher",
        "value": "Hieroglyph",
        "antes": [1,2,3]
    },
    {
        "type": "Voucher",
        "value": "Petroglyph",
        "antes": [2,3,4]
    },
    {
        "type": "SoulJoker",
        "value": "Perkeo",
        "antes": [1]
    },
    {
      "type": "SoulJoker",
      "value": "Any",
      "antes": [8]
    },
    {
      "type": "SoulJoker",
      "value": "Any",
      "antes": [8]
    }
  ],
  "should": [
    {
      "type": "Joker",
      "value": "Showman",
      "antes": [1,2,3],
      "score": 2
    },
    {
      "type": "SoulJoker",
      "value": "Canio",
      "antes": [8],
      "score": 90
    },
    {
        "type": "SoulJoker",
        "value": "Perkeo",
        "Edition": "Negative",
        "antes": [1],
        "score": 100
    },
    {
      "type": "SoulJoker",
      "value": "Perkeo",
      "antes": [1],
      "score": 90
    },
     {
        "type": "Joker",
        "value": "Brainstorm",
        "antes": [2,3,4,5,6],
        "sources": {
            "packSlots": [0,1,2,3,4,5]
        }
      },
      {
        "type": "Joker",
        "value": "Brainstorm",
        "antes": [2,3,4,5,6],
        "sources": {
            "packSlots": [0,1,2,3,4,5]
        }
      },
      {
        "type": "Joker",
        "value": "AnyUncommon",
        "edition": "Negative",
        "antes": [2,3,4,5,6]
      },
      {
        "type": "Joker",
        "value": "AnyRare",
        "edition": "Negative",
        "antes": [2,3,4,5,6,7,8]
      }

  ],
  "mustNot": []
}