{
  "name": "Uncommons",
  "description": "Uncommon Jokers!",
  "author": "pifreak",
  "must": [
    {"type": "joker", "edition": "Negative", "value": "AnyUncommon", "antes": [1], "packSlots": [0]},
    {"type": "joker", "edition": "Negative", "value": "AnyUncommon", "antes": [1], "packSlots": [1]}
],
"should": [
    {"type": "joker", "value": "AnyUncommon", "antes": [1]},
    {"type": "joker", "value": "AnyUncommon", "antes": [2]},
    {"type": "joker", "value": "AnyUncommon", "antes": [3]},
    {"type": "joker", "value": "AnyUncommon", "antes": [4]},
    {"type": "joker", "value": "AnyUncommon", "antes": [5]},
    {"type": "joker", "value": "AnyUncommon", "antes": [6]},
    {"type": "joker", "value": "AnyUncommon", "antes": [7]},
    {"type": "joker", "value": "AnyUncommon", "antes": [8]}
    ,
    {"score": 100, "type": "joker", "edition": "Negative", "value": "AnyUncommon", "antes": [1]},
    {"score": 100, "type": "joker", "edition": "Negative", "value": "AnyUncommon", "antes": [2]},
    {"score": 100, "type": "joker", "edition": "Negative", "value": "AnyUncommon", "antes": [3]},
    {"score": 100, "type": "joker", "edition": "Negative", "value": "AnyUncommon", "antes": [4]},
    {"score": 100, "type": "joker", "edition": "Negative", "value": "AnyUncommon", "antes": [5]},
    {"score": 100, "type": "joker", "edition": "Negative", "value": "AnyUncommon", "antes": [6]},
    {"score": 100, "type": "joker", "edition": "Negative", "value": "AnyUncommon", "antes": [7]},
    {"score": 100, "type": "joker", "edition": "Negative", "value": "AnyUncommon", "antes": [8]},

    {"score": 1, "type": "joker", "edition": "Negative", "value": "Any", "antes": [1]},
    {"score": 1, "type": "joker", "edition": "Negative", "value": "Any", "antes": [2]},
    {"score": 1, "type": "joker", "edition": "Negative", "value": "Any", "antes": [3]},
    {"score": 1, "type": "joker", "edition": "Negative", "value": "Any", "antes": [4]},
    {"score": 1, "type": "joker", "edition": "Negative", "value": "Any", "antes": [5]},
    {"score": 1, "type": "joker", "edition": "Negative", "value": "Any", "antes": [6]},
    {"score": 1, "type": "joker", "edition": "Negative", "value": "Any", "antes": [7]},
    {"score": 1, "type": "joker", "edition": "Negative", "value": "Any", "antes": [8]}
  ],
  "mustNot": [],
  "deck": "Ghost",
  "stake": "White"
}