{
  "name": "Voucher Score Test",
  "description": "Simple test for voucher scoring",
  "author": "Claude Code", 
  "dateCreated": "2025-09-05T00:00:00.000Z",
  "deck": "Red",
  "stake": "White",
  "must": [
    {
      "type": "Voucher",
      "value": "Telescope",
      "antes": [1,2]
    }
  ],
  "should": [
    {
      "type": "Voucher",
      "value": "Telescope",
      "antes": [1,2],
      "score": 10
    },
    {
      "type": "Voucher",
      "value": "Observatory",
      "antes": [2,3],
      "score": 20
    }
  ],
  "mustNot": []
}