{
  "name": "wat",
  "description": "anything lul",
  "author": "pifreak",
  "deck": "red",
  "stake": "white",
  "must": [
    {"type": "voucher", "value": "Hieroglyph", "antes": [1]},
    {"type": "Joker", "value": "Blueprint", "antes": [0]
        ,"sources": {"packSlots": [0,1]} 
    },
    {"type": "SoulJoker", "value": "Perkeo", "antes": [0,1,2]
        ,"sources": {"packSlots": [1]} 
    }
  ],
  "should": [
    {"score": 100, "type": "Joker", "value": "Blueprint", "Edition": "Negative", "antes": [0]
        ,"sources": {"packSlots": [0,1]} 
    },
    {"score": 100, "type": "SoulJoker", "value": "Perkeo", "Edition": "Negative", "antes": [0,1,2]
        ,"sources": {"packSlots": [1]} 
    },
    {"score": 100, "type": "Joker", "value": "Blueprint", "Edition": "Negative", "antes": [1,2,3,4,5,6,7,8]
        ,"sources": {"packSlots": [0,1,2,3,4,5]} 
    }
  ],
  "mustNot": []
}