{
  "name": "weee",
  "description": "Negative: Hack, Wee, BP",
  "author": "ian",
  "dateCreated": "2025-09-11T05:46:12.6691000Z",
  "deck": "Plasma",
  "stake": "White",
  "must": [
    {
        "type": "joker",
        "value": "Blueprint",
        "antes": [3],
        "sources": {
            "packSlots": [0,1]
        }
    },
    {
        "type": "joker",
        "value": "WeeJoker",
        "antes": [3],
        "sources": {
            "packSlots": [1]
        }
    }
  ],
  "should": [
    
  ],
  "mustNot": []
}