{
  "name": "WeeHacker",
  "description": "2s and Aces with Strength Tarot, Wee Joker, and Hacks!",
  "author": "Loogoos",
  "dateCreated": "2025-08-31T10:03:51.5874702Z",
  "must": [
    {
      "type": "joker",
      "value": "WeeJoker",
      "antes": [1]
    }
  ],
  "should": [
    {
      "type": "SpectralCard",
      "value": "Ankh",
      "antes": [1],
      "sources": {
        "packSlots": [
          1
        ]
      },
      "score": 100
    },
    {
      "type": "joker",
      "value": "Hack",
      "label": "Ante 1 first Buffoon Pack",
      "antes": [1],
      "sources": {
        "packSlots": [
          0
        ]
      },
      "score": 100
    },
    {
      "type": "joker",
      "value": "Hack",
      "label": "Ante 2-8 Hacks",
      "antes": [2,3,4,5,6,7,8],
      "score": 40
    },
    {
      "type": "souljoker",
      "value": "Perkeo",
      "antes": [ 1,2,3,4,5,6,7,8]
    },
    {
      "type": "souljoker",
      "value": "Chicot",
      "antes": [ 1,2,3,4,5,6,7,8]
    },
    {
      "type": "souljoker",
      "value": "Triboulet",
      "antes": [ 1,2,3,4,5,6,7,8]
    },
    {
      "type": "souljoker",
      "value": "Canio",
      "antes": [ 1,2,3,4,5,6,7,8]
    },
    {
      "type": "souljoker",
      "value": "Yorick",
      "antes": [ 1,2,3,4,5,6,7,8]
    }
  ],
  "mustNot": [],
  "deck": "Erratic",
  "stake": "White"
}