{
  "name": "weee",
  "description": "Negative: Hack, Wee, BP",
  "author": "ian",
  "dateCreated": "2025-09-11T05:46:12.6691000Z",
  "deck": "Plasma",
  "stake": "White",
  "must": [
    {
        "type": "SmallBlindTag",
        "value": "NegativeTag",
        "antes": [2]
    },
    {
        "type": "SmallBlindTag",
        "value": "NegativeTag",
        "antes": [3]
    }
  ],
  "should": [
    {
        "type": "joker",
        "value": "WeeJoker",
        "antes": [2],
        "sources": {
            "shopSlots": [2,4]
        },
        "score": 2
    },
    {
        "type": "joker",
        "value": "Blueprint",
        "antes": [3],
        "sources": {
            "shopSlots": [2,4]
        },
        "score": 2
    },
    {
        "type": "joker",
        "value": "Hack",
        "antes": [3],
        "sources": {
            "shopSlots": [2,4]
        },
        "score": 2
    },
    {
        "type": "joker",
        "value": "WeeJoker",
        "edition": "Negative",
        "antes": [1,2,3],
        "sources": {
            "packSlots": [0,1,2,3,4]
        },
        "score": 10
    },
    {
        "type": "joker",
        "value": "Blueprint",
        "edition": "Negative",
        "antes": [1,2,3],
        "sources": {
            "packSlots": [0,1,2,3,4]
        },
        "score": 10
    },
    {
        "type": "joker",
        "value": "Hack",
        "edition": "Negative",
        "antes": [1,2,3],
        "sources": {
            "packSlots": [0,1,2,3,4]
        },
        "score": 10
    }
  ],
  "mustNot": []
}