{
  "name": "weehiker",
  "description": "Wee Joker and Hiker",
  "author": "Sukar", 
  "dateCreated": "2025-10-28T00:00:00.000Z",
  "deck": "Anaglyph",
  "stake": "White",
  "must": [
      {"type": "Joker", "Value": "WeeJoker", "antes": [1]},
      {"type": "Joker", "Value": "Hiker", "antes": [1,2]}
    ],
    "should": [
        {"score": 1, "type": "Joker", "Value": "Hack", "Antes": [2,3,4]},
        {"score": 1, "type": "Joker", "Value": "HangingChad", "Antes": [2,3,4]},
        {"score": 1, "type": "Joker", "Value": "Blueprint", "Antes": [2,3,4]}
    ],
    "mustNot": []
}
