{
  "name": "Weird",
  "description": "pifreak's weird idea",
  "author": "pifreak",
  "must": [
    {"type": "Tag", "value": "DoubleTag", "antes": [1]},
    {"type": "Tag", "value": "DoubleTag", "antes": [2]},
    {"type": "Tag", "value": "DoubleTag", "antes": [3,4,5,6,7]},
    {"type": "Tag", "value": "NegativeTag", "antes": [8]},
    {"type": "Joker", "value": "Showman", "antes": [1,2,3,4,5]},
    {"type": "Voucher", "Value": "Telescope", "antes": [1,2,3,4,5,6,7]},
    {"type": "Voucher", "Value": "Observatory", "antes": [2,3,4,5,6,7,8]},
    {"type": "SoulJoker", "Value": "Perkeo", "Antes": [1,2,3,4,5,6,7,8]}
],
"should": [
    {"score": 10, "type": "SoulJoker", "Value": "Perkeo", "Antes": [1,2]},
    {"score": 6, "type": "SoulJoker", "Value": "Perkeo", "Antes": [3,4,5]},
    {"score": 2, "type": "SoulJoker", "Value": "Perkeo", "Antes": [6,7,8]},
    {"score": 10, "type": "Tag", "value": "DoubleTag", "antes": [1,2,3,4,5,6,7]},
    {
        "Type": "Or",
        "Mode": "Max",
        "Score": 100,
        "Clauses": [
        {
            "Mode": "Max",
            "Type": "Or",
            "Clauses": [
                {"Type": "Joker", "Values": ["Blueprint", "Brainstorm"], "Antes": [8], "sources": {"minShopSlot": 0, "maxShopSlot": 10}},
                {"Type": "Joker", "Values": ["Blueprint", "Brainstorm"], "Antes": [8], "sources": {"minShopSlot": 10, "maxShopSlot": 20}},
                {"Type": "Joker", "Values": ["Blueprint", "Brainstorm"], "Antes": [8], "sources": {"minShopSlot": 20, "maxShopSlot": 30}},
                {"Type": "Joker", "Values": ["Blueprint", "Brainstorm"], "Antes": [8], "sources": {"minShopSlot": 30, "maxShopSlot": 40}},
                {"Type": "Joker", "Values": ["Blueprint", "Brainstorm"], "Antes": [8], "sources": {"minShopSlot": 40, "maxShopSlot": 50}},
                {"Type": "Joker", "Values": ["Blueprint", "Brainstorm"], "Antes": [8], "sources": {"minShopSlot": 50, "maxShopSlot": 60}},
                {"Type": "Joker", "Values": ["Blueprint", "Brainstorm"], "Antes": [8], "sources": {"minShopSlot": 60, "maxShopSlot": 70}},
                {"Type": "Joker", "Values": ["Blueprint", "Brainstorm"], "Antes": [8], "sources": {"minShopSlot": 70, "maxShopSlot": 80}},
                {"Type": "Joker", "Values": ["Blueprint", "Brainstorm"], "Antes": [8], "sources": {"minShopSlot": 80, "maxShopSlot": 90}},
                {"Type": "Joker", "Values": ["Blueprint", "Brainstorm"], "Antes": [8], "sources": {"minShopSlot": 90, "maxShopSlot": 100}},
                {"Type": "Joker", "Values": ["Blueprint", "Brainstorm"], "Antes": [8], "sources": {"minShopSlot": 100, "maxShopSlot": 110}},
                {"Type": "Joker", "Values": ["Blueprint", "Brainstorm"], "Antes": [8], "sources": {"minShopSlot": 110, "maxShopSlot": 120}},
                {"Type": "Joker", "Values": ["Blueprint", "Brainstorm"], "Antes": [8], "sources": {"minShopSlot": 120, "maxShopSlot": 130}},
                {"Type": "Joker", "Values": ["Blueprint", "Brainstorm"], "Antes": [8], "sources": {"minShopSlot": 130, "maxShopSlot": 140}},
                {"Type": "Joker", "Values": ["Blueprint", "Brainstorm"], "Antes": [8], "sources": {"minShopSlot": 140, "maxShopSlot": 150}}
            ]
        }
        ]
    },
    {"Type": "Joker", "Values": ["Blueprint", "Brainstorm"], "Antes": [8], "sources": {"minShopSlot": 0, "maxShopSlot": 10}}
  ],
  "mustNot": [],
  "deck": "Anaglyph",
  "stake": "Black"
}