{
  "name": "mb2",
  "description": "No description",
  "author": "Wheatcoin",
  "dateCreated": "2025-08-29T10:03:51.5874702Z",
  "must": [
    {
      "type": "souljoker",
      "value": "Perkeo",
      "edition": "Negative",
      "antes": [
        1,
        2
      ],
      "sources": {
        "packSlots": [
          0,
          1,
          2,
          3
        ]
      }
    },
    {
      "type": "joker",
      "value": "Blueprint",
      "edition": "Negative",
      "antes": [
        1,
        2
      ],
      "sources": {
        "shopSlots": [
          0,
          1,
          2,
          3
        ],
        "packSlots": [
          0,
          1,
          2,
          3
        ]
      }
    },
    {
      "type": "joker",
      "value": "InvisibleJoker",
      "antes": [
        1,
        2,
        3,
        4,
        5,
        6,
        7,
        8
      ],
      "sources": {
        "shopSlots": [
          0,
          1,
          2,
          3
        ],
        "packSlots": [
          0,
          1,
          2,
          3
        ]
      }
    },
    {
      "type": "joker",
      "value": "Brainstorm",
      "antes": [
        1,
        2,
        3,
        4,
        5,
        6,
        7,
        8
      ],
      "sources": {
        "shopSlots": [
          0,
          1,
          2,
          3
        ],
        "packSlots": [
          0,
          1,
          2,
          3
        ]
      }
    }
  ],
  "should": [
    {
      "type": "joker",
      "value": "Mime",
      "antes": [
        1,
        2,
        3,
        4,
        5,
        6,
        7,
        8
      ],
      "sources": {
        "shopSlots": [
          0,
          1,
          2,
          3
        ],
        "packSlots": [
          0,
          1,
          2,
          3
        ]
      },
      "score": 1
    },
    {
      "type": "joker",
      "value": "Baron",
      "antes": [
        1,
        2,
        3,
        4,
        5,
        6,
        7,
        8
      ],
      "sources": {
        "shopSlots": [
          0,
          1,
          2,
          3
        ],
        "packSlots": [
          0,
          1,
          2,
          3
        ]
      },
      "score": 1
    },
    {
      "type": "joker",
      "value": "DNA",
      "antes": [
        1,
        2,
        3,
        4,
        5,
        6,
        7,
        8
      ],
      "sources": {
        "shopSlots": [
          0,
          1,
          2,
          3
        ],
        "packSlots": [
          0,
          1,
          2,
          3
        ]
      },
      "score": 1
    },
    {
      "type": "joker",
      "value": "Showman",
      "antes": [
        1,
        2,
        3,
        4,
        5,
        6,
        7,
        8
      ],
      "sources": {
        "shopSlots": [
          0,
          1,
          2,
          3
        ],
        "packSlots": [
          0,
          1,
          2,
          3
        ]
      },
      "score": 1
    }
  ],
  "mustNot": [],
  "deck": "Red",
  "stake": "White"
}