{
  "name": "Matadoor Money",
  "description": "Wildcard Smeared Ancient Joker? Matador for money. Antes 1-4 are the suit-disabling bosses!",
  "author": "pifreak",
  "dateCreated": "2025-11-22T10:03:51.5874702Z",
  "deck": "anaglyph",
  "stake": "white",
  "must": [
    {
      "type": "Joker",
      "Value": "Showman",
      "antes": [1]
    },    {
      "type": "Joker",
      "Value": "Swashbuckler",
      "antes": [1]
    }

  ],
  "should": [
    {
      "type": "Joker",
      "value": "Egg",
      "antes": [1, 2, 3, 4, 5, 6]
    }, {
      "type": "Joker",
      "value": "Egg",
       "antes": [1, 2, 3, 4, 5, 6],
      "Edition": "Negative"
    },{
      "type": "Joker",
      "value": "GiftCard",
      "antes": [1, 2, 3, 4, 5, 6]
    }, {
      "type": "Joker",
      "value": "GiftCard",
       "antes": [1, 2, 3, 4, 5, 6],
      "Edition": "Negative"
    }


  ],
  "mustNot": []
}
