{
  "name": "Wraith (In-Hand)",
  "description": "Find Wraith in shop! Score by spectral cards.",
  "author": "pifreak",
  "dateCreated": "2025-09-27T05:46:12.6691000Z",
  "must": [
    {"type": "SmallBlindTag", "Value": "InvestmentTag", "Antes": [1]},
    {"type": "BigBlindTag", "Value": "InvestmentTag", "Antes": [1]},

    {"type": "SoulJoker", "Value": "Triboulet", "antes": [2], "packSlots": [0,1], "requireMega": true},
    {"type": "SpectralCard", "Value": "Ankh", "antes": [2], "packSlots": [0,1], "requireMega": true},
    {"type": "Joker", "Values": ["Blueprint", "Brainstorm", "MidasMask", "Vampire", "Pareidolia"], "antes": [2], "packSlots": [0,1], "requireMega": true},
    {"type": "Joker", "Value": "Blueprint", "antes": [2], "packSlots": [0,1], "requireMega": true}
],
  "should": [
    {"score": 1, "type": "SpectralCard", "Value": "Any", "antes": [0,1,2,3,4], "shopSlots": [0,1,2,3,4]},
    {"score": 1, "type": "Joker", "Values": ["Blueprint", "Brainstorm", "InvisibleJoker", "Baron", "Mime"] },
    {"score": 100, "type": "Joker", "Values": ["Blueprint", "Brainstorm", "InvisibleJoker", "Baron", "Mime"], "edition": "Negative"},
    
    {"score": 25, "type": "SoulJoker", "Value": "Any", "edition": "Negative"}
   ],
  "mustNot": [],
  "deck": "Ghost",
  "stake": "Black"
}