{
  "name": "DinoNugget$$$",
  "description": "Dino loves to invest in Dino Stonks.",
  "author": "pifreak",
  "dateCreated": "2025-09-27T05:46:12.6691000Z",
  "must": [
    {"type": "SmallBlindTag", "Value": "Investment", "antes": [1]},
    {"type": "BigBlindTag", "Value": "Investment", "antes": [1]},
    {"type": "BigBlindTag", "Value": "Investment", "antes": [2]},
    {"type": "SoulJoker", "value": "Perkeo", "antes": [2], "packSlots": [0,1], "requireMega": "true"},
    {"type": "SpectralCard", "value": "Ankh", "antes": [2], "packSlots": [0,1], "requireMega": "true"},
    {"type": "Joker", "value": "AnyUncommon", "antes": [2], "packSlots": [0,1]}
  ],
  "should": [
    {"score": 10, "type": "Tag", "Value": "Investment", "antes": [1,3,4,5,6]},
    {"score": 1, "type": "Tag", "Value": "Investment", "antes": [7,8,9,10]}
],
  "mustNot": [],
  "deck": "Ghost",
  "stake": "Black"
}