{
  "name": "Crystaleo",
  "description": "Perkeo and Crystal Ball",
  "author": "Zedd",
  "dateCreated": "2025-10-05T05:46:12.6691000Z",
  "must": [
    {"type": "Tag", "value": "CharmTag", "antes": [1]},
    {"type": "SoulJoker", "Value": "Perkeo", "Antes": [1], "packSlots": [1]},
    {"type": "TarotCard", "Value": "Temperance", "Antes": [1], "ShopSlots": [1]},
    {"type": "Voucher", "value": "CrystalBall", "antes": [1]}
  ],
  "should": [
    {"type": "SoulJoker", "Value": "Perkeo", "Edition": "Negative", "Antes": [1]},
    {"type": "Joker", "value": "Blueprint", "Antes": [2,3,4], "packSlots": [0]}
],

  "mustNot": [],
  "deck": "Ghost",
  "stake": "Black"
}