{
  "name": "YtipleDice",
  "description": "idol for the 10 of spades glitched decks",
  "author": "pifreak",
  "must": [
    {"type": "Voucher", "Value": "Hieroglyph", "antes": [1]},
    {"type": "Joker", "Value": "Showman", "antes": [1,2,3,4,5,6,7,8]}
  ],
  "should": [
    {"type": "SpectralCard", "Value": "Ankh", "antes": [0,1,2,3], "shopSlots": [0,1,2,3]},
    {"type": "SpectralCard", "Value": "Cryptid", "antes": [0,1,2,3], "shopSlots": [0,1,2,3]},
    {"type": "SpectralCard", "Value": "Immolate", "antes": [0,1,2,3], "shopSlots": [0,1,2,3]},
    {"score": 4, "type": "SoulJoker", "Edition": "Negative", "Value": "Perkeo", "antes": [0,1,2]},
    {"score": 4, "type": "SoulJoker", "Edition": "Negative", "Value": "Canio", "antes": [0,1,2]},
    {"score": 4, "type": "SoulJoker", "Edition": "Negative", "Value": "Triboulet", "antes": [0,1,2]},
    {"score": 4, "type": "SoulJoker", "Edition": "Negative", "Value": "Yorick", "antes": [0,1,2]},
    {"score": 4, "type": "SoulJoker", "Edition": "Negative", "Value": "Chicot", "antes": [0,1,2]},
    {"score": 2, "type": "Joker", "Edition": "Negative", "Value": "AnyRare", "antes": [0,1,2,3,4,5,6,7,8]},
    {"score": 2, "type": "Joker", "Edition": "Negative", "Value": "AnyUncommon", "antes": [0,1,2,3,4,5,6,7,8]},
    {"score": 2, "type": "Joker", "Edition": "Negative", "Value": "AnyCommon", "antes": [0,1,2,3,4,5,6,7,8]},
    {"score": 5, "type": "Joker", "Edition": "Negative", "Value": "OopsAll6s", "antes": [1,2,3,4,5,6,7,8]},
    {"score": 5, "type": "Joker", "Edition": "Negative", "Value": "Blueprint", "antes": [1,2,3,4,5,6,7,8]},
    {"score": 5, "type": "Joker", "Edition": "Negative", "Value": "Brainstorm", "antes": [1,2,3,4,5,6,7,8]},
    {"score": 5, "type": "Joker", "Edition": "Negative", "Value": "InvisibleJoker", "antes": [1,2,3,4,5,6,7,8]},
    {"score": 5, "type": "Joker", "Edition": "Negative", "Value": "HangingChad", "antes": [1,2,3,4,5,6,7,8]},
    {"score": 5, "type": "Joker", "Edition": "Negative", "Value": "Photograph", "antes": [1,2,3,4,5,6,7,8]},
    {"score": 5, "type": "Joker", "Edition": "Negative", "Value": "Mime", "antes": [1,2,3,4,5,6,7,8]},
    {"score": 5, "type": "Joker", "Edition": "Negative", "Value": "baron", "antes": [1,2,3,4,5,6,7,8]},


    {"score": 1, "type": "Joker", "Value": "Blueprint", "antes": [1,2,3,4,5,6,7,8]},
    {"score": 1, "type": "Joker", "Value": "Brainstorm", "antes": [1,2,3,4,5,6,7,8]},
    {"score": 1, "type": "Joker", "Value": "InvisibleJoker", "antes": [1,2,3,4,5,6,7,8]},
    {"score": 1, "type": "Joker", "Value": "HangingChad", "antes": [1,2,3,4,5,6,7,8]},
    {"score": 1, "type": "Joker", "Value": "Photograph", "antes": [1,2,3,4,5,6,7,8]},
    {"score": 1, "type": "Joker", "Value": "Mime", "antes": [1,2,3,4,5,6,7,8]},
    {"score": 1, "type": "Joker", "Value": "baron", "antes": [1,2,3,4,5,6,7,8]},


    {"score": 1, "type": "Joker", "Values": ["Blueprint", "Brainstorm", "InvisibleJoker"], "antes": [0,1]}
  ],
  "mustNot": [],
  "deck": "Ghost",
  "stake": "White"
}