{
  "name": "Zoops",
  "description": "Get a Negative Oops! All 6s from Ante 0.",
  "author": "test",
  "dateCreated": "2025-10-03T00:00:00Z",
  "deck": "Ghost",
  "stake": "Black",
  "must": [
    {"type":"SoulJoker", "Value": "Any", "Edition": "Negative", "Antes": [0,1], "packSlots": [0,1,2,3]},
    {"type":"SoulJoker", "Value": "Any", "Antes": [0,1], "packSlots": [0,1,2,3]},
    {"type": "Voucher", "value": "Hieroglyph", "antes": [1]}
  ],
  "should": [
    {"score": 110, "type": "Joker", "Value": "MidasMask", "Antes": [1,2,3]},
    {"score": 110, "type": "Joker", "Value": "Vampire", "Antes": [1,2,3]},
    {"score": 190, "type": "Joker", "Edition": "Negative", "Value": "MidasMask", "Antes": [0,1,2,3]},
    {"score": 190, "type": "Joker", "Edition": "Negative", "Value": "Vampire", "Antes": [0,1,2,3]},
    {"score": 100, "type": "SoulJoker", "Value": "Any", "Edition": "Negative", "Antes": [1]},
    {"score": 99, "type": "SoulJoker", "Value": "Any", "Edition": "Negative", "Antes": [2]},
    {"score": 98, "type": "SoulJoker", "Value": "Any", "Edition": "Negative", "Antes": [3]},
    {"score": 97, "type": "SoulJoker", "Value": "Any", "Edition": "Negative", "Antes": [4]},
    {"score": 96, "type": "SoulJoker", "Value": "Any", "Edition": "Negative", "Antes": [5]},
    {"score": 95, "type": "SoulJoker", "Value": "Any", "Edition": "Negative", "Antes": [6]},
    {"score": 94, "type": "SoulJoker", "Value": "Any", "Edition": "Negative", "Antes": [7]},
    {"score": 93, "type": "SoulJoker", "Value": "Any", "Edition": "Negative", "Antes": [8]},

    {"score": 90, "type": "SoulJoker", "Value": "Any", "Edition": "Negative", "Antes": [9]},
    {"score": 90, "type": "SoulJoker", "Value": "Any", "Edition": "Negative", "Antes": [10]},
    {"score": 80, "type": "SoulJoker", "Value": "Any", "Edition": "Negative", "Antes": [11]},
    {"score": 80, "type": "SoulJoker", "Value": "Any", "Edition": "Negative", "Antes": [12]},
    {"score": 70, "type": "SoulJoker", "Value": "Any", "Edition": "Negative", "Antes": [13]},
    {"score": 70, "type": "SoulJoker", "Value": "Any", "Edition": "Negative", "Antes": [14]},
    {"score": 60, "type": "SoulJoker", "Value": "Any", "Edition": "Negative", "Antes": [15]},
    {"score": 45, "type": "SoulJoker", "Value": "Any", "Edition": "Negative", "Antes": [16]},
    {"score": 20, "type": "SoulJoker", "Value": "Any", "Edition": "Negative", "Antes": [17]},


    {"score": 10, "type": "Joker", "Value": "AnyUncommon", "Edition": "Negative", "Antes": [1]},
    {"score": 9,  "type": "Joker", "Value": "AnyUncommon", "Edition": "Negative", "Antes": [2]},
    {"score": 8,  "type": "Joker", "Value": "AnyUncommon", "Edition": "Negative", "Antes": [3]},
    {"score": 7,  "type": "Joker", "Value": "AnyUncommon", "Edition": "Negative", "Antes": [4]},
    {"score": 1,  "type": "Joker", "Value": "AnyUncommon", "Edition": "Negative", "Antes": [5]},
    {"score": 1,  "type": "Joker", "Value": "AnyUncommon", "Edition": "Negative", "Antes": [6]},
    {"score": 1,  "type": "Joker", "Value": "AnyUncommon", "Edition": "Negative", "Antes": [7]},
    {"score": 1,  "type": "Joker", "Value": "AnyUncommon", "Edition": "Negative", "Antes": [8]}
  ],
  "mustNot": []
}